payment_id,customer_id,benchmark_case,payment_amount_usd,matched_invoice_ids,applied_amount_usd,residual_amount_usd,status,match_method,confidence,exception_code,reason,is_duplicate_record
NET-P001-06,NET-C001,MISSING_REMITTANCE,3656.69,,0.0,3656.69,MANUAL_REVIEW,UNMATCHED,0.0,UNMATCHED_CASH,No deterministic match found,False
NET-P003-08,NET-C003,SHORT_PAY_DEDUCTION,4460.18,,0.0,4460.18,MANUAL_REVIEW,UNMATCHED,0.0,UNMATCHED_CASH,No deterministic match found,False
NET-P005-02,NET-C005,PARTIAL,1920.15,,0.0,1920.15,MANUAL_REVIEW,UNMATCHED,0.0,UNMATCHED_CASH,No deterministic match found,False
NET-P005-04,NET-C005,ONE_PAYMENT_MULTI_INVOICE,7618.3,,0.0,7618.3,MANUAL_REVIEW,UNMATCHED,0.0,UNMATCHED_CASH,No deterministic match found,False
NET-P007-03,NET-C007,OVERPAYMENT,3702.74,,0.0,3702.74,MANUAL_REVIEW,UNMATCHED,0.0,UNMATCHED_CASH,No deterministic match found,False
NET-P012-04,NET-C012,ONE_PAYMENT_MULTI_INVOICE,9402.13,,0.0,9402.13,MANUAL_REVIEW,UNMATCHED,0.0,UNMATCHED_CASH,No deterministic match found,False
NET-P012-05A,NET-C012,MULTI_PAYMENT_ONE_INVOICE,2395.43,,0.0,2395.43,MANUAL_REVIEW,UNMATCHED,0.0,UNMATCHED_CASH,No deterministic match found,False
NET-P013-02,NET-C013,PARTIAL,2563.76,,0.0,2563.76,MANUAL_REVIEW,UNMATCHED,0.0,UNMATCHED_CASH,No deterministic match found,False
NET-P015-06,NET-C015,MISSING_REMITTANCE,5956.87,,0.0,5956.87,MANUAL_REVIEW,UNMATCHED,0.0,UNMATCHED_CASH,No deterministic match found,False
NET-P016-01,NET-C016,EXACT,4376.45,NET-I016-01,4376.45,0.0,AUTO_MATCHED,EXACT_REFERENCE_AMOUNT,1.0,,"Exact invoice reference, currency, and amount",False
NET-P016-06,NET-C016,MISSING_REMITTANCE,5641.47,,0.0,5641.47,MANUAL_REVIEW,UNMATCHED,0.0,UNMATCHED_CASH,No deterministic match found,False
NET-P018-02,NET-C018,PARTIAL,3185.95,,0.0,3185.95,MANUAL_REVIEW,UNMATCHED,0.0,UNMATCHED_CASH,No deterministic match found,False
ORA-P001-07,ORA-C001,CURRENCY_TOLERANCE,4038.78,,0.0,4038.78,MANUAL_REVIEW,UNMATCHED,0.0,UNMATCHED_CASH,No deterministic match found,False
ORA-P001-09,ORA-C001,UNMATCHED_CASH,3926.99,,0.0,3926.99,MANUAL_REVIEW,UNMATCHED,0.0,UNMATCHED_CASH,No deterministic match found,False
ORA-P006-06,ORA-C006,MISSING_REMITTANCE,4655.77,,0.0,4655.77,MANUAL_REVIEW,UNMATCHED,0.0,UNMATCHED_CASH,No deterministic match found,False
ORA-P013-04,ORA-C013,ONE_PAYMENT_MULTI_INVOICE,9274.79,,0.0,9274.79,MANUAL_REVIEW,UNMATCHED,0.0,UNMATCHED_CASH,No deterministic match found,False
ORA-P015-05A,ORA-C015,MULTI_PAYMENT_ONE_INVOICE,2391.24,,0.0,2391.24,MANUAL_REVIEW,UNMATCHED,0.0,UNMATCHED_CASH,No deterministic match found,False
ORA-P016-02,ORA-C016,PARTIAL,2771.44,,0.0,2771.44,MANUAL_REVIEW,UNMATCHED,0.0,UNMATCHED_CASH,No deterministic match found,False
ORA-P016-05B,ORA-C016,MULTI_PAYMENT_ONE_INVOICE,3026.44,,0.0,3026.44,MANUAL_REVIEW,UNMATCHED,0.0,UNMATCHED_CASH,No deterministic match found,False
ORA-P016-09,ORA-C016,UNMATCHED_CASH,5218.95,,0.0,5218.95,MANUAL_REVIEW,UNMATCHED,0.0,UNMATCHED_CASH,No deterministic match found,False
ORA-P017-05B,ORA-C017,MULTI_PAYMENT_ONE_INVOICE,3202.7,,0.0,3202.7,MANUAL_REVIEW,UNMATCHED,0.0,UNMATCHED_CASH,No deterministic match found,False
ORA-P017-09,ORA-C017,UNMATCHED_CASH,5628.68,,0.0,5628.68,MANUAL_REVIEW,UNMATCHED,0.0,UNMATCHED_CASH,No deterministic match found,False
ORA-P018-01,ORA-C018,EXACT,4723.2,ORA-I018-01,4723.2,0.0,AUTO_MATCHED,EXACT_REFERENCE_AMOUNT,1.0,,"Exact invoice reference, currency, and amount",False
ORA-P018-01-DUP,ORA-C018,DUPLICATE_PAYMENT,4723.2,,0.0,0.0,MANUAL_REVIEW,DUPLICATE_DETECTED,0.0,DUPLICATE_PAYMENT,Repeated bank transaction identifier,True
SAP-P002-08,SAP-C002,SHORT_PAY_DEDUCTION,4562.66,,0.0,4562.66,MANUAL_REVIEW,UNMATCHED,0.0,UNMATCHED_CASH,No deterministic match found,False
SAP-P003-04,SAP-C003,ONE_PAYMENT_MULTI_INVOICE,7019.15,,0.0,7019.15,MANUAL_REVIEW,UNMATCHED,0.0,UNMATCHED_CASH,No deterministic match found,False
SAP-P003-05A,SAP-C003,MULTI_PAYMENT_ONE_INVOICE,1818.24,,0.0,1818.24,MANUAL_REVIEW,UNMATCHED,0.0,UNMATCHED_CASH,No deterministic match found,False
SAP-P005-02,SAP-C005,PARTIAL,2129.97,,0.0,2129.97,MANUAL_REVIEW,UNMATCHED,0.0,UNMATCHED_CASH,No deterministic match found,False
SAP-P009-02,SAP-C009,PARTIAL,2466.01,,0.0,2466.01,MANUAL_REVIEW,UNMATCHED,0.0,UNMATCHED_CASH,No deterministic match found,False
SAP-P009-07,SAP-C009,CURRENCY_TOLERANCE,5478.61,,0.0,5478.61,MANUAL_REVIEW,UNMATCHED,0.0,UNMATCHED_CASH,No deterministic match found,False
SAP-P010-02,SAP-C010,PARTIAL,2266.07,,0.0,2266.07,MANUAL_REVIEW,UNMATCHED,0.0,UNMATCHED_CASH,No deterministic match found,False
SAP-P010-05A,SAP-C010,MULTI_PAYMENT_ONE_INVOICE,2010.09,,0.0,2010.09,MANUAL_REVIEW,UNMATCHED,0.0,UNMATCHED_CASH,No deterministic match found,False
SAP-P012-06,SAP-C012,MISSING_REMITTANCE,5046.0,,0.0,5046.0,MANUAL_REVIEW,UNMATCHED,0.0,UNMATCHED_CASH,No deterministic match found,False
SAP-P015-01,SAP-C015,EXACT,4636.5,SAP-I015-01,4636.5,0.0,AUTO_MATCHED,EXACT_REFERENCE_AMOUNT,1.0,,"Exact invoice reference, currency, and amount",False
SAP-P015-01-DUP,SAP-C015,DUPLICATE_PAYMENT,4636.5,,0.0,0.0,MANUAL_REVIEW,DUPLICATE_DETECTED,0.0,DUPLICATE_PAYMENT,Repeated bank transaction identifier,True
SAP-P016-09,SAP-C016,UNMATCHED_CASH,5491.48,,0.0,5491.48,MANUAL_REVIEW,UNMATCHED,0.0,UNMATCHED_CASH,No deterministic match found,False
SAP-P018-04,SAP-C018,ONE_PAYMENT_MULTI_INVOICE,11156.89,,0.0,11156.89,MANUAL_REVIEW,UNMATCHED,0.0,UNMATCHED_CASH,No deterministic match found,False
NET-P001-03,NET-C001,OVERPAYMENT,3178.5,,0.0,3178.5,MANUAL_REVIEW,UNMATCHED,0.0,UNMATCHED_CASH,No deterministic match found,False
NET-P001-09,NET-C001,UNMATCHED_CASH,3445.84,,0.0,3445.84,MANUAL_REVIEW,UNMATCHED,0.0,UNMATCHED_CASH,No deterministic match found,False
NET-P002-08,NET-C002,SHORT_PAY_DEDUCTION,4318.32,,0.0,4318.32,MANUAL_REVIEW,UNMATCHED,0.0,UNMATCHED_CASH,No deterministic match found,False
NET-P002-09,NET-C002,UNMATCHED_CASH,3968.03,,0.0,3968.03,MANUAL_REVIEW,UNMATCHED,0.0,UNMATCHED_CASH,No deterministic match found,False
NET-P003-06,NET-C003,MISSING_REMITTANCE,3726.37,,0.0,3726.37,MANUAL_REVIEW,UNMATCHED,0.0,UNMATCHED_CASH,No deterministic match found,False
NET-P004-03,NET-C004,OVERPAYMENT,3227.79,,0.0,3227.79,MANUAL_REVIEW,UNMATCHED,0.0,UNMATCHED_CASH,No deterministic match found,False
NET-P004-05B,NET-C004,MULTI_PAYMENT_ONE_INVOICE,2284.23,,0.0,2284.23,MANUAL_REVIEW,UNMATCHED,0.0,UNMATCHED_CASH,No deterministic match found,False
NET-P004-08,NET-C004,SHORT_PAY_DEDUCTION,4222.12,,0.0,4222.12,MANUAL_REVIEW,UNMATCHED,0.0,UNMATCHED_CASH,No deterministic match found,False
NET-P006-05A,NET-C006,MULTI_PAYMENT_ONE_INVOICE,2008.95,,0.0,2008.95,MANUAL_REVIEW,UNMATCHED,0.0,UNMATCHED_CASH,No deterministic match found,False
NET-P010-05B,NET-C010,MULTI_PAYMENT_ONE_INVOICE,2746.33,,0.0,2746.33,MANUAL_REVIEW,UNMATCHED,0.0,UNMATCHED_CASH,No deterministic match found,False
NET-P010-08,NET-C010,SHORT_PAY_DEDUCTION,5628.73,,0.0,5628.73,MANUAL_REVIEW,UNMATCHED,0.0,UNMATCHED_CASH,No deterministic match found,False
NET-P012-01,NET-C012,EXACT,4138.47,NET-I012-01,4138.47,0.0,AUTO_MATCHED,EXACT_REFERENCE_AMOUNT,1.0,,"Exact invoice reference, currency, and amount",False
NET-P012-01-DUP,NET-C012,DUPLICATE_PAYMENT,4138.47,,0.0,0.0,MANUAL_REVIEW,DUPLICATE_DETECTED,0.0,DUPLICATE_PAYMENT,Repeated bank transaction identifier,True
NET-P013-06,NET-C013,MISSING_REMITTANCE,5442.14,,0.0,5442.14,MANUAL_REVIEW,UNMATCHED,0.0,UNMATCHED_CASH,No deterministic match found,False
NET-P015-04,NET-C015,ONE_PAYMENT_MULTI_INVOICE,10585.9,,0.0,10585.9,MANUAL_REVIEW,UNMATCHED,0.0,UNMATCHED_CASH,No deterministic match found,False
NET-P017-01,NET-C017,EXACT,4963.91,NET-I017-01,4963.91,0.0,AUTO_MATCHED,EXACT_REFERENCE_AMOUNT,1.0,,"Exact invoice reference, currency, and amount",False
ORA-P003-05A,ORA-C003,MULTI_PAYMENT_ONE_INVOICE,1795.98,,0.0,1795.98,MANUAL_REVIEW,UNMATCHED,0.0,UNMATCHED_CASH,No deterministic match found,False
ORA-P003-07,ORA-C003,CURRENCY_TOLERANCE,5022.67,,0.0,5022.67,MANUAL_REVIEW,UNMATCHED,0.0,UNMATCHED_CASH,No deterministic match found,False
ORA-P009-05B,ORA-C009,MULTI_PAYMENT_ONE_INVOICE,2501.0,,0.0,2501.0,MANUAL_REVIEW,UNMATCHED,0.0,UNMATCHED_CASH,No deterministic match found,False
ORA-P012-07,ORA-C012,CURRENCY_TOLERANCE,6344.91,,0.0,6344.91,MANUAL_REVIEW,UNMATCHED,0.0,UNMATCHED_CASH,No deterministic match found,False
SAP-P004-05A,SAP-C004,MULTI_PAYMENT_ONE_INVOICE,1792.97,,0.0,1792.97,MANUAL_REVIEW,UNMATCHED,0.0,UNMATCHED_CASH,No deterministic match found,False
SAP-P004-06,SAP-C004,MISSING_REMITTANCE,4427.55,,0.0,4427.55,MANUAL_REVIEW,UNMATCHED,0.0,UNMATCHED_CASH,No deterministic match found,False
SAP-P004-08,SAP-C004,SHORT_PAY_DEDUCTION,4624.2,,0.0,4624.2,MANUAL_REVIEW,UNMATCHED,0.0,UNMATCHED_CASH,No deterministic match found,False
SAP-P005-05A,SAP-C005,MULTI_PAYMENT_ONE_INVOICE,1942.08,,0.0,1942.08,MANUAL_REVIEW,UNMATCHED,0.0,UNMATCHED_CASH,No deterministic match found,False
SAP-P008-05A,SAP-C008,MULTI_PAYMENT_ONE_INVOICE,2031.3,,0.0,2031.3,MANUAL_REVIEW,UNMATCHED,0.0,UNMATCHED_CASH,No deterministic match found,False
SAP-P012-05B,SAP-C012,MULTI_PAYMENT_ONE_INVOICE,2634.91,,0.0,2634.91,MANUAL_REVIEW,UNMATCHED,0.0,UNMATCHED_CASH,No deterministic match found,False
SAP-P013-05B,SAP-C013,MULTI_PAYMENT_ONE_INVOICE,2739.71,,0.0,2739.71,MANUAL_REVIEW,UNMATCHED,0.0,UNMATCHED_CASH,No deterministic match found,False
SAP-P014-05A,SAP-C014,MULTI_PAYMENT_ONE_INVOICE,2510.47,,0.0,2510.47,MANUAL_REVIEW,UNMATCHED,0.0,UNMATCHED_CASH,No deterministic match found,False
NET-P002-02,NET-C002,PARTIAL,1567.23,,0.0,1567.23,MANUAL_REVIEW,UNMATCHED,0.0,UNMATCHED_CASH,No deterministic match found,False
NET-P003-02,NET-C003,PARTIAL,1987.52,,0.0,1987.52,MANUAL_REVIEW,UNMATCHED,0.0,UNMATCHED_CASH,No deterministic match found,False
NET-P003-04,NET-C003,ONE_PAYMENT_MULTI_INVOICE,7277.83,,0.0,7277.83,MANUAL_REVIEW,UNMATCHED,0.0,UNMATCHED_CASH,No deterministic match found,False
NET-P004-02,NET-C004,PARTIAL,1977.43,,0.0,1977.43,MANUAL_REVIEW,UNMATCHED,0.0,UNMATCHED_CASH,No deterministic match found,False
NET-P005-07,NET-C005,CURRENCY_TOLERANCE,5098.21,,0.0,5098.21,MANUAL_REVIEW,UNMATCHED,0.0,UNMATCHED_CASH,No deterministic match found,False
NET-P006-05B,NET-C006,MULTI_PAYMENT_ONE_INVOICE,2455.39,,0.0,2455.39,MANUAL_REVIEW,UNMATCHED,0.0,UNMATCHED_CASH,No deterministic match found,False
NET-P008-08,NET-C008,SHORT_PAY_DEDUCTION,5185.67,,0.0,5185.67,MANUAL_REVIEW,UNMATCHED,0.0,UNMATCHED_CASH,No deterministic match found,False
NET-P010-07,NET-C010,CURRENCY_TOLERANCE,5950.48,,0.0,5950.48,MANUAL_REVIEW,UNMATCHED,0.0,UNMATCHED_CASH,No deterministic match found,False
NET-P011-05A,NET-C011,MULTI_PAYMENT_ONE_INVOICE,2315.4,,0.0,2315.4,MANUAL_REVIEW,UNMATCHED,0.0,UNMATCHED_CASH,No deterministic match found,False
NET-P011-06,NET-C011,MISSING_REMITTANCE,4956.32,,0.0,4956.32,MANUAL_REVIEW,UNMATCHED,0.0,UNMATCHED_CASH,No deterministic match found,False
NET-P013-01,NET-C013,EXACT,4214.7,NET-I013-01,4214.7,0.0,AUTO_MATCHED,EXACT_REFERENCE_AMOUNT,1.0,,"Exact invoice reference, currency, and amount",False
NET-P014-02,NET-C014,PARTIAL,2586.49,,0.0,2586.49,MANUAL_REVIEW,UNMATCHED,0.0,UNMATCHED_CASH,No deterministic match found,False
NET-P014-05B,NET-C014,MULTI_PAYMENT_ONE_INVOICE,3039.96,,0.0,3039.96,MANUAL_REVIEW,UNMATCHED,0.0,UNMATCHED_CASH,No deterministic match found,False
NET-P016-09,NET-C016,UNMATCHED_CASH,5512.62,,0.0,5512.62,MANUAL_REVIEW,UNMATCHED,0.0,UNMATCHED_CASH,No deterministic match found,False
NET-P017-06,NET-C017,MISSING_REMITTANCE,6199.47,,0.0,6199.47,MANUAL_REVIEW,UNMATCHED,0.0,UNMATCHED_CASH,No deterministic match found,False
ORA-P002-06,ORA-C002,MISSING_REMITTANCE,4045.21,,0.0,4045.21,MANUAL_REVIEW,UNMATCHED,0.0,UNMATCHED_CASH,No deterministic match found,False
ORA-P003-04,ORA-C003,ONE_PAYMENT_MULTI_INVOICE,7239.62,,0.0,7239.62,MANUAL_REVIEW,UNMATCHED,0.0,UNMATCHED_CASH,No deterministic match found,False
ORA-P004-06,ORA-C004,MISSING_REMITTANCE,3934.71,,0.0,3934.71,MANUAL_REVIEW,UNMATCHED,0.0,UNMATCHED_CASH,No deterministic match found,False
ORA-P005-08,ORA-C005,SHORT_PAY_DEDUCTION,4575.96,,0.0,4575.96,MANUAL_REVIEW,UNMATCHED,0.0,UNMATCHED_CASH,No deterministic match found,False
ORA-P006-07,ORA-C006,CURRENCY_TOLERANCE,5419.98,,0.0,5419.98,MANUAL_REVIEW,UNMATCHED,0.0,UNMATCHED_CASH,No deterministic match found,False
ORA-P007-01,ORA-C007,EXACT,3434.25,ORA-I007-01,3434.25,0.0,AUTO_MATCHED,EXACT_REFERENCE_AMOUNT,1.0,,"Exact invoice reference, currency, and amount",False
ORA-P010-05B,ORA-C010,MULTI_PAYMENT_ONE_INVOICE,2607.12,,0.0,2607.12,MANUAL_REVIEW,UNMATCHED,0.0,UNMATCHED_CASH,No deterministic match found,False
ORA-P012-03,ORA-C012,OVERPAYMENT,4743.7,,0.0,4743.7,MANUAL_REVIEW,UNMATCHED,0.0,UNMATCHED_CASH,No deterministic match found,False
ORA-P013-05B,ORA-C013,MULTI_PAYMENT_ONE_INVOICE,2808.27,,0.0,2808.27,MANUAL_REVIEW,UNMATCHED,0.0,UNMATCHED_CASH,No deterministic match found,False
SAP-P005-01,SAP-C005,EXACT,3363.45,SAP-I005-01,3363.45,0.0,AUTO_MATCHED,EXACT_REFERENCE_AMOUNT,1.0,,"Exact invoice reference, currency, and amount",False
SAP-P006-02,SAP-C006,PARTIAL,1968.4,,0.0,1968.4,MANUAL_REVIEW,UNMATCHED,0.0,UNMATCHED_CASH,No deterministic match found,False
SAP-P007-02,SAP-C007,PARTIAL,1954.49,,0.0,1954.49,MANUAL_REVIEW,UNMATCHED,0.0,UNMATCHED_CASH,No deterministic match found,False
SAP-P007-03,SAP-C007,OVERPAYMENT,3650.15,,0.0,3650.15,MANUAL_REVIEW,UNMATCHED,0.0,UNMATCHED_CASH,No deterministic match found,False
SAP-P011-04,SAP-C011,ONE_PAYMENT_MULTI_INVOICE,9642.85,,0.0,9642.85,MANUAL_REVIEW,UNMATCHED,0.0,UNMATCHED_CASH,No deterministic match found,False
SAP-P013-06,SAP-C013,MISSING_REMITTANCE,5716.25,,0.0,5716.25,MANUAL_REVIEW,UNMATCHED,0.0,UNMATCHED_CASH,No deterministic match found,False
SAP-P016-03,SAP-C016,OVERPAYMENT,5158.86,,0.0,5158.86,MANUAL_REVIEW,UNMATCHED,0.0,UNMATCHED_CASH,No deterministic match found,False
SAP-P017-07,SAP-C017,CURRENCY_TOLERANCE,6722.66,,0.0,6722.66,MANUAL_REVIEW,UNMATCHED,0.0,UNMATCHED_CASH,No deterministic match found,False
NET-P001-07,NET-C001,CURRENCY_TOLERANCE,4724.49,,0.0,4724.49,MANUAL_REVIEW,UNMATCHED,0.0,UNMATCHED_CASH,No deterministic match found,False
NET-P002-05B,NET-C002,MULTI_PAYMENT_ONE_INVOICE,2187.23,,0.0,2187.23,MANUAL_REVIEW,UNMATCHED,0.0,UNMATCHED_CASH,No deterministic match found,False
NET-P005-05A,NET-C005,MULTI_PAYMENT_ONE_INVOICE,1814.55,,0.0,1814.55,MANUAL_REVIEW,UNMATCHED,0.0,UNMATCHED_CASH,No deterministic match found,False
NET-P008-03,NET-C008,OVERPAYMENT,3809.66,,0.0,3809.66,MANUAL_REVIEW,UNMATCHED,0.0,UNMATCHED_CASH,No deterministic match found,False
NET-P010-02,NET-C010,PARTIAL,2280.44,,0.0,2280.44,MANUAL_REVIEW,UNMATCHED,0.0,UNMATCHED_CASH,No deterministic match found,False
NET-P010-06,NET-C010,MISSING_REMITTANCE,5108.56,,0.0,5108.56,MANUAL_REVIEW,UNMATCHED,0.0,UNMATCHED_CASH,No deterministic match found,False
NET-P011-02,NET-C011,PARTIAL,2624.24,,0.0,2624.24,MANUAL_REVIEW,UNMATCHED,0.0,UNMATCHED_CASH,No deterministic match found,False
NET-P014-01,NET-C014,EXACT,4203.68,NET-I014-01,4203.68,0.0,AUTO_MATCHED,EXACT_REFERENCE_AMOUNT,1.0,,"Exact invoice reference, currency, and amount",False
NET-P014-05A,NET-C014,MULTI_PAYMENT_ONE_INVOICE,2487.24,,0.0,2487.24,MANUAL_REVIEW,UNMATCHED,0.0,UNMATCHED_CASH,No deterministic match found,False
NET-P016-08,NET-C016,SHORT_PAY_DEDUCTION,6011.54,,0.0,6011.54,MANUAL_REVIEW,UNMATCHED,0.0,UNMATCHED_CASH,No deterministic match found,False
ORA-P001-03,ORA-C001,OVERPAYMENT,3226.53,,0.0,3226.53,MANUAL_REVIEW,UNMATCHED,0.0,UNMATCHED_CASH,No deterministic match found,False
ORA-P002-02,ORA-C002,PARTIAL,1814.75,,0.0,1814.75,MANUAL_REVIEW,UNMATCHED,0.0,UNMATCHED_CASH,No deterministic match found,False
ORA-P008-08,ORA-C008,SHORT_PAY_DEDUCTION,5142.82,,0.0,5142.82,MANUAL_REVIEW,UNMATCHED,0.0,UNMATCHED_CASH,No deterministic match found,False
ORA-P008-09,ORA-C008,UNMATCHED_CASH,4310.12,,0.0,4310.12,MANUAL_REVIEW,UNMATCHED,0.0,UNMATCHED_CASH,No deterministic match found,False
ORA-P009-08,ORA-C009,SHORT_PAY_DEDUCTION,5052.03,,0.0,5052.03,MANUAL_REVIEW,UNMATCHED,0.0,UNMATCHED_CASH,No deterministic match found,False
ORA-P010-06,ORA-C010,MISSING_REMITTANCE,5134.84,,0.0,5134.84,MANUAL_REVIEW,UNMATCHED,0.0,UNMATCHED_CASH,No deterministic match found,False
ORA-P012-05A,ORA-C012,MULTI_PAYMENT_ONE_INVOICE,2156.11,,0.0,2156.11,MANUAL_REVIEW,UNMATCHED,0.0,UNMATCHED_CASH,No deterministic match found,False
ORA-P013-03,ORA-C013,OVERPAYMENT,4604.95,,0.0,4604.95,MANUAL_REVIEW,UNMATCHED,0.0,UNMATCHED_CASH,No deterministic match found,False
ORA-P015-04,ORA-C015,ONE_PAYMENT_MULTI_INVOICE,10331.16,,0.0,10331.16,MANUAL_REVIEW,UNMATCHED,0.0,UNMATCHED_CASH,No deterministic match found,False
ORA-P016-05A,ORA-C016,MULTI_PAYMENT_ONE_INVOICE,2476.18,,0.0,2476.18,MANUAL_REVIEW,UNMATCHED,0.0,UNMATCHED_CASH,No deterministic match found,False
ORA-P016-08,ORA-C016,SHORT_PAY_DEDUCTION,6171.31,,0.0,6171.31,MANUAL_REVIEW,UNMATCHED,0.0,UNMATCHED_CASH,No deterministic match found,False
ORA-P018-09,ORA-C018,UNMATCHED_CASH,5579.33,,0.0,5579.33,MANUAL_REVIEW,UNMATCHED,0.0,UNMATCHED_CASH,No deterministic match found,False
SAP-P004-02,SAP-C004,PARTIAL,1726.19,,0.0,1726.19,MANUAL_REVIEW,UNMATCHED,0.0,UNMATCHED_CASH,No deterministic match found,False
SAP-P006-08,SAP-C006,SHORT_PAY_DEDUCTION,4889.28,,0.0,4889.28,MANUAL_REVIEW,UNMATCHED,0.0,UNMATCHED_CASH,No deterministic match found,False
SAP-P007-09,SAP-C007,UNMATCHED_CASH,4527.0,,0.0,4527.0,MANUAL_REVIEW,UNMATCHED,0.0,UNMATCHED_CASH,No deterministic match found,False
SAP-P011-06,SAP-C011,MISSING_REMITTANCE,4801.35,,0.0,4801.35,MANUAL_REVIEW,UNMATCHED,0.0,UNMATCHED_CASH,No deterministic match found,False
SAP-P013-02,SAP-C013,PARTIAL,2779.82,,0.0,2779.82,MANUAL_REVIEW,UNMATCHED,0.0,UNMATCHED_CASH,No deterministic match found,False
SAP-P013-03,SAP-C013,OVERPAYMENT,4555.5,,0.0,4555.5,MANUAL_REVIEW,UNMATCHED,0.0,UNMATCHED_CASH,No deterministic match found,False
SAP-P013-04,SAP-C013,ONE_PAYMENT_MULTI_INVOICE,9496.29,,0.0,9496.29,MANUAL_REVIEW,UNMATCHED,0.0,UNMATCHED_CASH,No deterministic match found,False
SAP-P014-05B,SAP-C014,MULTI_PAYMENT_ONE_INVOICE,3068.35,,0.0,3068.35,MANUAL_REVIEW,UNMATCHED,0.0,UNMATCHED_CASH,No deterministic match found,False
SAP-P014-08,SAP-C014,SHORT_PAY_DEDUCTION,6004.45,,0.0,6004.45,MANUAL_REVIEW,UNMATCHED,0.0,UNMATCHED_CASH,No deterministic match found,False
SAP-P016-07,SAP-C016,CURRENCY_TOLERANCE,6905.71,,0.0,6905.71,MANUAL_REVIEW,UNMATCHED,0.0,UNMATCHED_CASH,No deterministic match found,False
NET-P002-03,NET-C002,OVERPAYMENT,2902.6,,0.0,2902.6,MANUAL_REVIEW,UNMATCHED,0.0,UNMATCHED_CASH,No deterministic match found,False
NET-P007-06,NET-C007,MISSING_REMITTANCE,4352.99,,0.0,4352.99,MANUAL_REVIEW,UNMATCHED,0.0,UNMATCHED_CASH,No deterministic match found,False
NET-P010-09,NET-C010,UNMATCHED_CASH,4861.14,,0.0,4861.14,MANUAL_REVIEW,UNMATCHED,0.0,UNMATCHED_CASH,No deterministic match found,False
NET-P015-09,NET-C015,UNMATCHED_CASH,5405.99,,0.0,5405.99,MANUAL_REVIEW,UNMATCHED,0.0,UNMATCHED_CASH,No deterministic match found,False
NET-P018-03,NET-C018,OVERPAYMENT,5099.2,,0.0,5099.2,MANUAL_REVIEW,UNMATCHED,0.0,UNMATCHED_CASH,No deterministic match found,False
NET-P018-07,NET-C018,CURRENCY_TOLERANCE,6979.08,,0.0,6979.08,MANUAL_REVIEW,UNMATCHED,0.0,UNMATCHED_CASH,No deterministic match found,False
ORA-P003-02,ORA-C003,PARTIAL,1817.29,,0.0,1817.29,MANUAL_REVIEW,UNMATCHED,0.0,UNMATCHED_CASH,No deterministic match found,False
ORA-P003-08,ORA-C003,SHORT_PAY_DEDUCTION,4245.87,,0.0,4245.87,MANUAL_REVIEW,UNMATCHED,0.0,UNMATCHED_CASH,No deterministic match found,False
ORA-P005-02,ORA-C005,PARTIAL,1880.68,,0.0,1880.68,MANUAL_REVIEW,UNMATCHED,0.0,UNMATCHED_CASH,No deterministic match found,False
ORA-P006-05A,ORA-C006,MULTI_PAYMENT_ONE_INVOICE,1878.3,,0.0,1878.3,MANUAL_REVIEW,UNMATCHED,0.0,UNMATCHED_CASH,No deterministic match found,False
ORA-P006-09,ORA-C006,UNMATCHED_CASH,4049.88,,0.0,4049.88,MANUAL_REVIEW,UNMATCHED,0.0,UNMATCHED_CASH,No deterministic match found,False
ORA-P009-09,ORA-C009,UNMATCHED_CASH,4659.33,,0.0,4659.33,MANUAL_REVIEW,UNMATCHED,0.0,UNMATCHED_CASH,No deterministic match found,False
ORA-P011-05B,ORA-C011,MULTI_PAYMENT_ONE_INVOICE,2699.16,,0.0,2699.16,MANUAL_REVIEW,UNMATCHED,0.0,UNMATCHED_CASH,No deterministic match found,False
ORA-P014-05A,ORA-C014,MULTI_PAYMENT_ONE_INVOICE,2439.34,,0.0,2439.34,MANUAL_REVIEW,UNMATCHED,0.0,UNMATCHED_CASH,No deterministic match found,False
ORA-P015-03,ORA-C015,OVERPAYMENT,4699.76,,0.0,4699.76,MANUAL_REVIEW,UNMATCHED,0.0,UNMATCHED_CASH,No deterministic match found,False
ORA-P017-01,ORA-C017,EXACT,4588.06,ORA-I017-01,4588.06,0.0,AUTO_MATCHED,EXACT_REFERENCE_AMOUNT,1.0,,"Exact invoice reference, currency, and amount",False
ORA-P018-05B,ORA-C018,MULTI_PAYMENT_ONE_INVOICE,3149.27,,0.0,3149.27,MANUAL_REVIEW,UNMATCHED,0.0,UNMATCHED_CASH,No deterministic match found,False
SAP-P001-02,SAP-C001,PARTIAL,1458.45,,0.0,1458.45,MANUAL_REVIEW,UNMATCHED,0.0,UNMATCHED_CASH,No deterministic match found,False
SAP-P003-06,SAP-C003,MISSING_REMITTANCE,3875.42,,0.0,3875.42,MANUAL_REVIEW,UNMATCHED,0.0,UNMATCHED_CASH,No deterministic match found,False
SAP-P005-05B,SAP-C005,MULTI_PAYMENT_ONE_INVOICE,2373.66,,0.0,2373.66,MANUAL_REVIEW,UNMATCHED,0.0,UNMATCHED_CASH,No deterministic match found,False
SAP-P006-03,SAP-C006,OVERPAYMENT,3767.75,,0.0,3767.75,MANUAL_REVIEW,UNMATCHED,0.0,UNMATCHED_CASH,No deterministic match found,False
SAP-P006-06,SAP-C006,MISSING_REMITTANCE,4700.74,,0.0,4700.74,MANUAL_REVIEW,UNMATCHED,0.0,UNMATCHED_CASH,No deterministic match found,False
SAP-P006-07,SAP-C006,CURRENCY_TOLERANCE,5136.54,,0.0,5136.54,MANUAL_REVIEW,UNMATCHED,0.0,UNMATCHED_CASH,No deterministic match found,False
SAP-P007-01,SAP-C007,EXACT,3207.51,SAP-I007-01,3207.51,0.0,AUTO_MATCHED,EXACT_REFERENCE_AMOUNT,1.0,,"Exact invoice reference, currency, and amount",False
SAP-P008-04,SAP-C008,ONE_PAYMENT_MULTI_INVOICE,8249.68,,0.0,8249.68,MANUAL_REVIEW,UNMATCHED,0.0,UNMATCHED_CASH,No deterministic match found,False
SAP-P010-06,SAP-C010,MISSING_REMITTANCE,5186.78,,0.0,5186.78,MANUAL_REVIEW,UNMATCHED,0.0,UNMATCHED_CASH,No deterministic match found,False
SAP-P012-04,SAP-C012,ONE_PAYMENT_MULTI_INVOICE,9705.6,,0.0,9705.6,MANUAL_REVIEW,UNMATCHED,0.0,UNMATCHED_CASH,No deterministic match found,False
SAP-P012-09,SAP-C012,UNMATCHED_CASH,5066.73,,0.0,5066.73,MANUAL_REVIEW,UNMATCHED,0.0,UNMATCHED_CASH,No deterministic match found,False
SAP-P014-02,SAP-C014,PARTIAL,2766.58,,0.0,2766.58,MANUAL_REVIEW,UNMATCHED,0.0,UNMATCHED_CASH,No deterministic match found,False
SAP-P015-08,SAP-C015,SHORT_PAY_DEDUCTION,5821.47,,0.0,5821.47,MANUAL_REVIEW,UNMATCHED,0.0,UNMATCHED_CASH,No deterministic match found,False
SAP-P015-09,SAP-C015,UNMATCHED_CASH,4995.97,,0.0,4995.97,MANUAL_REVIEW,UNMATCHED,0.0,UNMATCHED_CASH,No deterministic match found,False
SAP-P016-02,SAP-C016,PARTIAL,2811.98,,0.0,2811.98,MANUAL_REVIEW,UNMATCHED,0.0,UNMATCHED_CASH,No deterministic match found,False
SAP-P018-05A,SAP-C018,MULTI_PAYMENT_ONE_INVOICE,2702.76,,0.0,2702.76,MANUAL_REVIEW,UNMATCHED,0.0,UNMATCHED_CASH,No deterministic match found,False
SAP-P018-09,SAP-C018,UNMATCHED_CASH,5433.17,,0.0,5433.17,MANUAL_REVIEW,UNMATCHED,0.0,UNMATCHED_CASH,No deterministic match found,False
NET-P001-02,NET-C001,PARTIAL,1592.35,,0.0,1592.35,MANUAL_REVIEW,UNMATCHED,0.0,UNMATCHED_CASH,No deterministic match found,False
NET-P002-04,NET-C002,ONE_PAYMENT_MULTI_INVOICE,6686.02,,0.0,6686.02,MANUAL_REVIEW,UNMATCHED,0.0,UNMATCHED_CASH,No deterministic match found,False
NET-P003-05A,NET-C003,MULTI_PAYMENT_ONE_INVOICE,1839.58,,0.0,1839.58,MANUAL_REVIEW,UNMATCHED,0.0,UNMATCHED_CASH,No deterministic match found,False
NET-P004-04,NET-C004,ONE_PAYMENT_MULTI_INVOICE,7041.38,,0.0,7041.38,MANUAL_REVIEW,UNMATCHED,0.0,UNMATCHED_CASH,No deterministic match found,False
NET-P005-06,NET-C005,MISSING_REMITTANCE,3987.44,,0.0,3987.44,MANUAL_REVIEW,UNMATCHED,0.0,UNMATCHED_CASH,No deterministic match found,False
NET-P009-02,NET-C009,PARTIAL,2329.64,,0.0,2329.64,MANUAL_REVIEW,UNMATCHED,0.0,UNMATCHED_CASH,No deterministic match found,False
NET-P009-04,NET-C009,ONE_PAYMENT_MULTI_INVOICE,8686.09,,0.0,8686.09,MANUAL_REVIEW,UNMATCHED,0.0,UNMATCHED_CASH,No deterministic match found,False
NET-P015-07,NET-C015,CURRENCY_TOLERANCE,6485.86,,0.0,6485.86,MANUAL_REVIEW,UNMATCHED,0.0,UNMATCHED_CASH,No deterministic match found,False
ORA-P001-08,ORA-C001,SHORT_PAY_DEDUCTION,4270.48,,0.0,4270.48,MANUAL_REVIEW,UNMATCHED,0.0,UNMATCHED_CASH,No deterministic match found,False
ORA-P009-06,ORA-C009,MISSING_REMITTANCE,5205.46,,0.0,5205.46,MANUAL_REVIEW,UNMATCHED,0.0,UNMATCHED_CASH,No deterministic match found,False
ORA-P013-02,ORA-C013,PARTIAL,2808.67,,0.0,2808.67,MANUAL_REVIEW,UNMATCHED,0.0,UNMATCHED_CASH,No deterministic match found,False
ORA-P014-01,ORA-C014,EXACT,4458.92,ORA-I014-01,4458.92,0.0,AUTO_MATCHED,EXACT_REFERENCE_AMOUNT,1.0,,"Exact invoice reference, currency, and amount",False
ORA-P014-07,ORA-C014,CURRENCY_TOLERANCE,6462.01,,0.0,6462.01,MANUAL_REVIEW,UNMATCHED,0.0,UNMATCHED_CASH,No deterministic match found,False
ORA-P018-03,ORA-C018,OVERPAYMENT,5565.31,,0.0,5565.31,MANUAL_REVIEW,UNMATCHED,0.0,UNMATCHED_CASH,No deterministic match found,False
ORA-P018-08,ORA-C018,SHORT_PAY_DEDUCTION,6657.92,,0.0,6657.92,MANUAL_REVIEW,UNMATCHED,0.0,UNMATCHED_CASH,No deterministic match found,False
SAP-P001-07,SAP-C001,CURRENCY_TOLERANCE,4537.84,,0.0,4537.84,MANUAL_REVIEW,UNMATCHED,0.0,UNMATCHED_CASH,No deterministic match found,False
SAP-P003-07,SAP-C003,CURRENCY_TOLERANCE,4993.01,,0.0,4993.01,MANUAL_REVIEW,UNMATCHED,0.0,UNMATCHED_CASH,No deterministic match found,False
SAP-P005-09,SAP-C005,UNMATCHED_CASH,3854.06,,0.0,3854.06,MANUAL_REVIEW,UNMATCHED,0.0,UNMATCHED_CASH,No deterministic match found,False
SAP-P007-05A,SAP-C007,MULTI_PAYMENT_ONE_INVOICE,2086.71,,0.0,2086.71,MANUAL_REVIEW,UNMATCHED,0.0,UNMATCHED_CASH,No deterministic match found,False
SAP-P007-07,SAP-C007,CURRENCY_TOLERANCE,5550.5,,0.0,5550.5,MANUAL_REVIEW,UNMATCHED,0.0,UNMATCHED_CASH,No deterministic match found,False
SAP-P011-02,SAP-C011,PARTIAL,2472.55,,0.0,2472.55,MANUAL_REVIEW,UNMATCHED,0.0,UNMATCHED_CASH,No deterministic match found,False
SAP-P015-05B,SAP-C015,MULTI_PAYMENT_ONE_INVOICE,2911.74,,0.0,2911.74,MANUAL_REVIEW,UNMATCHED,0.0,UNMATCHED_CASH,No deterministic match found,False
SAP-P016-05A,SAP-C016,MULTI_PAYMENT_ONE_INVOICE,2367.96,,0.0,2367.96,MANUAL_REVIEW,UNMATCHED,0.0,UNMATCHED_CASH,No deterministic match found,False
SAP-P016-06,SAP-C016,MISSING_REMITTANCE,5678.03,,0.0,5678.03,MANUAL_REVIEW,UNMATCHED,0.0,UNMATCHED_CASH,No deterministic match found,False
NET-P003-07,NET-C003,CURRENCY_TOLERANCE,4428.75,,0.0,4428.75,MANUAL_REVIEW,UNMATCHED,0.0,UNMATCHED_CASH,No deterministic match found,False
NET-P004-07,NET-C004,CURRENCY_TOLERANCE,4793.37,,0.0,4793.37,MANUAL_REVIEW,UNMATCHED,0.0,UNMATCHED_CASH,No deterministic match found,False
NET-P005-09,NET-C005,UNMATCHED_CASH,4257.53,,0.0,4257.53,MANUAL_REVIEW,UNMATCHED,0.0,UNMATCHED_CASH,No deterministic match found,False
NET-P008-02,NET-C008,PARTIAL,2366.99,,0.0,2366.99,MANUAL_REVIEW,UNMATCHED,0.0,UNMATCHED_CASH,No deterministic match found,False
NET-P009-03,NET-C009,OVERPAYMENT,4073.1,,0.0,4073.1,MANUAL_REVIEW,UNMATCHED,0.0,UNMATCHED_CASH,No deterministic match found,False
NET-P012-07,NET-C012,CURRENCY_TOLERANCE,5791.94,,0.0,5791.94,MANUAL_REVIEW,UNMATCHED,0.0,UNMATCHED_CASH,No deterministic match found,False
NET-P015-02,NET-C015,PARTIAL,2634.31,,0.0,2634.31,MANUAL_REVIEW,UNMATCHED,0.0,UNMATCHED_CASH,No deterministic match found,False
NET-P017-05A,NET-C017,MULTI_PAYMENT_ONE_INVOICE,2644.1,,0.0,2644.1,MANUAL_REVIEW,UNMATCHED,0.0,UNMATCHED_CASH,No deterministic match found,False
NET-P017-05B,NET-C017,MULTI_PAYMENT_ONE_INVOICE,3231.67,,0.0,3231.67,MANUAL_REVIEW,UNMATCHED,0.0,UNMATCHED_CASH,No deterministic match found,False
NET-P018-08,NET-C018,SHORT_PAY_DEDUCTION,6424.21,,0.0,6424.21,MANUAL_REVIEW,UNMATCHED,0.0,UNMATCHED_CASH,No deterministic match found,False
ORA-P003-03,ORA-C003,OVERPAYMENT,3243.33,,0.0,3243.33,MANUAL_REVIEW,UNMATCHED,0.0,UNMATCHED_CASH,No deterministic match found,False
ORA-P004-08,ORA-C004,SHORT_PAY_DEDUCTION,4758.88,,0.0,4758.88,MANUAL_REVIEW,UNMATCHED,0.0,UNMATCHED_CASH,No deterministic match found,False
ORA-P005-05A,ORA-C005,MULTI_PAYMENT_ONE_INVOICE,1940.15,,0.0,1940.15,MANUAL_REVIEW,UNMATCHED,0.0,UNMATCHED_CASH,No deterministic match found,False
ORA-P005-06,ORA-C005,MISSING_REMITTANCE,4213.3,,0.0,4213.3,MANUAL_REVIEW,UNMATCHED,0.0,UNMATCHED_CASH,No deterministic match found,False
ORA-P006-02,ORA-C006,PARTIAL,1863.4,,0.0,1863.4,MANUAL_REVIEW,UNMATCHED,0.0,UNMATCHED_CASH,No deterministic match found,False
ORA-P006-08,ORA-C006,SHORT_PAY_DEDUCTION,4449.38,,0.0,4449.38,MANUAL_REVIEW,UNMATCHED,0.0,UNMATCHED_CASH,No deterministic match found,False
ORA-P007-02,ORA-C007,PARTIAL,2091.28,,0.0,2091.28,MANUAL_REVIEW,UNMATCHED,0.0,UNMATCHED_CASH,No deterministic match found,False
ORA-P007-06,ORA-C007,MISSING_REMITTANCE,4289.57,,0.0,4289.57,MANUAL_REVIEW,UNMATCHED,0.0,UNMATCHED_CASH,No deterministic match found,False
ORA-P007-09,ORA-C007,UNMATCHED_CASH,4327.64,,0.0,4327.64,MANUAL_REVIEW,UNMATCHED,0.0,UNMATCHED_CASH,No deterministic match found,False
ORA-P010-05A,ORA-C010,MULTI_PAYMENT_ONE_INVOICE,2133.1,,0.0,2133.1,MANUAL_REVIEW,UNMATCHED,0.0,UNMATCHED_CASH,No deterministic match found,False
ORA-P011-04,ORA-C011,ONE_PAYMENT_MULTI_INVOICE,9069.24,,0.0,9069.24,MANUAL_REVIEW,UNMATCHED,0.0,UNMATCHED_CASH,No deterministic match found,False
ORA-P012-02,ORA-C012,PARTIAL,2555.8,,0.0,2555.8,MANUAL_REVIEW,UNMATCHED,0.0,UNMATCHED_CASH,No deterministic match found,False
ORA-P013-05A,ORA-C013,MULTI_PAYMENT_ONE_INVOICE,2297.67,,0.0,2297.67,MANUAL_REVIEW,UNMATCHED,0.0,UNMATCHED_CASH,No deterministic match found,False
ORA-P017-04,ORA-C017,ONE_PAYMENT_MULTI_INVOICE,10769.64,,0.0,10769.64,MANUAL_REVIEW,UNMATCHED,0.0,UNMATCHED_CASH,No deterministic match found,False
ORA-P017-06,ORA-C017,MISSING_REMITTANCE,6249.83,,0.0,6249.83,MANUAL_REVIEW,UNMATCHED,0.0,UNMATCHED_CASH,No deterministic match found,False
SAP-P001-09,SAP-C001,UNMATCHED_CASH,3620.0,,0.0,3620.0,MANUAL_REVIEW,UNMATCHED,0.0,UNMATCHED_CASH,No deterministic match found,False
SAP-P002-01,SAP-C002,EXACT,2606.6,SAP-I002-01,2606.6,0.0,AUTO_MATCHED,EXACT_REFERENCE_AMOUNT,1.0,,"Exact invoice reference, currency, and amount",False
SAP-P002-03,SAP-C002,OVERPAYMENT,2887.16,,0.0,2887.16,MANUAL_REVIEW,UNMATCHED,0.0,UNMATCHED_CASH,No deterministic match found,False
SAP-P002-04,SAP-C002,ONE_PAYMENT_MULTI_INVOICE,7247.4,,0.0,7247.4,MANUAL_REVIEW,UNMATCHED,0.0,UNMATCHED_CASH,No deterministic match found,False
SAP-P003-08,SAP-C003,SHORT_PAY_DEDUCTION,4623.46,,0.0,4623.46,MANUAL_REVIEW,UNMATCHED,0.0,UNMATCHED_CASH,No deterministic match found,False
SAP-P010-04,SAP-C010,ONE_PAYMENT_MULTI_INVOICE,8571.06,,0.0,8571.06,MANUAL_REVIEW,UNMATCHED,0.0,UNMATCHED_CASH,No deterministic match found,False
SAP-P010-08,SAP-C010,SHORT_PAY_DEDUCTION,5487.86,,0.0,5487.86,MANUAL_REVIEW,UNMATCHED,0.0,UNMATCHED_CASH,No deterministic match found,False
SAP-P012-08,SAP-C012,SHORT_PAY_DEDUCTION,5547.19,,0.0,5547.19,MANUAL_REVIEW,UNMATCHED,0.0,UNMATCHED_CASH,No deterministic match found,False
SAP-P018-03,SAP-C018,OVERPAYMENT,5597.51,,0.0,5597.51,MANUAL_REVIEW,UNMATCHED,0.0,UNMATCHED_CASH,No deterministic match found,False
SAP-P018-05B,SAP-C018,MULTI_PAYMENT_ONE_INVOICE,3303.38,,0.0,3303.38,MANUAL_REVIEW,UNMATCHED,0.0,UNMATCHED_CASH,No deterministic match found,False
NET-P003-01,NET-C003,EXACT,2858.33,NET-I003-01,2858.33,0.0,AUTO_MATCHED,EXACT_REFERENCE_AMOUNT,1.0,,"Exact invoice reference, currency, and amount",False
NET-P003-01-DUP,NET-C003,DUPLICATE_PAYMENT,2858.33,,0.0,0.0,MANUAL_REVIEW,DUPLICATE_DETECTED,0.0,DUPLICATE_PAYMENT,Repeated bank transaction identifier,True
NET-P006-09,NET-C006,UNMATCHED_CASH,4441.77,,0.0,4441.77,MANUAL_REVIEW,UNMATCHED,0.0,UNMATCHED_CASH,No deterministic match found,False
NET-P010-04,NET-C010,ONE_PAYMENT_MULTI_INVOICE,9250.35,,0.0,9250.35,MANUAL_REVIEW,UNMATCHED,0.0,UNMATCHED_CASH,No deterministic match found,False
NET-P012-05B,NET-C012,MULTI_PAYMENT_ONE_INVOICE,2927.74,,0.0,2927.74,MANUAL_REVIEW,UNMATCHED,0.0,UNMATCHED_CASH,No deterministic match found,False
NET-P014-08,NET-C014,SHORT_PAY_DEDUCTION,5560.57,,0.0,5560.57,MANUAL_REVIEW,UNMATCHED,0.0,UNMATCHED_CASH,No deterministic match found,False
NET-P017-08,NET-C017,SHORT_PAY_DEDUCTION,6025.85,,0.0,6025.85,MANUAL_REVIEW,UNMATCHED,0.0,UNMATCHED_CASH,No deterministic match found,False
NET-P017-09,NET-C017,UNMATCHED_CASH,5388.6,,0.0,5388.6,MANUAL_REVIEW,UNMATCHED,0.0,UNMATCHED_CASH,No deterministic match found,False
ORA-P001-06,ORA-C001,MISSING_REMITTANCE,3610.45,,0.0,3610.45,MANUAL_REVIEW,UNMATCHED,0.0,UNMATCHED_CASH,No deterministic match found,False
ORA-P004-03,ORA-C004,OVERPAYMENT,3414.08,,0.0,3414.08,MANUAL_REVIEW,UNMATCHED,0.0,UNMATCHED_CASH,No deterministic match found,False
ORA-P004-05B,ORA-C004,MULTI_PAYMENT_ONE_INVOICE,2012.56,,0.0,2012.56,MANUAL_REVIEW,UNMATCHED,0.0,UNMATCHED_CASH,No deterministic match found,False
ORA-P005-01,ORA-C005,EXACT,2850.0,ORA-I005-01,2850.0,0.0,AUTO_MATCHED,EXACT_REFERENCE_AMOUNT,1.0,,"Exact invoice reference, currency, and amount",False
ORA-P009-07,ORA-C009,CURRENCY_TOLERANCE,5855.4,,0.0,5855.4,MANUAL_REVIEW,UNMATCHED,0.0,UNMATCHED_CASH,No deterministic match found,False
ORA-P011-02,ORA-C011,PARTIAL,2358.68,,0.0,2358.68,MANUAL_REVIEW,UNMATCHED,0.0,UNMATCHED_CASH,No deterministic match found,False
ORA-P011-03,ORA-C011,OVERPAYMENT,4437.83,,0.0,4437.83,MANUAL_REVIEW,UNMATCHED,0.0,UNMATCHED_CASH,No deterministic match found,False
ORA-P011-07,ORA-C011,CURRENCY_TOLERANCE,5731.85,,0.0,5731.85,MANUAL_REVIEW,UNMATCHED,0.0,UNMATCHED_CASH,No deterministic match found,False
ORA-P011-08,ORA-C011,SHORT_PAY_DEDUCTION,5742.17,,0.0,5742.17,MANUAL_REVIEW,UNMATCHED,0.0,UNMATCHED_CASH,No deterministic match found,False
ORA-P014-06,ORA-C014,MISSING_REMITTANCE,5249.03,,0.0,5249.03,MANUAL_REVIEW,UNMATCHED,0.0,UNMATCHED_CASH,No deterministic match found,False
ORA-P017-07,ORA-C017,CURRENCY_TOLERANCE,7144.3,,0.0,7144.3,MANUAL_REVIEW,UNMATCHED,0.0,UNMATCHED_CASH,No deterministic match found,False
SAP-P001-03,SAP-C001,OVERPAYMENT,3319.53,,0.0,3319.53,MANUAL_REVIEW,UNMATCHED,0.0,UNMATCHED_CASH,No deterministic match found,False
SAP-P001-06,SAP-C001,MISSING_REMITTANCE,3432.58,,0.0,3432.58,MANUAL_REVIEW,UNMATCHED,0.0,UNMATCHED_CASH,No deterministic match found,False
SAP-P008-05B,SAP-C008,MULTI_PAYMENT_ONE_INVOICE,2482.7,,0.0,2482.7,MANUAL_REVIEW,UNMATCHED,0.0,UNMATCHED_CASH,No deterministic match found,False
SAP-P008-07,SAP-C008,CURRENCY_TOLERANCE,5781.47,,0.0,5781.47,MANUAL_REVIEW,UNMATCHED,0.0,UNMATCHED_CASH,No deterministic match found,False
SAP-P013-01,SAP-C013,EXACT,4385.61,SAP-I013-01,4385.61,0.0,AUTO_MATCHED,EXACT_REFERENCE_AMOUNT,1.0,,"Exact invoice reference, currency, and amount",False
SAP-P016-05B,SAP-C016,MULTI_PAYMENT_ONE_INVOICE,2894.17,,0.0,2894.17,MANUAL_REVIEW,UNMATCHED,0.0,UNMATCHED_CASH,No deterministic match found,False
SAP-P018-07,SAP-C018,CURRENCY_TOLERANCE,6702.13,,0.0,6702.13,MANUAL_REVIEW,UNMATCHED,0.0,UNMATCHED_CASH,No deterministic match found,False
NET-P001-01,NET-C001,EXACT,2218.93,NET-I001-01,2218.93,0.0,AUTO_MATCHED,EXACT_REFERENCE_AMOUNT,1.0,,"Exact invoice reference, currency, and amount",False
NET-P001-05A,NET-C001,MULTI_PAYMENT_ONE_INVOICE,1710.12,,0.0,1710.12,MANUAL_REVIEW,UNMATCHED,0.0,UNMATCHED_CASH,No deterministic match found,False
NET-P003-03,NET-C003,OVERPAYMENT,3612.74,,0.0,3612.74,MANUAL_REVIEW,UNMATCHED,0.0,UNMATCHED_CASH,No deterministic match found,False
NET-P005-01,NET-C005,EXACT,2779.25,NET-I005-01,2779.25,0.0,AUTO_MATCHED,EXACT_REFERENCE_AMOUNT,1.0,,"Exact invoice reference, currency, and amount",False
NET-P005-08,NET-C005,SHORT_PAY_DEDUCTION,4695.73,,0.0,4695.73,MANUAL_REVIEW,UNMATCHED,0.0,UNMATCHED_CASH,No deterministic match found,False
NET-P006-03,NET-C006,OVERPAYMENT,3710.88,,0.0,3710.88,MANUAL_REVIEW,UNMATCHED,0.0,UNMATCHED_CASH,No deterministic match found,False
NET-P007-01,NET-C007,EXACT,3052.25,NET-I007-01,3052.25,0.0,AUTO_MATCHED,EXACT_REFERENCE_AMOUNT,1.0,,"Exact invoice reference, currency, and amount",False
NET-P011-07,NET-C011,CURRENCY_TOLERANCE,5976.46,,0.0,5976.46,MANUAL_REVIEW,UNMATCHED,0.0,UNMATCHED_CASH,No deterministic match found,False
NET-P013-07,NET-C013,CURRENCY_TOLERANCE,5879.3,,0.0,5879.3,MANUAL_REVIEW,UNMATCHED,0.0,UNMATCHED_CASH,No deterministic match found,False
NET-P014-04,NET-C014,ONE_PAYMENT_MULTI_INVOICE,10168.95,,0.0,10168.95,MANUAL_REVIEW,UNMATCHED,0.0,UNMATCHED_CASH,No deterministic match found,False
NET-P015-05B,NET-C015,MULTI_PAYMENT_ONE_INVOICE,2998.93,,0.0,2998.93,MANUAL_REVIEW,UNMATCHED,0.0,UNMATCHED_CASH,No deterministic match found,False
NET-P017-07,NET-C017,CURRENCY_TOLERANCE,6817.65,,0.0,6817.65,MANUAL_REVIEW,UNMATCHED,0.0,UNMATCHED_CASH,No deterministic match found,False
NET-P018-04,NET-C018,ONE_PAYMENT_MULTI_INVOICE,11126.34,,0.0,11126.34,MANUAL_REVIEW,UNMATCHED,0.0,UNMATCHED_CASH,No deterministic match found,False
ORA-P002-09,ORA-C002,UNMATCHED_CASH,3654.94,,0.0,3654.94,MANUAL_REVIEW,UNMATCHED,0.0,UNMATCHED_CASH,No deterministic match found,False
ORA-P004-01,ORA-C004,EXACT,2913.71,ORA-I004-01,2913.71,0.0,AUTO_MATCHED,EXACT_REFERENCE_AMOUNT,1.0,,"Exact invoice reference, currency, and amount",False
ORA-P004-02,ORA-C004,PARTIAL,1763.59,,0.0,1763.59,MANUAL_REVIEW,UNMATCHED,0.0,UNMATCHED_CASH,No deterministic match found,False
ORA-P004-07,ORA-C004,CURRENCY_TOLERANCE,4466.99,,0.0,4466.99,MANUAL_REVIEW,UNMATCHED,0.0,UNMATCHED_CASH,No deterministic match found,False
ORA-P007-07,ORA-C007,CURRENCY_TOLERANCE,5505.47,,0.0,5505.47,MANUAL_REVIEW,UNMATCHED,0.0,UNMATCHED_CASH,No deterministic match found,False
ORA-P008-02,ORA-C008,PARTIAL,2263.79,,0.0,2263.79,MANUAL_REVIEW,UNMATCHED,0.0,UNMATCHED_CASH,No deterministic match found,False
ORA-P008-04,ORA-C008,ONE_PAYMENT_MULTI_INVOICE,8652.66,,0.0,8652.66,MANUAL_REVIEW,UNMATCHED,0.0,UNMATCHED_CASH,No deterministic match found,False
ORA-P009-02,ORA-C009,PARTIAL,2429.07,,0.0,2429.07,MANUAL_REVIEW,UNMATCHED,0.0,UNMATCHED_CASH,No deterministic match found,False
ORA-P010-01,ORA-C010,EXACT,3564.93,ORA-I010-01,3564.93,0.0,AUTO_MATCHED,EXACT_REFERENCE_AMOUNT,1.0,,"Exact invoice reference, currency, and amount",False
ORA-P011-06,ORA-C011,MISSING_REMITTANCE,4879.29,,0.0,4879.29,MANUAL_REVIEW,UNMATCHED,0.0,UNMATCHED_CASH,No deterministic match found,False
ORA-P016-04,ORA-C016,ONE_PAYMENT_MULTI_INVOICE,10146.41,,0.0,10146.41,MANUAL_REVIEW,UNMATCHED,0.0,UNMATCHED_CASH,No deterministic match found,False
SAP-P004-07,SAP-C004,CURRENCY_TOLERANCE,4964.45,,0.0,4964.45,MANUAL_REVIEW,UNMATCHED,0.0,UNMATCHED_CASH,No deterministic match found,False
SAP-P005-08,SAP-C005,SHORT_PAY_DEDUCTION,4796.34,,0.0,4796.34,MANUAL_REVIEW,UNMATCHED,0.0,UNMATCHED_CASH,No deterministic match found,False
SAP-P009-03,SAP-C009,OVERPAYMENT,4111.8,,0.0,4111.8,MANUAL_REVIEW,UNMATCHED,0.0,UNMATCHED_CASH,No deterministic match found,False
SAP-P010-07,SAP-C010,CURRENCY_TOLERANCE,6097.31,,0.0,6097.31,MANUAL_REVIEW,UNMATCHED,0.0,UNMATCHED_CASH,No deterministic match found,False
SAP-P013-09,SAP-C013,UNMATCHED_CASH,4959.46,,0.0,4959.46,MANUAL_REVIEW,UNMATCHED,0.0,UNMATCHED_CASH,No deterministic match found,False
NET-P009-06,NET-C009,MISSING_REMITTANCE,4966.68,,0.0,4966.68,MANUAL_REVIEW,UNMATCHED,0.0,UNMATCHED_CASH,No deterministic match found,False
NET-P013-03,NET-C013,OVERPAYMENT,4839.87,,0.0,4839.87,MANUAL_REVIEW,UNMATCHED,0.0,UNMATCHED_CASH,No deterministic match found,False
NET-P017-03,NET-C017,OVERPAYMENT,5366.37,,0.0,5366.37,MANUAL_REVIEW,UNMATCHED,0.0,UNMATCHED_CASH,No deterministic match found,False
NET-P018-05A,NET-C018,MULTI_PAYMENT_ONE_INVOICE,2787.02,,0.0,2787.02,MANUAL_REVIEW,UNMATCHED,0.0,UNMATCHED_CASH,No deterministic match found,False
ORA-P004-05A,ORA-C004,MULTI_PAYMENT_ONE_INVOICE,1646.64,,0.0,1646.64,MANUAL_REVIEW,UNMATCHED,0.0,UNMATCHED_CASH,No deterministic match found,False
ORA-P007-08,ORA-C007,SHORT_PAY_DEDUCTION,4864.7,,0.0,4864.7,MANUAL_REVIEW,UNMATCHED,0.0,UNMATCHED_CASH,No deterministic match found,False
ORA-P008-01,ORA-C008,EXACT,3258.36,ORA-I008-01,3258.36,0.0,AUTO_MATCHED,EXACT_REFERENCE_AMOUNT,1.0,,"Exact invoice reference, currency, and amount",False
ORA-P009-01,ORA-C009,EXACT,3458.43,ORA-I009-01,3458.43,0.0,AUTO_MATCHED,EXACT_REFERENCE_AMOUNT,1.0,,"Exact invoice reference, currency, and amount",False
ORA-P009-01-DUP,ORA-C009,DUPLICATE_PAYMENT,3458.43,,0.0,0.0,MANUAL_REVIEW,DUPLICATE_DETECTED,0.0,DUPLICATE_PAYMENT,Repeated bank transaction identifier,True
ORA-P010-02,ORA-C010,PARTIAL,2368.16,,0.0,2368.16,MANUAL_REVIEW,UNMATCHED,0.0,UNMATCHED_CASH,No deterministic match found,False
ORA-P015-09,ORA-C015,UNMATCHED_CASH,5441.98,,0.0,5441.98,MANUAL_REVIEW,UNMATCHED,0.0,UNMATCHED_CASH,No deterministic match found,False
ORA-P016-03,ORA-C016,OVERPAYMENT,5306.12,,0.0,5306.12,MANUAL_REVIEW,UNMATCHED,0.0,UNMATCHED_CASH,No deterministic match found,False
ORA-P018-04,ORA-C018,ONE_PAYMENT_MULTI_INVOICE,11146.89,,0.0,11146.89,MANUAL_REVIEW,UNMATCHED,0.0,UNMATCHED_CASH,No deterministic match found,False
SAP-P001-04,SAP-C001,ONE_PAYMENT_MULTI_INVOICE,6207.2,,0.0,6207.2,MANUAL_REVIEW,UNMATCHED,0.0,UNMATCHED_CASH,No deterministic match found,False
SAP-P002-05B,SAP-C002,MULTI_PAYMENT_ONE_INVOICE,2059.28,,0.0,2059.28,MANUAL_REVIEW,UNMATCHED,0.0,UNMATCHED_CASH,No deterministic match found,False
SAP-P003-01,SAP-C003,EXACT,3114.67,SAP-I003-01,3114.67,0.0,AUTO_MATCHED,EXACT_REFERENCE_AMOUNT,1.0,,"Exact invoice reference, currency, and amount",False
SAP-P003-01-DUP,SAP-C003,DUPLICATE_PAYMENT,3114.67,,0.0,0.0,MANUAL_REVIEW,DUPLICATE_DETECTED,0.0,DUPLICATE_PAYMENT,Repeated bank transaction identifier,True
SAP-P003-05B,SAP-C003,MULTI_PAYMENT_ONE_INVOICE,2222.29,,0.0,2222.29,MANUAL_REVIEW,UNMATCHED,0.0,UNMATCHED_CASH,No deterministic match found,False
SAP-P004-04,SAP-C004,ONE_PAYMENT_MULTI_INVOICE,7279.62,,0.0,7279.62,MANUAL_REVIEW,UNMATCHED,0.0,UNMATCHED_CASH,No deterministic match found,False
SAP-P005-04,SAP-C005,ONE_PAYMENT_MULTI_INVOICE,7562.42,,0.0,7562.42,MANUAL_REVIEW,UNMATCHED,0.0,UNMATCHED_CASH,No deterministic match found,False
SAP-P007-08,SAP-C007,SHORT_PAY_DEDUCTION,4593.41,,0.0,4593.41,MANUAL_REVIEW,UNMATCHED,0.0,UNMATCHED_CASH,No deterministic match found,False
SAP-P008-06,SAP-C008,MISSING_REMITTANCE,4744.79,,0.0,4744.79,MANUAL_REVIEW,UNMATCHED,0.0,UNMATCHED_CASH,No deterministic match found,False
SAP-P008-09,SAP-C008,UNMATCHED_CASH,4500.69,,0.0,4500.69,MANUAL_REVIEW,UNMATCHED,0.0,UNMATCHED_CASH,No deterministic match found,False
SAP-P009-05B,SAP-C009,MULTI_PAYMENT_ONE_INVOICE,2466.55,,0.0,2466.55,MANUAL_REVIEW,UNMATCHED,0.0,UNMATCHED_CASH,No deterministic match found,False
SAP-P009-09,SAP-C009,UNMATCHED_CASH,4677.45,,0.0,4677.45,MANUAL_REVIEW,UNMATCHED,0.0,UNMATCHED_CASH,No deterministic match found,False
SAP-P012-02,SAP-C012,PARTIAL,2436.83,,0.0,2436.83,MANUAL_REVIEW,UNMATCHED,0.0,UNMATCHED_CASH,No deterministic match found,False
SAP-P016-01,SAP-C016,EXACT,4347.78,SAP-I016-01,4347.78,0.0,AUTO_MATCHED,EXACT_REFERENCE_AMOUNT,1.0,,"Exact invoice reference, currency, and amount",False
NET-P004-06,NET-C004,MISSING_REMITTANCE,3833.98,,0.0,3833.98,MANUAL_REVIEW,UNMATCHED,0.0,UNMATCHED_CASH,No deterministic match found,False
NET-P005-03,NET-C005,OVERPAYMENT,3846.11,,0.0,3846.11,MANUAL_REVIEW,UNMATCHED,0.0,UNMATCHED_CASH,No deterministic match found,False
NET-P007-04,NET-C007,ONE_PAYMENT_MULTI_INVOICE,8276.11,,0.0,8276.11,MANUAL_REVIEW,UNMATCHED,0.0,UNMATCHED_CASH,No deterministic match found,False
NET-P007-07,NET-C007,CURRENCY_TOLERANCE,5106.22,,0.0,5106.22,MANUAL_REVIEW,UNMATCHED,0.0,UNMATCHED_CASH,No deterministic match found,False
NET-P007-08,NET-C007,SHORT_PAY_DEDUCTION,5218.3,,0.0,5218.3,MANUAL_REVIEW,UNMATCHED,0.0,UNMATCHED_CASH,No deterministic match found,False
NET-P008-05B,NET-C008,MULTI_PAYMENT_ONE_INVOICE,2654.45,,0.0,2654.45,MANUAL_REVIEW,UNMATCHED,0.0,UNMATCHED_CASH,No deterministic match found,False
NET-P008-06,NET-C008,MISSING_REMITTANCE,4539.4,,0.0,4539.4,MANUAL_REVIEW,UNMATCHED,0.0,UNMATCHED_CASH,No deterministic match found,False
NET-P009-05B,NET-C009,MULTI_PAYMENT_ONE_INVOICE,2736.72,,0.0,2736.72,MANUAL_REVIEW,UNMATCHED,0.0,UNMATCHED_CASH,No deterministic match found,False
NET-P012-02,NET-C012,PARTIAL,2539.58,,0.0,2539.58,MANUAL_REVIEW,UNMATCHED,0.0,UNMATCHED_CASH,No deterministic match found,False
NET-P014-03,NET-C014,OVERPAYMENT,4979.32,,0.0,4979.32,MANUAL_REVIEW,UNMATCHED,0.0,UNMATCHED_CASH,No deterministic match found,False
NET-P015-01,NET-C015,EXACT,4443.63,NET-I015-01,4443.63,0.0,AUTO_MATCHED,EXACT_REFERENCE_AMOUNT,1.0,,"Exact invoice reference, currency, and amount",False
NET-P015-01-DUP,NET-C015,DUPLICATE_PAYMENT,4443.63,,0.0,0.0,MANUAL_REVIEW,DUPLICATE_DETECTED,0.0,DUPLICATE_PAYMENT,Repeated bank transaction identifier,True
NET-P017-02,NET-C017,PARTIAL,2772.3,,0.0,2772.3,MANUAL_REVIEW,UNMATCHED,0.0,UNMATCHED_CASH,No deterministic match found,False
ORA-P002-03,ORA-C002,OVERPAYMENT,3316.51,,0.0,3316.51,MANUAL_REVIEW,UNMATCHED,0.0,UNMATCHED_CASH,No deterministic match found,False
ORA-P002-04,ORA-C002,ONE_PAYMENT_MULTI_INVOICE,6494.49,,0.0,6494.49,MANUAL_REVIEW,UNMATCHED,0.0,UNMATCHED_CASH,No deterministic match found,False
ORA-P002-08,ORA-C002,SHORT_PAY_DEDUCTION,4017.9,,0.0,4017.9,MANUAL_REVIEW,UNMATCHED,0.0,UNMATCHED_CASH,No deterministic match found,False
ORA-P003-01,ORA-C003,EXACT,2624.26,ORA-I003-01,2624.26,0.0,AUTO_MATCHED,EXACT_REFERENCE_AMOUNT,1.0,,"Exact invoice reference, currency, and amount",False
ORA-P003-01-DUP,ORA-C003,DUPLICATE_PAYMENT,2624.26,,0.0,0.0,MANUAL_REVIEW,DUPLICATE_DETECTED,0.0,DUPLICATE_PAYMENT,Repeated bank transaction identifier,True
ORA-P004-04,ORA-C004,ONE_PAYMENT_MULTI_INVOICE,7076.86,,0.0,7076.86,MANUAL_REVIEW,UNMATCHED,0.0,UNMATCHED_CASH,No deterministic match found,False
ORA-P004-09,ORA-C004,UNMATCHED_CASH,3802.06,,0.0,3802.06,MANUAL_REVIEW,UNMATCHED,0.0,UNMATCHED_CASH,No deterministic match found,False
ORA-P006-01,ORA-C006,EXACT,3399.23,ORA-I006-01,3399.23,0.0,AUTO_MATCHED,EXACT_REFERENCE_AMOUNT,1.0,,"Exact invoice reference, currency, and amount",False
ORA-P006-01-DUP,ORA-C006,DUPLICATE_PAYMENT,3399.23,,0.0,0.0,MANUAL_REVIEW,DUPLICATE_DETECTED,0.0,DUPLICATE_PAYMENT,Repeated bank transaction identifier,True
ORA-P008-06,ORA-C008,MISSING_REMITTANCE,4672.86,,0.0,4672.86,MANUAL_REVIEW,UNMATCHED,0.0,UNMATCHED_CASH,No deterministic match found,False
ORA-P012-08,ORA-C012,SHORT_PAY_DEDUCTION,5381.47,,0.0,5381.47,MANUAL_REVIEW,UNMATCHED,0.0,UNMATCHED_CASH,No deterministic match found,False
ORA-P012-09,ORA-C012,UNMATCHED_CASH,5093.57,,0.0,5093.57,MANUAL_REVIEW,UNMATCHED,0.0,UNMATCHED_CASH,No deterministic match found,False
ORA-P013-06,ORA-C013,MISSING_REMITTANCE,5540.72,,0.0,5540.72,MANUAL_REVIEW,UNMATCHED,0.0,UNMATCHED_CASH,No deterministic match found,False
ORA-P014-04,ORA-C014,ONE_PAYMENT_MULTI_INVOICE,9960.37,,0.0,9960.37,MANUAL_REVIEW,UNMATCHED,0.0,UNMATCHED_CASH,No deterministic match found,False
ORA-P016-06,ORA-C016,MISSING_REMITTANCE,5706.17,,0.0,5706.17,MANUAL_REVIEW,UNMATCHED,0.0,UNMATCHED_CASH,No deterministic match found,False
ORA-P017-03,ORA-C017,OVERPAYMENT,5009.42,,0.0,5009.42,MANUAL_REVIEW,UNMATCHED,0.0,UNMATCHED_CASH,No deterministic match found,False
SAP-P002-09,SAP-C002,UNMATCHED_CASH,3607.97,,0.0,3607.97,MANUAL_REVIEW,UNMATCHED,0.0,UNMATCHED_CASH,No deterministic match found,False
SAP-P003-03,SAP-C003,OVERPAYMENT,3448.23,,0.0,3448.23,MANUAL_REVIEW,UNMATCHED,0.0,UNMATCHED_CASH,No deterministic match found,False
SAP-P003-09,SAP-C003,UNMATCHED_CASH,3709.97,,0.0,3709.97,MANUAL_REVIEW,UNMATCHED,0.0,UNMATCHED_CASH,No deterministic match found,False
SAP-P006-01,SAP-C006,EXACT,3006.53,SAP-I006-01,3006.53,0.0,AUTO_MATCHED,EXACT_REFERENCE_AMOUNT,1.0,,"Exact invoice reference, currency, and amount",False
SAP-P006-01-DUP,SAP-C006,DUPLICATE_PAYMENT,3006.53,,0.0,0.0,MANUAL_REVIEW,DUPLICATE_DETECTED,0.0,DUPLICATE_PAYMENT,Repeated bank transaction identifier,True
SAP-P008-01,SAP-C008,EXACT,3239.93,SAP-I008-01,3239.93,0.0,AUTO_MATCHED,EXACT_REFERENCE_AMOUNT,1.0,,"Exact invoice reference, currency, and amount",False
SAP-P008-08,SAP-C008,SHORT_PAY_DEDUCTION,5290.94,,0.0,5290.94,MANUAL_REVIEW,UNMATCHED,0.0,UNMATCHED_CASH,No deterministic match found,False
SAP-P011-05A,SAP-C011,MULTI_PAYMENT_ONE_INVOICE,2313.24,,0.0,2313.24,MANUAL_REVIEW,UNMATCHED,0.0,UNMATCHED_CASH,No deterministic match found,False
SAP-P011-07,SAP-C011,CURRENCY_TOLERANCE,6205.98,,0.0,6205.98,MANUAL_REVIEW,UNMATCHED,0.0,UNMATCHED_CASH,No deterministic match found,False
SAP-P011-08,SAP-C011,SHORT_PAY_DEDUCTION,5757.57,,0.0,5757.57,MANUAL_REVIEW,UNMATCHED,0.0,UNMATCHED_CASH,No deterministic match found,False
SAP-P014-03,SAP-C014,OVERPAYMENT,5040.59,,0.0,5040.59,MANUAL_REVIEW,UNMATCHED,0.0,UNMATCHED_CASH,No deterministic match found,False
SAP-P015-05A,SAP-C015,MULTI_PAYMENT_ONE_INVOICE,2382.33,,0.0,2382.33,MANUAL_REVIEW,UNMATCHED,0.0,UNMATCHED_CASH,No deterministic match found,False
SAP-P017-04,SAP-C017,ONE_PAYMENT_MULTI_INVOICE,10614.94,,0.0,10614.94,MANUAL_REVIEW,UNMATCHED,0.0,UNMATCHED_CASH,No deterministic match found,False
NET-P001-08,NET-C001,SHORT_PAY_DEDUCTION,4139.06,,0.0,4139.06,MANUAL_REVIEW,UNMATCHED,0.0,UNMATCHED_CASH,No deterministic match found,False
NET-P004-09,NET-C004,UNMATCHED_CASH,4172.55,,0.0,4172.55,MANUAL_REVIEW,UNMATCHED,0.0,UNMATCHED_CASH,No deterministic match found,False
NET-P010-01,NET-C010,EXACT,3704.93,NET-I010-01,3704.93,0.0,AUTO_MATCHED,EXACT_REFERENCE_AMOUNT,1.0,,"Exact invoice reference, currency, and amount",False
NET-P011-04,NET-C011,ONE_PAYMENT_MULTI_INVOICE,8909.25,,0.0,8909.25,MANUAL_REVIEW,UNMATCHED,0.0,UNMATCHED_CASH,No deterministic match found,False
NET-P012-08,NET-C012,SHORT_PAY_DEDUCTION,5395.66,,0.0,5395.66,MANUAL_REVIEW,UNMATCHED,0.0,UNMATCHED_CASH,No deterministic match found,False
NET-P013-09,NET-C013,UNMATCHED_CASH,4816.29,,0.0,4816.29,MANUAL_REVIEW,UNMATCHED,0.0,UNMATCHED_CASH,No deterministic match found,False
NET-P014-07,NET-C014,CURRENCY_TOLERANCE,6619.15,,0.0,6619.15,MANUAL_REVIEW,UNMATCHED,0.0,UNMATCHED_CASH,No deterministic match found,False
NET-P017-04,NET-C017,ONE_PAYMENT_MULTI_INVOICE,10704.84,,0.0,10704.84,MANUAL_REVIEW,UNMATCHED,0.0,UNMATCHED_CASH,No deterministic match found,False
NET-P018-05B,NET-C018,MULTI_PAYMENT_ONE_INVOICE,3406.36,,0.0,3406.36,MANUAL_REVIEW,UNMATCHED,0.0,UNMATCHED_CASH,No deterministic match found,False
ORA-P001-01,ORA-C001,EXACT,2802.58,ORA-I001-01,2802.58,0.0,AUTO_MATCHED,EXACT_REFERENCE_AMOUNT,1.0,,"Exact invoice reference, currency, and amount",False
ORA-P001-02,ORA-C001,PARTIAL,1620.91,,0.0,1620.91,MANUAL_REVIEW,UNMATCHED,0.0,UNMATCHED_CASH,No deterministic match found,False
ORA-P002-01,ORA-C002,EXACT,2576.72,ORA-I002-01,2576.72,0.0,AUTO_MATCHED,EXACT_REFERENCE_AMOUNT,1.0,,"Exact invoice reference, currency, and amount",False
ORA-P006-03,ORA-C006,OVERPAYMENT,3394.76,,0.0,3394.76,MANUAL_REVIEW,UNMATCHED,0.0,UNMATCHED_CASH,No deterministic match found,False
ORA-P009-05A,ORA-C009,MULTI_PAYMENT_ONE_INVOICE,2046.27,,0.0,2046.27,MANUAL_REVIEW,UNMATCHED,0.0,UNMATCHED_CASH,No deterministic match found,False
ORA-P013-08,ORA-C013,SHORT_PAY_DEDUCTION,5876.81,,0.0,5876.81,MANUAL_REVIEW,UNMATCHED,0.0,UNMATCHED_CASH,No deterministic match found,False
ORA-P014-09,ORA-C014,UNMATCHED_CASH,5205.16,,0.0,5205.16,MANUAL_REVIEW,UNMATCHED,0.0,UNMATCHED_CASH,No deterministic match found,False
ORA-P015-01,ORA-C015,EXACT,4410.0,ORA-I015-01,4410.0,0.0,AUTO_MATCHED,EXACT_REFERENCE_AMOUNT,1.0,,"Exact invoice reference, currency, and amount",False
ORA-P015-01-DUP,ORA-C015,DUPLICATE_PAYMENT,4410.0,,0.0,0.0,MANUAL_REVIEW,DUPLICATE_DETECTED,0.0,DUPLICATE_PAYMENT,Repeated bank transaction identifier,True
ORA-P015-08,ORA-C015,SHORT_PAY_DEDUCTION,5847.88,,0.0,5847.88,MANUAL_REVIEW,UNMATCHED,0.0,UNMATCHED_CASH,No deterministic match found,False
ORA-P018-07,ORA-C018,CURRENCY_TOLERANCE,7222.82,,0.0,7222.82,MANUAL_REVIEW,UNMATCHED,0.0,UNMATCHED_CASH,No deterministic match found,False
SAP-P001-05B,SAP-C001,MULTI_PAYMENT_ONE_INVOICE,1851.22,,0.0,1851.22,MANUAL_REVIEW,UNMATCHED,0.0,UNMATCHED_CASH,No deterministic match found,False
SAP-P002-05A,SAP-C002,MULTI_PAYMENT_ONE_INVOICE,1684.87,,0.0,1684.87,MANUAL_REVIEW,UNMATCHED,0.0,UNMATCHED_CASH,No deterministic match found,False
SAP-P004-09,SAP-C004,UNMATCHED_CASH,4136.4,,0.0,4136.4,MANUAL_REVIEW,UNMATCHED,0.0,UNMATCHED_CASH,No deterministic match found,False
SAP-P005-06,SAP-C005,MISSING_REMITTANCE,4002.55,,0.0,4002.55,MANUAL_REVIEW,UNMATCHED,0.0,UNMATCHED_CASH,No deterministic match found,False
SAP-P005-07,SAP-C005,CURRENCY_TOLERANCE,5320.52,,0.0,5320.52,MANUAL_REVIEW,UNMATCHED,0.0,UNMATCHED_CASH,No deterministic match found,False
SAP-P006-04,SAP-C006,ONE_PAYMENT_MULTI_INVOICE,7792.64,,0.0,7792.64,MANUAL_REVIEW,UNMATCHED,0.0,UNMATCHED_CASH,No deterministic match found,False
SAP-P007-04,SAP-C007,ONE_PAYMENT_MULTI_INVOICE,7710.11,,0.0,7710.11,MANUAL_REVIEW,UNMATCHED,0.0,UNMATCHED_CASH,No deterministic match found,False
SAP-P011-05B,SAP-C011,MULTI_PAYMENT_ONE_INVOICE,2827.3,,0.0,2827.3,MANUAL_REVIEW,UNMATCHED,0.0,UNMATCHED_CASH,No deterministic match found,False
SAP-P012-01,SAP-C012,EXACT,4260.05,SAP-I012-01,4260.05,0.0,AUTO_MATCHED,EXACT_REFERENCE_AMOUNT,1.0,,"Exact invoice reference, currency, and amount",False
SAP-P012-01-DUP,SAP-C012,DUPLICATE_PAYMENT,4260.05,,0.0,0.0,MANUAL_REVIEW,DUPLICATE_DETECTED,0.0,DUPLICATE_PAYMENT,Repeated bank transaction identifier,True
SAP-P012-07,SAP-C012,CURRENCY_TOLERANCE,5675.13,,0.0,5675.13,MANUAL_REVIEW,UNMATCHED,0.0,UNMATCHED_CASH,No deterministic match found,False
SAP-P013-05A,SAP-C013,MULTI_PAYMENT_ONE_INVOICE,2241.58,,0.0,2241.58,MANUAL_REVIEW,UNMATCHED,0.0,UNMATCHED_CASH,No deterministic match found,False
SAP-P017-05A,SAP-C017,MULTI_PAYMENT_ONE_INVOICE,2704.84,,0.0,2704.84,MANUAL_REVIEW,UNMATCHED,0.0,UNMATCHED_CASH,No deterministic match found,False
SAP-P017-09,SAP-C017,UNMATCHED_CASH,5613.56,,0.0,5613.56,MANUAL_REVIEW,UNMATCHED,0.0,UNMATCHED_CASH,No deterministic match found,False
NET-P004-01,NET-C004,EXACT,2562.99,NET-I004-01,2562.99,0.0,AUTO_MATCHED,EXACT_REFERENCE_AMOUNT,1.0,,"Exact invoice reference, currency, and amount",False
NET-P006-04,NET-C006,ONE_PAYMENT_MULTI_INVOICE,7745.01,,0.0,7745.01,MANUAL_REVIEW,UNMATCHED,0.0,UNMATCHED_CASH,No deterministic match found,False
NET-P009-09,NET-C009,UNMATCHED_CASH,4599.77,,0.0,4599.77,MANUAL_REVIEW,UNMATCHED,0.0,UNMATCHED_CASH,No deterministic match found,False
NET-P011-05B,NET-C011,MULTI_PAYMENT_ONE_INVOICE,2829.94,,0.0,2829.94,MANUAL_REVIEW,UNMATCHED,0.0,UNMATCHED_CASH,No deterministic match found,False
NET-P013-04,NET-C013,ONE_PAYMENT_MULTI_INVOICE,10151.55,,0.0,10151.55,MANUAL_REVIEW,UNMATCHED,0.0,UNMATCHED_CASH,No deterministic match found,False
NET-P014-06,NET-C014,MISSING_REMITTANCE,5773.86,,0.0,5773.86,MANUAL_REVIEW,UNMATCHED,0.0,UNMATCHED_CASH,No deterministic match found,False
NET-P014-09,NET-C014,UNMATCHED_CASH,5332.82,,0.0,5332.82,MANUAL_REVIEW,UNMATCHED,0.0,UNMATCHED_CASH,No deterministic match found,False
NET-P015-08,NET-C015,SHORT_PAY_DEDUCTION,5966.58,,0.0,5966.58,MANUAL_REVIEW,UNMATCHED,0.0,UNMATCHED_CASH,No deterministic match found,False
NET-P016-03,NET-C016,OVERPAYMENT,4756.19,,0.0,4756.19,MANUAL_REVIEW,UNMATCHED,0.0,UNMATCHED_CASH,No deterministic match found,False
NET-P018-06,NET-C018,MISSING_REMITTANCE,6347.67,,0.0,6347.67,MANUAL_REVIEW,UNMATCHED,0.0,UNMATCHED_CASH,No deterministic match found,False
ORA-P002-05A,ORA-C002,MULTI_PAYMENT_ONE_INVOICE,1568.12,,0.0,1568.12,MANUAL_REVIEW,UNMATCHED,0.0,UNMATCHED_CASH,No deterministic match found,False
ORA-P002-07,ORA-C002,CURRENCY_TOLERANCE,4527.3,,0.0,4527.3,MANUAL_REVIEW,UNMATCHED,0.0,UNMATCHED_CASH,No deterministic match found,False
ORA-P003-06,ORA-C003,MISSING_REMITTANCE,4348.92,,0.0,4348.92,MANUAL_REVIEW,UNMATCHED,0.0,UNMATCHED_CASH,No deterministic match found,False
ORA-P005-05B,ORA-C005,MULTI_PAYMENT_ONE_INVOICE,2371.29,,0.0,2371.29,MANUAL_REVIEW,UNMATCHED,0.0,UNMATCHED_CASH,No deterministic match found,False
ORA-P005-09,ORA-C005,UNMATCHED_CASH,4291.43,,0.0,4291.43,MANUAL_REVIEW,UNMATCHED,0.0,UNMATCHED_CASH,No deterministic match found,False
ORA-P007-05A,ORA-C007,MULTI_PAYMENT_ONE_INVOICE,2004.63,,0.0,2004.63,MANUAL_REVIEW,UNMATCHED,0.0,UNMATCHED_CASH,No deterministic match found,False
ORA-P007-05B,ORA-C007,MULTI_PAYMENT_ONE_INVOICE,2450.11,,0.0,2450.11,MANUAL_REVIEW,UNMATCHED,0.0,UNMATCHED_CASH,No deterministic match found,False
ORA-P010-03,ORA-C010,OVERPAYMENT,4423.61,,0.0,4423.61,MANUAL_REVIEW,UNMATCHED,0.0,UNMATCHED_CASH,No deterministic match found,False
ORA-P011-05A,ORA-C011,MULTI_PAYMENT_ONE_INVOICE,2208.41,,0.0,2208.41,MANUAL_REVIEW,UNMATCHED,0.0,UNMATCHED_CASH,No deterministic match found,False
ORA-P011-09,ORA-C011,UNMATCHED_CASH,4898.66,,0.0,4898.66,MANUAL_REVIEW,UNMATCHED,0.0,UNMATCHED_CASH,No deterministic match found,False
ORA-P012-05B,ORA-C012,MULTI_PAYMENT_ONE_INVOICE,2635.24,,0.0,2635.24,MANUAL_REVIEW,UNMATCHED,0.0,UNMATCHED_CASH,No deterministic match found,False
ORA-P014-03,ORA-C014,OVERPAYMENT,4710.52,,0.0,4710.52,MANUAL_REVIEW,UNMATCHED,0.0,UNMATCHED_CASH,No deterministic match found,False
ORA-P015-07,ORA-C015,CURRENCY_TOLERANCE,6529.41,,0.0,6529.41,MANUAL_REVIEW,UNMATCHED,0.0,UNMATCHED_CASH,No deterministic match found,False
ORA-P016-01,ORA-C016,EXACT,4360.93,ORA-I016-01,4360.93,0.0,AUTO_MATCHED,EXACT_REFERENCE_AMOUNT,1.0,,"Exact invoice reference, currency, and amount",False
ORA-P017-05A,ORA-C017,MULTI_PAYMENT_ONE_INVOICE,2620.39,,0.0,2620.39,MANUAL_REVIEW,UNMATCHED,0.0,UNMATCHED_CASH,No deterministic match found,False
ORA-P017-08,ORA-C017,SHORT_PAY_DEDUCTION,6213.69,,0.0,6213.69,MANUAL_REVIEW,UNMATCHED,0.0,UNMATCHED_CASH,No deterministic match found,False
SAP-P001-01,SAP-C001,EXACT,2304.25,SAP-I001-01,2304.25,0.0,AUTO_MATCHED,EXACT_REFERENCE_AMOUNT,1.0,,"Exact invoice reference, currency, and amount",False
SAP-P002-02,SAP-C002,PARTIAL,1906.31,,0.0,1906.31,MANUAL_REVIEW,UNMATCHED,0.0,UNMATCHED_CASH,No deterministic match found,False
SAP-P002-07,SAP-C002,CURRENCY_TOLERANCE,4313.96,,0.0,4313.96,MANUAL_REVIEW,UNMATCHED,0.0,UNMATCHED_CASH,No deterministic match found,False
SAP-P004-01,SAP-C004,EXACT,2591.98,SAP-I004-01,2591.98,0.0,AUTO_MATCHED,EXACT_REFERENCE_AMOUNT,1.0,,"Exact invoice reference, currency, and amount",False
SAP-P004-05B,SAP-C004,MULTI_PAYMENT_ONE_INVOICE,2191.41,,0.0,2191.41,MANUAL_REVIEW,UNMATCHED,0.0,UNMATCHED_CASH,No deterministic match found,False
SAP-P005-03,SAP-C005,OVERPAYMENT,3469.91,,0.0,3469.91,MANUAL_REVIEW,UNMATCHED,0.0,UNMATCHED_CASH,No deterministic match found,False
SAP-P007-06,SAP-C007,MISSING_REMITTANCE,4546.19,,0.0,4546.19,MANUAL_REVIEW,UNMATCHED,0.0,UNMATCHED_CASH,No deterministic match found,False
SAP-P013-07,SAP-C013,CURRENCY_TOLERANCE,6372.69,,0.0,6372.69,MANUAL_REVIEW,UNMATCHED,0.0,UNMATCHED_CASH,No deterministic match found,False
SAP-P014-04,SAP-C014,ONE_PAYMENT_MULTI_INVOICE,10040.86,,0.0,10040.86,MANUAL_REVIEW,UNMATCHED,0.0,UNMATCHED_CASH,No deterministic match found,False
NET-P002-05A,NET-C002,MULTI_PAYMENT_ONE_INVOICE,1789.55,,0.0,1789.55,MANUAL_REVIEW,UNMATCHED,0.0,UNMATCHED_CASH,No deterministic match found,False
NET-P006-01,NET-C006,EXACT,3275.16,NET-I006-01,3275.16,0.0,AUTO_MATCHED,EXACT_REFERENCE_AMOUNT,1.0,,"Exact invoice reference, currency, and amount",False
NET-P006-01-DUP,NET-C006,DUPLICATE_PAYMENT,3275.16,,0.0,0.0,MANUAL_REVIEW,DUPLICATE_DETECTED,0.0,DUPLICATE_PAYMENT,Repeated bank transaction identifier,True
NET-P008-07,NET-C008,CURRENCY_TOLERANCE,5433.52,,0.0,5433.52,MANUAL_REVIEW,UNMATCHED,0.0,UNMATCHED_CASH,No deterministic match found,False
NET-P008-09,NET-C008,UNMATCHED_CASH,4378.67,,0.0,4378.67,MANUAL_REVIEW,UNMATCHED,0.0,UNMATCHED_CASH,No deterministic match found,False
NET-P009-05A,NET-C009,MULTI_PAYMENT_ONE_INVOICE,2239.13,,0.0,2239.13,MANUAL_REVIEW,UNMATCHED,0.0,UNMATCHED_CASH,No deterministic match found,False
NET-P009-08,NET-C009,SHORT_PAY_DEDUCTION,5027.51,,0.0,5027.51,MANUAL_REVIEW,UNMATCHED,0.0,UNMATCHED_CASH,No deterministic match found,False
NET-P012-09,NET-C012,UNMATCHED_CASH,4612.77,,0.0,4612.77,MANUAL_REVIEW,UNMATCHED,0.0,UNMATCHED_CASH,No deterministic match found,False
NET-P013-05B,NET-C013,MULTI_PAYMENT_ONE_INVOICE,2877.96,,0.0,2877.96,MANUAL_REVIEW,UNMATCHED,0.0,UNMATCHED_CASH,No deterministic match found,False
NET-P016-02,NET-C016,PARTIAL,2903.03,,0.0,2903.03,MANUAL_REVIEW,UNMATCHED,0.0,UNMATCHED_CASH,No deterministic match found,False
ORA-P001-05A,ORA-C001,MULTI_PAYMENT_ONE_INVOICE,1600.82,,0.0,1600.82,MANUAL_REVIEW,UNMATCHED,0.0,UNMATCHED_CASH,No deterministic match found,False
ORA-P007-03,ORA-C007,OVERPAYMENT,3536.63,,0.0,3536.63,MANUAL_REVIEW,UNMATCHED,0.0,UNMATCHED_CASH,No deterministic match found,False
ORA-P009-03,ORA-C009,OVERPAYMENT,4130.29,,0.0,4130.29,MANUAL_REVIEW,UNMATCHED,0.0,UNMATCHED_CASH,No deterministic match found,False
ORA-P010-09,ORA-C010,UNMATCHED_CASH,4734.78,,0.0,4734.78,MANUAL_REVIEW,UNMATCHED,0.0,UNMATCHED_CASH,No deterministic match found,False
ORA-P016-07,ORA-C016,CURRENCY_TOLERANCE,6529.87,,0.0,6529.87,MANUAL_REVIEW,UNMATCHED,0.0,UNMATCHED_CASH,No deterministic match found,False
SAP-P001-05A,SAP-C001,MULTI_PAYMENT_ONE_INVOICE,1514.64,,0.0,1514.64,MANUAL_REVIEW,UNMATCHED,0.0,UNMATCHED_CASH,No deterministic match found,False
SAP-P003-02,SAP-C003,PARTIAL,1868.83,,0.0,1868.83,MANUAL_REVIEW,UNMATCHED,0.0,UNMATCHED_CASH,No deterministic match found,False
SAP-P009-05A,SAP-C009,MULTI_PAYMENT_ONE_INVOICE,2018.09,,0.0,2018.09,MANUAL_REVIEW,UNMATCHED,0.0,UNMATCHED_CASH,No deterministic match found,False
SAP-P009-08,SAP-C009,SHORT_PAY_DEDUCTION,5138.73,,0.0,5138.73,MANUAL_REVIEW,UNMATCHED,0.0,UNMATCHED_CASH,No deterministic match found,False
SAP-P010-01,SAP-C010,EXACT,3862.25,SAP-I010-01,3862.25,0.0,AUTO_MATCHED,EXACT_REFERENCE_AMOUNT,1.0,,"Exact invoice reference, currency, and amount",False
SAP-P010-05B,SAP-C010,MULTI_PAYMENT_ONE_INVOICE,2456.77,,0.0,2456.77,MANUAL_REVIEW,UNMATCHED,0.0,UNMATCHED_CASH,No deterministic match found,False
SAP-P014-09,SAP-C014,UNMATCHED_CASH,5069.44,,0.0,5069.44,MANUAL_REVIEW,UNMATCHED,0.0,UNMATCHED_CASH,No deterministic match found,False
SAP-P015-03,SAP-C015,OVERPAYMENT,4925.14,,0.0,4925.14,MANUAL_REVIEW,UNMATCHED,0.0,UNMATCHED_CASH,No deterministic match found,False
SAP-P015-04,SAP-C015,ONE_PAYMENT_MULTI_INVOICE,10444.61,,0.0,10444.61,MANUAL_REVIEW,UNMATCHED,0.0,UNMATCHED_CASH,No deterministic match found,False
SAP-P015-06,SAP-C015,MISSING_REMITTANCE,5526.12,,0.0,5526.12,MANUAL_REVIEW,UNMATCHED,0.0,UNMATCHED_CASH,No deterministic match found,False
SAP-P016-08,SAP-C016,SHORT_PAY_DEDUCTION,6084.31,,0.0,6084.31,MANUAL_REVIEW,UNMATCHED,0.0,UNMATCHED_CASH,No deterministic match found,False
SAP-P017-06,SAP-C017,MISSING_REMITTANCE,6132.41,,0.0,6132.41,MANUAL_REVIEW,UNMATCHED,0.0,UNMATCHED_CASH,No deterministic match found,False
NET-P001-04,NET-C001,ONE_PAYMENT_MULTI_INVOICE,6699.84,,0.0,6699.84,MANUAL_REVIEW,UNMATCHED,0.0,UNMATCHED_CASH,No deterministic match found,False
NET-P003-05B,NET-C003,MULTI_PAYMENT_ONE_INVOICE,2248.38,,0.0,2248.38,MANUAL_REVIEW,UNMATCHED,0.0,UNMATCHED_CASH,No deterministic match found,False
NET-P006-08,NET-C006,SHORT_PAY_DEDUCTION,4528.02,,0.0,4528.02,MANUAL_REVIEW,UNMATCHED,0.0,UNMATCHED_CASH,No deterministic match found,False
NET-P007-02,NET-C007,PARTIAL,2304.09,,0.0,2304.09,MANUAL_REVIEW,UNMATCHED,0.0,UNMATCHED_CASH,No deterministic match found,False
NET-P007-09,NET-C007,UNMATCHED_CASH,4057.09,,0.0,4057.09,MANUAL_REVIEW,UNMATCHED,0.0,UNMATCHED_CASH,No deterministic match found,False
NET-P010-05A,NET-C010,MULTI_PAYMENT_ONE_INVOICE,2247.0,,0.0,2247.0,MANUAL_REVIEW,UNMATCHED,0.0,UNMATCHED_CASH,No deterministic match found,False
NET-P011-08,NET-C011,SHORT_PAY_DEDUCTION,5154.75,,0.0,5154.75,MANUAL_REVIEW,UNMATCHED,0.0,UNMATCHED_CASH,No deterministic match found,False
NET-P012-03,NET-C012,OVERPAYMENT,4207.75,,0.0,4207.75,MANUAL_REVIEW,UNMATCHED,0.0,UNMATCHED_CASH,No deterministic match found,False
NET-P015-05A,NET-C015,MULTI_PAYMENT_ONE_INVOICE,2453.67,,0.0,2453.67,MANUAL_REVIEW,UNMATCHED,0.0,UNMATCHED_CASH,No deterministic match found,False
NET-P016-04,NET-C016,ONE_PAYMENT_MULTI_INVOICE,10756.96,,0.0,10756.96,MANUAL_REVIEW,UNMATCHED,0.0,UNMATCHED_CASH,No deterministic match found,False
ORA-P001-04,ORA-C001,ONE_PAYMENT_MULTI_INVOICE,6542.73,,0.0,6542.73,MANUAL_REVIEW,UNMATCHED,0.0,UNMATCHED_CASH,No deterministic match found,False
ORA-P005-04,ORA-C005,ONE_PAYMENT_MULTI_INVOICE,7591.77,,0.0,7591.77,MANUAL_REVIEW,UNMATCHED,0.0,UNMATCHED_CASH,No deterministic match found,False
ORA-P008-05A,ORA-C008,MULTI_PAYMENT_ONE_INVOICE,2068.51,,0.0,2068.51,MANUAL_REVIEW,UNMATCHED,0.0,UNMATCHED_CASH,No deterministic match found,False
ORA-P010-08,ORA-C010,SHORT_PAY_DEDUCTION,5461.46,,0.0,5461.46,MANUAL_REVIEW,UNMATCHED,0.0,UNMATCHED_CASH,No deterministic match found,False
ORA-P011-01,ORA-C011,EXACT,3617.1,ORA-I011-01,3617.1,0.0,AUTO_MATCHED,EXACT_REFERENCE_AMOUNT,1.0,,"Exact invoice reference, currency, and amount",False
ORA-P012-01,ORA-C012,EXACT,3796.74,ORA-I012-01,3796.74,0.0,AUTO_MATCHED,EXACT_REFERENCE_AMOUNT,1.0,,"Exact invoice reference, currency, and amount",False
ORA-P012-01-DUP,ORA-C012,DUPLICATE_PAYMENT,3796.74,,0.0,0.0,MANUAL_REVIEW,DUPLICATE_DETECTED,0.0,DUPLICATE_PAYMENT,Repeated bank transaction identifier,True
ORA-P013-07,ORA-C013,CURRENCY_TOLERANCE,6530.05,,0.0,6530.05,MANUAL_REVIEW,UNMATCHED,0.0,UNMATCHED_CASH,No deterministic match found,False
ORA-P014-08,ORA-C014,SHORT_PAY_DEDUCTION,5742.99,,0.0,5742.99,MANUAL_REVIEW,UNMATCHED,0.0,UNMATCHED_CASH,No deterministic match found,False
ORA-P015-02,ORA-C015,PARTIAL,2633.12,,0.0,2633.12,MANUAL_REVIEW,UNMATCHED,0.0,UNMATCHED_CASH,No deterministic match found,False
ORA-P018-05A,ORA-C018,MULTI_PAYMENT_ONE_INVOICE,2576.68,,0.0,2576.68,MANUAL_REVIEW,UNMATCHED,0.0,UNMATCHED_CASH,No deterministic match found,False
ORA-P018-06,ORA-C018,MISSING_REMITTANCE,6311.0,,0.0,6311.0,MANUAL_REVIEW,UNMATCHED,0.0,UNMATCHED_CASH,No deterministic match found,False
SAP-P001-08,SAP-C001,SHORT_PAY_DEDUCTION,4117.46,,0.0,4117.46,MANUAL_REVIEW,UNMATCHED,0.0,UNMATCHED_CASH,No deterministic match found,False
SAP-P006-05A,SAP-C006,MULTI_PAYMENT_ONE_INVOICE,1821.72,,0.0,1821.72,MANUAL_REVIEW,UNMATCHED,0.0,UNMATCHED_CASH,No deterministic match found,False
SAP-P006-05B,SAP-C006,MULTI_PAYMENT_ONE_INVOICE,2226.54,,0.0,2226.54,MANUAL_REVIEW,UNMATCHED,0.0,UNMATCHED_CASH,No deterministic match found,False
SAP-P009-04,SAP-C009,ONE_PAYMENT_MULTI_INVOICE,9038.61,,0.0,9038.61,MANUAL_REVIEW,UNMATCHED,0.0,UNMATCHED_CASH,No deterministic match found,False
SAP-P009-06,SAP-C009,MISSING_REMITTANCE,5126.6,,0.0,5126.6,MANUAL_REVIEW,UNMATCHED,0.0,UNMATCHED_CASH,No deterministic match found,False
SAP-P011-01,SAP-C011,EXACT,3589.96,SAP-I011-01,3589.96,0.0,AUTO_MATCHED,EXACT_REFERENCE_AMOUNT,1.0,,"Exact invoice reference, currency, and amount",False
SAP-P014-01,SAP-C014,EXACT,4595.4,SAP-I014-01,4595.4,0.0,AUTO_MATCHED,EXACT_REFERENCE_AMOUNT,1.0,,"Exact invoice reference, currency, and amount",False
SAP-P014-07,SAP-C014,CURRENCY_TOLERANCE,6390.01,,0.0,6390.01,MANUAL_REVIEW,UNMATCHED,0.0,UNMATCHED_CASH,No deterministic match found,False
SAP-P017-08,SAP-C017,SHORT_PAY_DEDUCTION,5985.33,,0.0,5985.33,MANUAL_REVIEW,UNMATCHED,0.0,UNMATCHED_CASH,No deterministic match found,False
SAP-P018-01,SAP-C018,EXACT,4901.12,SAP-I018-01,4901.12,0.0,AUTO_MATCHED,EXACT_REFERENCE_AMOUNT,1.0,,"Exact invoice reference, currency, and amount",False
SAP-P018-01-DUP,SAP-C018,DUPLICATE_PAYMENT,4901.12,,0.0,0.0,MANUAL_REVIEW,DUPLICATE_DETECTED,0.0,DUPLICATE_PAYMENT,Repeated bank transaction identifier,True
NET-P002-01,NET-C002,EXACT,2617.96,NET-I002-01,2617.96,0.0,AUTO_MATCHED,EXACT_REFERENCE_AMOUNT,1.0,,"Exact invoice reference, currency, and amount",False
NET-P002-06,NET-C002,MISSING_REMITTANCE,3704.22,,0.0,3704.22,MANUAL_REVIEW,UNMATCHED,0.0,UNMATCHED_CASH,No deterministic match found,False
NET-P006-06,NET-C006,MISSING_REMITTANCE,4210.83,,0.0,4210.83,MANUAL_REVIEW,UNMATCHED,0.0,UNMATCHED_CASH,No deterministic match found,False
NET-P006-07,NET-C006,CURRENCY_TOLERANCE,4792.99,,0.0,4792.99,MANUAL_REVIEW,UNMATCHED,0.0,UNMATCHED_CASH,No deterministic match found,False
NET-P007-05A,NET-C007,MULTI_PAYMENT_ONE_INVOICE,1889.89,,0.0,1889.89,MANUAL_REVIEW,UNMATCHED,0.0,UNMATCHED_CASH,No deterministic match found,False
NET-P008-01,NET-C008,EXACT,3244.78,NET-I008-01,3244.78,0.0,AUTO_MATCHED,EXACT_REFERENCE_AMOUNT,1.0,,"Exact invoice reference, currency, and amount",False
NET-P008-04,NET-C008,ONE_PAYMENT_MULTI_INVOICE,8015.76,,0.0,8015.76,MANUAL_REVIEW,UNMATCHED,0.0,UNMATCHED_CASH,No deterministic match found,False
NET-P009-07,NET-C009,CURRENCY_TOLERANCE,5771.16,,0.0,5771.16,MANUAL_REVIEW,UNMATCHED,0.0,UNMATCHED_CASH,No deterministic match found,False
NET-P010-03,NET-C010,OVERPAYMENT,4495.8,,0.0,4495.8,MANUAL_REVIEW,UNMATCHED,0.0,UNMATCHED_CASH,No deterministic match found,False
NET-P011-01,NET-C011,EXACT,3796.48,NET-I011-01,3796.48,0.0,AUTO_MATCHED,EXACT_REFERENCE_AMOUNT,1.0,,"Exact invoice reference, currency, and amount",False
NET-P013-08,NET-C013,SHORT_PAY_DEDUCTION,5917.77,,0.0,5917.77,MANUAL_REVIEW,UNMATCHED,0.0,UNMATCHED_CASH,No deterministic match found,False
ORA-P005-07,ORA-C005,CURRENCY_TOLERANCE,4684.13,,0.0,4684.13,MANUAL_REVIEW,UNMATCHED,0.0,UNMATCHED_CASH,No deterministic match found,False
ORA-P008-05B,ORA-C008,MULTI_PAYMENT_ONE_INVOICE,2528.17,,0.0,2528.17,MANUAL_REVIEW,UNMATCHED,0.0,UNMATCHED_CASH,No deterministic match found,False
ORA-P008-07,ORA-C008,CURRENCY_TOLERANCE,5415.47,,0.0,5415.47,MANUAL_REVIEW,UNMATCHED,0.0,UNMATCHED_CASH,No deterministic match found,False
ORA-P009-04,ORA-C009,ONE_PAYMENT_MULTI_INVOICE,9275.81,,0.0,9275.81,MANUAL_REVIEW,UNMATCHED,0.0,UNMATCHED_CASH,No deterministic match found,False
ORA-P013-01,ORA-C013,EXACT,4153.99,ORA-I013-01,4153.99,0.0,AUTO_MATCHED,EXACT_REFERENCE_AMOUNT,1.0,,"Exact invoice reference, currency, and amount",False
ORA-P014-02,ORA-C014,PARTIAL,2827.17,,0.0,2827.17,MANUAL_REVIEW,UNMATCHED,0.0,UNMATCHED_CASH,No deterministic match found,False
ORA-P014-05B,ORA-C014,MULTI_PAYMENT_ONE_INVOICE,2981.41,,0.0,2981.41,MANUAL_REVIEW,UNMATCHED,0.0,UNMATCHED_CASH,No deterministic match found,False
ORA-P015-05B,ORA-C015,MULTI_PAYMENT_ONE_INVOICE,2922.63,,0.0,2922.63,MANUAL_REVIEW,UNMATCHED,0.0,UNMATCHED_CASH,No deterministic match found,False
ORA-P017-02,ORA-C017,PARTIAL,2980.21,,0.0,2980.21,MANUAL_REVIEW,UNMATCHED,0.0,UNMATCHED_CASH,No deterministic match found,False
SAP-P002-06,SAP-C002,MISSING_REMITTANCE,3599.69,,0.0,3599.69,MANUAL_REVIEW,UNMATCHED,0.0,UNMATCHED_CASH,No deterministic match found,False
SAP-P008-03,SAP-C008,OVERPAYMENT,4169.02,,0.0,4169.02,MANUAL_REVIEW,UNMATCHED,0.0,UNMATCHED_CASH,No deterministic match found,False
SAP-P013-08,SAP-C013,SHORT_PAY_DEDUCTION,5810.86,,0.0,5810.86,MANUAL_REVIEW,UNMATCHED,0.0,UNMATCHED_CASH,No deterministic match found,False
SAP-P015-02,SAP-C015,PARTIAL,2745.43,,0.0,2745.43,MANUAL_REVIEW,UNMATCHED,0.0,UNMATCHED_CASH,No deterministic match found,False
SAP-P015-07,SAP-C015,CURRENCY_TOLERANCE,6499.22,,0.0,6499.22,MANUAL_REVIEW,UNMATCHED,0.0,UNMATCHED_CASH,No deterministic match found,False
SAP-P017-01,SAP-C017,EXACT,4789.92,SAP-I017-01,4789.92,0.0,AUTO_MATCHED,EXACT_REFERENCE_AMOUNT,1.0,,"Exact invoice reference, currency, and amount",False
SAP-P018-06,SAP-C018,MISSING_REMITTANCE,6020.66,,0.0,6020.66,MANUAL_REVIEW,UNMATCHED,0.0,UNMATCHED_CASH,No deterministic match found,False
NET-P001-05B,NET-C001,MULTI_PAYMENT_ONE_INVOICE,2090.14,,0.0,2090.14,MANUAL_REVIEW,UNMATCHED,0.0,UNMATCHED_CASH,No deterministic match found,False
NET-P003-09,NET-C003,UNMATCHED_CASH,4084.2,,0.0,4084.2,MANUAL_REVIEW,UNMATCHED,0.0,UNMATCHED_CASH,No deterministic match found,False
NET-P004-05A,NET-C004,MULTI_PAYMENT_ONE_INVOICE,1868.92,,0.0,1868.92,MANUAL_REVIEW,UNMATCHED,0.0,UNMATCHED_CASH,No deterministic match found,False
NET-P005-05B,NET-C005,MULTI_PAYMENT_ONE_INVOICE,2217.78,,0.0,2217.78,MANUAL_REVIEW,UNMATCHED,0.0,UNMATCHED_CASH,No deterministic match found,False
NET-P006-02,NET-C006,PARTIAL,2122.65,,0.0,2122.65,MANUAL_REVIEW,UNMATCHED,0.0,UNMATCHED_CASH,No deterministic match found,False
NET-P012-06,NET-C012,MISSING_REMITTANCE,5361.19,,0.0,5361.19,MANUAL_REVIEW,UNMATCHED,0.0,UNMATCHED_CASH,No deterministic match found,False
NET-P013-05A,NET-C013,MULTI_PAYMENT_ONE_INVOICE,2354.69,,0.0,2354.69,MANUAL_REVIEW,UNMATCHED,0.0,UNMATCHED_CASH,No deterministic match found,False
NET-P015-03,NET-C015,OVERPAYMENT,5152.94,,0.0,5152.94,MANUAL_REVIEW,UNMATCHED,0.0,UNMATCHED_CASH,No deterministic match found,False
NET-P016-07,NET-C016,CURRENCY_TOLERANCE,6741.0,,0.0,6741.0,MANUAL_REVIEW,UNMATCHED,0.0,UNMATCHED_CASH,No deterministic match found,False
NET-P018-01,NET-C018,EXACT,5098.04,NET-I018-01,5098.04,0.0,AUTO_MATCHED,EXACT_REFERENCE_AMOUNT,1.0,,"Exact invoice reference, currency, and amount",False
NET-P018-01-DUP,NET-C018,DUPLICATE_PAYMENT,5098.04,,0.0,0.0,MANUAL_REVIEW,DUPLICATE_DETECTED,0.0,DUPLICATE_PAYMENT,Repeated bank transaction identifier,True
NET-P018-09,NET-C018,UNMATCHED_CASH,5652.18,,0.0,5652.18,MANUAL_REVIEW,UNMATCHED,0.0,UNMATCHED_CASH,No deterministic match found,False
ORA-P002-05B,ORA-C002,MULTI_PAYMENT_ONE_INVOICE,1916.6,,0.0,1916.6,MANUAL_REVIEW,UNMATCHED,0.0,UNMATCHED_CASH,No deterministic match found,False
ORA-P003-09,ORA-C003,UNMATCHED_CASH,3875.96,,0.0,3875.96,MANUAL_REVIEW,UNMATCHED,0.0,UNMATCHED_CASH,No deterministic match found,False
ORA-P006-04,ORA-C006,ONE_PAYMENT_MULTI_INVOICE,7267.1,,0.0,7267.1,MANUAL_REVIEW,UNMATCHED,0.0,UNMATCHED_CASH,No deterministic match found,False
ORA-P006-05B,ORA-C006,MULTI_PAYMENT_ONE_INVOICE,2295.69,,0.0,2295.69,MANUAL_REVIEW,UNMATCHED,0.0,UNMATCHED_CASH,No deterministic match found,False
ORA-P010-07,ORA-C010,CURRENCY_TOLERANCE,5546.03,,0.0,5546.03,MANUAL_REVIEW,UNMATCHED,0.0,UNMATCHED_CASH,No deterministic match found,False
ORA-P012-06,ORA-C012,MISSING_REMITTANCE,5230.75,,0.0,5230.75,MANUAL_REVIEW,UNMATCHED,0.0,UNMATCHED_CASH,No deterministic match found,False
ORA-P015-06,ORA-C015,MISSING_REMITTANCE,5484.66,,0.0,5484.66,MANUAL_REVIEW,UNMATCHED,0.0,UNMATCHED_CASH,No deterministic match found,False
SAP-P006-09,SAP-C006,UNMATCHED_CASH,4240.85,,0.0,4240.85,MANUAL_REVIEW,UNMATCHED,0.0,UNMATCHED_CASH,No deterministic match found,False
SAP-P007-05B,SAP-C007,MULTI_PAYMENT_ONE_INVOICE,2550.43,,0.0,2550.43,MANUAL_REVIEW,UNMATCHED,0.0,UNMATCHED_CASH,No deterministic match found,False
SAP-P008-02,SAP-C008,PARTIAL,2397.66,,0.0,2397.66,MANUAL_REVIEW,UNMATCHED,0.0,UNMATCHED_CASH,No deterministic match found,False
SAP-P010-03,SAP-C010,OVERPAYMENT,4103.78,,0.0,4103.78,MANUAL_REVIEW,UNMATCHED,0.0,UNMATCHED_CASH,No deterministic match found,False
SAP-P010-09,SAP-C010,UNMATCHED_CASH,4792.4,,0.0,4792.4,MANUAL_REVIEW,UNMATCHED,0.0,UNMATCHED_CASH,No deterministic match found,False
SAP-P011-03,SAP-C011,OVERPAYMENT,4349.46,,0.0,4349.46,MANUAL_REVIEW,UNMATCHED,0.0,UNMATCHED_CASH,No deterministic match found,False
SAP-P012-03,SAP-C012,OVERPAYMENT,4558.58,,0.0,4558.58,MANUAL_REVIEW,UNMATCHED,0.0,UNMATCHED_CASH,No deterministic match found,False
SAP-P014-06,SAP-C014,MISSING_REMITTANCE,5513.79,,0.0,5513.79,MANUAL_REVIEW,UNMATCHED,0.0,UNMATCHED_CASH,No deterministic match found,False
SAP-P017-02,SAP-C017,PARTIAL,3094.68,,0.0,3094.68,MANUAL_REVIEW,UNMATCHED,0.0,UNMATCHED_CASH,No deterministic match found,False
SAP-P018-02,SAP-C018,PARTIAL,3114.51,,0.0,3114.51,MANUAL_REVIEW,UNMATCHED,0.0,UNMATCHED_CASH,No deterministic match found,False
NET-P002-07,NET-C002,CURRENCY_TOLERANCE,4572.95,,0.0,4572.95,MANUAL_REVIEW,UNMATCHED,0.0,UNMATCHED_CASH,No deterministic match found,False
NET-P007-05B,NET-C007,MULTI_PAYMENT_ONE_INVOICE,2309.86,,0.0,2309.86,MANUAL_REVIEW,UNMATCHED,0.0,UNMATCHED_CASH,No deterministic match found,False
NET-P008-05A,NET-C008,MULTI_PAYMENT_ONE_INVOICE,2171.82,,0.0,2171.82,MANUAL_REVIEW,UNMATCHED,0.0,UNMATCHED_CASH,No deterministic match found,False
NET-P009-01,NET-C009,EXACT,3491.95,NET-I009-01,3491.95,0.0,AUTO_MATCHED,EXACT_REFERENCE_AMOUNT,1.0,,"Exact invoice reference, currency, and amount",False
NET-P009-01-DUP,NET-C009,DUPLICATE_PAYMENT,3491.95,,0.0,0.0,MANUAL_REVIEW,DUPLICATE_DETECTED,0.0,DUPLICATE_PAYMENT,Repeated bank transaction identifier,True
NET-P011-03,NET-C011,OVERPAYMENT,4317.7,,0.0,4317.7,MANUAL_REVIEW,UNMATCHED,0.0,UNMATCHED_CASH,No deterministic match found,False
NET-P011-09,NET-C011,UNMATCHED_CASH,4800.42,,0.0,4800.42,MANUAL_REVIEW,UNMATCHED,0.0,UNMATCHED_CASH,No deterministic match found,False
NET-P016-05A,NET-C016,MULTI_PAYMENT_ONE_INVOICE,2651.8,,0.0,2651.8,MANUAL_REVIEW,UNMATCHED,0.0,UNMATCHED_CASH,No deterministic match found,False
NET-P016-05B,NET-C016,MULTI_PAYMENT_ONE_INVOICE,3241.1,,0.0,3241.1,MANUAL_REVIEW,UNMATCHED,0.0,UNMATCHED_CASH,No deterministic match found,False
ORA-P001-05B,ORA-C001,MULTI_PAYMENT_ONE_INVOICE,1956.56,,0.0,1956.56,MANUAL_REVIEW,UNMATCHED,0.0,UNMATCHED_CASH,No deterministic match found,False
ORA-P003-05B,ORA-C003,MULTI_PAYMENT_ONE_INVOICE,2195.08,,0.0,2195.08,MANUAL_REVIEW,UNMATCHED,0.0,UNMATCHED_CASH,No deterministic match found,False
ORA-P005-03,ORA-C005,OVERPAYMENT,3526.08,,0.0,3526.08,MANUAL_REVIEW,UNMATCHED,0.0,UNMATCHED_CASH,No deterministic match found,False
ORA-P007-04,ORA-C007,ONE_PAYMENT_MULTI_INVOICE,8082.62,,0.0,8082.62,MANUAL_REVIEW,UNMATCHED,0.0,UNMATCHED_CASH,No deterministic match found,False
ORA-P008-03,ORA-C008,OVERPAYMENT,4213.61,,0.0,4213.61,MANUAL_REVIEW,UNMATCHED,0.0,UNMATCHED_CASH,No deterministic match found,False
ORA-P010-04,ORA-C010,ONE_PAYMENT_MULTI_INVOICE,9227.96,,0.0,9227.96,MANUAL_REVIEW,UNMATCHED,0.0,UNMATCHED_CASH,No deterministic match found,False
ORA-P012-04,ORA-C012,ONE_PAYMENT_MULTI_INVOICE,9363.34,,0.0,9363.34,MANUAL_REVIEW,UNMATCHED,0.0,UNMATCHED_CASH,No deterministic match found,False
ORA-P013-09,ORA-C013,UNMATCHED_CASH,5128.78,,0.0,5128.78,MANUAL_REVIEW,UNMATCHED,0.0,UNMATCHED_CASH,No deterministic match found,False
ORA-P018-02,ORA-C018,PARTIAL,3065.27,,0.0,3065.27,MANUAL_REVIEW,UNMATCHED,0.0,UNMATCHED_CASH,No deterministic match found,False
SAP-P004-03,SAP-C004,OVERPAYMENT,3660.46,,0.0,3660.46,MANUAL_REVIEW,UNMATCHED,0.0,UNMATCHED_CASH,No deterministic match found,False
SAP-P009-01,SAP-C009,EXACT,3465.32,SAP-I009-01,3465.32,0.0,AUTO_MATCHED,EXACT_REFERENCE_AMOUNT,1.0,,"Exact invoice reference, currency, and amount",False
SAP-P009-01-DUP,SAP-C009,DUPLICATE_PAYMENT,3465.32,,0.0,0.0,MANUAL_REVIEW,DUPLICATE_DETECTED,0.0,DUPLICATE_PAYMENT,Repeated bank transaction identifier,True
SAP-P011-09,SAP-C011,UNMATCHED_CASH,4885.32,,0.0,4885.32,MANUAL_REVIEW,UNMATCHED,0.0,UNMATCHED_CASH,No deterministic match found,False
SAP-P012-05A,SAP-C012,MULTI_PAYMENT_ONE_INVOICE,2155.83,,0.0,2155.83,MANUAL_REVIEW,UNMATCHED,0.0,UNMATCHED_CASH,No deterministic match found,False
SAP-P016-04,SAP-C016,ONE_PAYMENT_MULTI_INVOICE,10299.65,,0.0,10299.65,MANUAL_REVIEW,UNMATCHED,0.0,UNMATCHED_CASH,No deterministic match found,False
SAP-P017-03,SAP-C017,OVERPAYMENT,4922.2,,0.0,4922.2,MANUAL_REVIEW,UNMATCHED,0.0,UNMATCHED_CASH,No deterministic match found,False
SAP-P017-05B,SAP-C017,MULTI_PAYMENT_ONE_INVOICE,3305.91,,0.0,3305.91,MANUAL_REVIEW,UNMATCHED,0.0,UNMATCHED_CASH,No deterministic match found,False
SAP-P018-08,SAP-C018,SHORT_PAY_DEDUCTION,6548.43,,0.0,6548.43,MANUAL_REVIEW,UNMATCHED,0.0,UNMATCHED_CASH,No deterministic match found,False
