payment_id,customer_id,benchmark_case,payment_amount_usd,matched_invoice_ids,applied_amount_usd,residual_amount_usd,status,match_method,confidence,exception_code,reason,is_duplicate_record,route_code,assigned_team
NET-P001-06,NET-C001,MISSING_REMITTANCE,3656.69,,0.0,3656.69,MANUAL_REVIEW,UNMATCHED,0.0,UNMATCHED_CASH,No deterministic match found,False,UNMATCHED_CASH,Cash Application Analyst
NET-P007-03,NET-C007,OVERPAYMENT,3702.74,NET-I007-03,3577.74,125.0,AUTO_APPLIED_WITH_RESIDUAL,OVERPAYMENT_APPLY,0.99,OVERPAYMENT_RESIDUAL,Invoice cleared; residual retained as unapplied customer credit,False,OVERPAYMENT_RESIDUAL,Customer Credit Analyst
NET-P015-06,NET-C015,MISSING_REMITTANCE,5956.87,,0.0,5956.87,MANUAL_REVIEW,UNMATCHED,0.0,UNMATCHED_CASH,No deterministic match found,False,UNMATCHED_CASH,Cash Application Analyst
NET-P016-06,NET-C016,MISSING_REMITTANCE,5641.47,,0.0,5641.47,MANUAL_REVIEW,UNMATCHED,0.0,UNMATCHED_CASH,No deterministic match found,False,UNMATCHED_CASH,Cash Application Analyst
ORA-P001-07,ORA-C001,CURRENCY_TOLERANCE,4038.78,ORA-I001-08,3670.54,368.24,AUTO_APPLIED_WITH_RESIDUAL,OVERPAYMENT_APPLY,0.99,OVERPAYMENT_RESIDUAL,Invoice cleared; residual retained as unapplied customer credit,False,OVERPAYMENT_RESIDUAL,Customer Credit Analyst
ORA-P001-09,ORA-C001,UNMATCHED_CASH,3926.99,,0.0,3926.99,MANUAL_REVIEW,UNMATCHED,0.0,UNMATCHED_CASH,No deterministic match found,False,UNMATCHED_CASH,Cash Application Analyst
ORA-P006-06,ORA-C006,MISSING_REMITTANCE,4655.77,,0.0,4655.77,MANUAL_REVIEW,UNMATCHED,0.0,UNMATCHED_CASH,No deterministic match found,False,UNMATCHED_CASH,Cash Application Analyst
ORA-P017-09,ORA-C017,UNMATCHED_CASH,5628.68,,0.0,5628.68,MANUAL_REVIEW,UNMATCHED,0.0,UNMATCHED_CASH,No deterministic match found,False,UNMATCHED_CASH,Cash Application Analyst
ORA-P018-01-DUP,ORA-C018,DUPLICATE_PAYMENT,4723.2,,0.0,0.0,MANUAL_REVIEW,DUPLICATE_DETECTED,0.0,DUPLICATE_PAYMENT,Repeated bank transaction identifier,True,DUPLICATE_PAYMENT,Cash Application Data Steward
SAP-P009-07,SAP-C009,CURRENCY_TOLERANCE,5478.61,SAP-I009-08,4979.67,498.94,AUTO_APPLIED_WITH_RESIDUAL,OVERPAYMENT_APPLY,0.99,OVERPAYMENT_RESIDUAL,Invoice cleared; residual retained as unapplied customer credit,False,OVERPAYMENT_RESIDUAL,Customer Credit Analyst
SAP-P012-06,SAP-C012,MISSING_REMITTANCE,5046.0,,0.0,5046.0,MANUAL_REVIEW,UNMATCHED,0.0,UNMATCHED_CASH,No deterministic match found,False,UNMATCHED_CASH,Cash Application Analyst
SAP-P015-01-DUP,SAP-C015,DUPLICATE_PAYMENT,4636.5,,0.0,0.0,MANUAL_REVIEW,DUPLICATE_DETECTED,0.0,DUPLICATE_PAYMENT,Repeated bank transaction identifier,True,DUPLICATE_PAYMENT,Cash Application Data Steward
SAP-P016-09,SAP-C016,UNMATCHED_CASH,5491.48,,0.0,5491.48,MANUAL_REVIEW,UNMATCHED,0.0,UNMATCHED_CASH,No deterministic match found,False,UNMATCHED_CASH,Cash Application Analyst
NET-P001-03,NET-C001,OVERPAYMENT,3178.5,NET-I001-03,3053.5,125.0,AUTO_APPLIED_WITH_RESIDUAL,OVERPAYMENT_APPLY,0.99,OVERPAYMENT_RESIDUAL,Invoice cleared; residual retained as unapplied customer credit,False,OVERPAYMENT_RESIDUAL,Customer Credit Analyst
NET-P001-09,NET-C001,UNMATCHED_CASH,3445.84,,0.0,3445.84,MANUAL_REVIEW,UNMATCHED,0.0,UNMATCHED_CASH,No deterministic match found,False,UNMATCHED_CASH,Cash Application Analyst
NET-P003-06,NET-C003,MISSING_REMITTANCE,3726.37,,0.0,3726.37,MANUAL_REVIEW,UNMATCHED,0.0,UNMATCHED_CASH,No deterministic match found,False,UNMATCHED_CASH,Cash Application Analyst
NET-P004-03,NET-C004,OVERPAYMENT,3227.79,NET-I004-03,3102.79,125.0,AUTO_APPLIED_WITH_RESIDUAL,OVERPAYMENT_APPLY,0.99,OVERPAYMENT_RESIDUAL,Invoice cleared; residual retained as unapplied customer credit,False,OVERPAYMENT_RESIDUAL,Customer Credit Analyst
NET-P012-01-DUP,NET-C012,DUPLICATE_PAYMENT,4138.47,,0.0,0.0,MANUAL_REVIEW,DUPLICATE_DETECTED,0.0,DUPLICATE_PAYMENT,Repeated bank transaction identifier,True,DUPLICATE_PAYMENT,Cash Application Data Steward
NET-P013-06,NET-C013,MISSING_REMITTANCE,5442.14,,0.0,5442.14,MANUAL_REVIEW,UNMATCHED,0.0,UNMATCHED_CASH,No deterministic match found,False,UNMATCHED_CASH,Cash Application Analyst
ORA-P003-07,ORA-C003,CURRENCY_TOLERANCE,5022.67,ORA-I003-08,4567.2,455.47,AUTO_APPLIED_WITH_RESIDUAL,OVERPAYMENT_APPLY,0.99,OVERPAYMENT_RESIDUAL,Invoice cleared; residual retained as unapplied customer credit,False,OVERPAYMENT_RESIDUAL,Customer Credit Analyst
ORA-P012-07,ORA-C012,CURRENCY_TOLERANCE,6344.91,ORA-I012-08,5769.04,575.87,AUTO_APPLIED_WITH_RESIDUAL,OVERPAYMENT_APPLY,0.99,OVERPAYMENT_RESIDUAL,Invoice cleared; residual retained as unapplied customer credit,False,OVERPAYMENT_RESIDUAL,Customer Credit Analyst
SAP-P004-06,SAP-C004,MISSING_REMITTANCE,4427.55,,0.0,4427.55,MANUAL_REVIEW,UNMATCHED,0.0,UNMATCHED_CASH,No deterministic match found,False,UNMATCHED_CASH,Cash Application Analyst
NET-P005-07,NET-C005,CURRENCY_TOLERANCE,5098.21,NET-I005-08,4635.53,462.68,AUTO_APPLIED_WITH_RESIDUAL,OVERPAYMENT_APPLY,0.99,OVERPAYMENT_RESIDUAL,Invoice cleared; residual retained as unapplied customer credit,False,OVERPAYMENT_RESIDUAL,Customer Credit Analyst
NET-P010-07,NET-C010,CURRENCY_TOLERANCE,5950.48,NET-I010-08,5409.95,540.53,AUTO_APPLIED_WITH_RESIDUAL,OVERPAYMENT_APPLY,0.99,OVERPAYMENT_RESIDUAL,Invoice cleared; residual retained as unapplied customer credit,False,OVERPAYMENT_RESIDUAL,Customer Credit Analyst
NET-P011-06,NET-C011,MISSING_REMITTANCE,4956.32,,0.0,4956.32,MANUAL_REVIEW,UNMATCHED,0.0,UNMATCHED_CASH,No deterministic match found,False,UNMATCHED_CASH,Cash Application Analyst
NET-P016-09,NET-C016,UNMATCHED_CASH,5512.62,,0.0,5512.62,MANUAL_REVIEW,UNMATCHED,0.0,UNMATCHED_CASH,No deterministic match found,False,UNMATCHED_CASH,Cash Application Analyst
ORA-P002-06,ORA-C002,MISSING_REMITTANCE,4045.21,,0.0,4045.21,MANUAL_REVIEW,UNMATCHED,0.0,UNMATCHED_CASH,No deterministic match found,False,UNMATCHED_CASH,Cash Application Analyst
ORA-P004-06,ORA-C004,MISSING_REMITTANCE,3934.71,,0.0,3934.71,MANUAL_REVIEW,UNMATCHED,0.0,UNMATCHED_CASH,No deterministic match found,False,UNMATCHED_CASH,Cash Application Analyst
ORA-P006-07,ORA-C006,CURRENCY_TOLERANCE,5419.98,ORA-I006-08,4926.33,493.65,AUTO_APPLIED_WITH_RESIDUAL,OVERPAYMENT_APPLY,0.99,OVERPAYMENT_RESIDUAL,Invoice cleared; residual retained as unapplied customer credit,False,OVERPAYMENT_RESIDUAL,Customer Credit Analyst
ORA-P012-03,ORA-C012,OVERPAYMENT,4743.7,ORA-I012-03,4618.7,125.0,AUTO_APPLIED_WITH_RESIDUAL,OVERPAYMENT_APPLY,0.99,OVERPAYMENT_RESIDUAL,Invoice cleared; residual retained as unapplied customer credit,False,OVERPAYMENT_RESIDUAL,Customer Credit Analyst
SAP-P007-03,SAP-C007,OVERPAYMENT,3650.15,SAP-I007-03,3525.15,125.0,AUTO_APPLIED_WITH_RESIDUAL,OVERPAYMENT_APPLY,0.99,OVERPAYMENT_RESIDUAL,Invoice cleared; residual retained as unapplied customer credit,False,OVERPAYMENT_RESIDUAL,Customer Credit Analyst
SAP-P013-06,SAP-C013,MISSING_REMITTANCE,5716.25,,0.0,5716.25,MANUAL_REVIEW,UNMATCHED,0.0,UNMATCHED_CASH,No deterministic match found,False,UNMATCHED_CASH,Cash Application Analyst
SAP-P016-03,SAP-C016,OVERPAYMENT,5158.86,SAP-I016-03,5033.86,125.0,AUTO_APPLIED_WITH_RESIDUAL,OVERPAYMENT_APPLY,0.99,OVERPAYMENT_RESIDUAL,Invoice cleared; residual retained as unapplied customer credit,False,OVERPAYMENT_RESIDUAL,Customer Credit Analyst
SAP-P017-07,SAP-C017,CURRENCY_TOLERANCE,6722.66,SAP-I017-08,6112.1,610.56,AUTO_APPLIED_WITH_RESIDUAL,OVERPAYMENT_APPLY,0.99,OVERPAYMENT_RESIDUAL,Invoice cleared; residual retained as unapplied customer credit,False,OVERPAYMENT_RESIDUAL,Customer Credit Analyst
NET-P001-07,NET-C001,CURRENCY_TOLERANCE,4724.49,NET-I001-08,4295.53,428.96,AUTO_APPLIED_WITH_RESIDUAL,OVERPAYMENT_APPLY,0.99,OVERPAYMENT_RESIDUAL,Invoice cleared; residual retained as unapplied customer credit,False,OVERPAYMENT_RESIDUAL,Customer Credit Analyst
NET-P002-05B,NET-C002,MULTI_PAYMENT_ONE_INVOICE,2187.23,NET-I002-06,8.75,2178.48,AUTO_APPLIED_WITH_RESIDUAL,OVERPAYMENT_APPLY,0.99,OVERPAYMENT_RESIDUAL,Invoice cleared; residual retained as unapplied customer credit,False,OVERPAYMENT_RESIDUAL,Customer Credit Analyst
NET-P008-03,NET-C008,OVERPAYMENT,3809.66,NET-I008-03,3684.66,125.0,AUTO_APPLIED_WITH_RESIDUAL,OVERPAYMENT_APPLY,0.99,OVERPAYMENT_RESIDUAL,Invoice cleared; residual retained as unapplied customer credit,False,OVERPAYMENT_RESIDUAL,Customer Credit Analyst
NET-P010-06,NET-C010,MISSING_REMITTANCE,5108.56,,0.0,5108.56,MANUAL_REVIEW,UNMATCHED,0.0,UNMATCHED_CASH,No deterministic match found,False,UNMATCHED_CASH,Cash Application Analyst
ORA-P001-03,ORA-C001,OVERPAYMENT,3226.53,ORA-I001-03,3101.53,125.0,AUTO_APPLIED_WITH_RESIDUAL,OVERPAYMENT_APPLY,0.99,OVERPAYMENT_RESIDUAL,Invoice cleared; residual retained as unapplied customer credit,False,OVERPAYMENT_RESIDUAL,Customer Credit Analyst
ORA-P008-09,ORA-C008,UNMATCHED_CASH,4310.12,,0.0,4310.12,MANUAL_REVIEW,UNMATCHED,0.0,UNMATCHED_CASH,No deterministic match found,False,UNMATCHED_CASH,Cash Application Analyst
ORA-P010-06,ORA-C010,MISSING_REMITTANCE,5134.84,,0.0,5134.84,MANUAL_REVIEW,UNMATCHED,0.0,UNMATCHED_CASH,No deterministic match found,False,UNMATCHED_CASH,Cash Application Analyst
ORA-P013-03,ORA-C013,OVERPAYMENT,4604.95,ORA-I013-03,4479.95,125.0,AUTO_APPLIED_WITH_RESIDUAL,OVERPAYMENT_APPLY,0.99,OVERPAYMENT_RESIDUAL,Invoice cleared; residual retained as unapplied customer credit,False,OVERPAYMENT_RESIDUAL,Customer Credit Analyst
ORA-P018-09,ORA-C018,UNMATCHED_CASH,5579.33,,0.0,5579.33,MANUAL_REVIEW,UNMATCHED,0.0,UNMATCHED_CASH,No deterministic match found,False,UNMATCHED_CASH,Cash Application Analyst
SAP-P007-09,SAP-C007,UNMATCHED_CASH,4527.0,,0.0,4527.0,MANUAL_REVIEW,UNMATCHED,0.0,UNMATCHED_CASH,No deterministic match found,False,UNMATCHED_CASH,Cash Application Analyst
SAP-P011-06,SAP-C011,MISSING_REMITTANCE,4801.35,,0.0,4801.35,MANUAL_REVIEW,UNMATCHED,0.0,UNMATCHED_CASH,No deterministic match found,False,UNMATCHED_CASH,Cash Application Analyst
SAP-P013-03,SAP-C013,OVERPAYMENT,4555.5,SAP-I013-03,4430.5,125.0,AUTO_APPLIED_WITH_RESIDUAL,OVERPAYMENT_APPLY,0.99,OVERPAYMENT_RESIDUAL,Invoice cleared; residual retained as unapplied customer credit,False,OVERPAYMENT_RESIDUAL,Customer Credit Analyst
SAP-P016-07,SAP-C016,CURRENCY_TOLERANCE,6905.71,SAP-I016-08,6277.41,628.3,AUTO_APPLIED_WITH_RESIDUAL,OVERPAYMENT_APPLY,0.99,OVERPAYMENT_RESIDUAL,Invoice cleared; residual retained as unapplied customer credit,False,OVERPAYMENT_RESIDUAL,Customer Credit Analyst
NET-P002-03,NET-C002,OVERPAYMENT,2902.6,NET-I002-03,2777.6,125.0,AUTO_APPLIED_WITH_RESIDUAL,OVERPAYMENT_APPLY,0.99,OVERPAYMENT_RESIDUAL,Invoice cleared; residual retained as unapplied customer credit,False,OVERPAYMENT_RESIDUAL,Customer Credit Analyst
NET-P007-06,NET-C007,MISSING_REMITTANCE,4352.99,,0.0,4352.99,MANUAL_REVIEW,UNMATCHED,0.0,UNMATCHED_CASH,No deterministic match found,False,UNMATCHED_CASH,Cash Application Analyst
NET-P010-09,NET-C010,UNMATCHED_CASH,4861.14,,0.0,4861.14,MANUAL_REVIEW,UNMATCHED,0.0,UNMATCHED_CASH,No deterministic match found,False,UNMATCHED_CASH,Cash Application Analyst
NET-P015-09,NET-C015,UNMATCHED_CASH,5405.99,,0.0,5405.99,MANUAL_REVIEW,UNMATCHED,0.0,UNMATCHED_CASH,No deterministic match found,False,UNMATCHED_CASH,Cash Application Analyst
NET-P018-03,NET-C018,OVERPAYMENT,5099.2,NET-I018-03,4974.2,125.0,AUTO_APPLIED_WITH_RESIDUAL,OVERPAYMENT_APPLY,0.99,OVERPAYMENT_RESIDUAL,Invoice cleared; residual retained as unapplied customer credit,False,OVERPAYMENT_RESIDUAL,Customer Credit Analyst
NET-P018-07,NET-C018,CURRENCY_TOLERANCE,6979.08,NET-I018-08,6344.15,634.93,AUTO_APPLIED_WITH_RESIDUAL,OVERPAYMENT_APPLY,0.99,OVERPAYMENT_RESIDUAL,Invoice cleared; residual retained as unapplied customer credit,False,OVERPAYMENT_RESIDUAL,Customer Credit Analyst
ORA-P006-09,ORA-C006,UNMATCHED_CASH,4049.88,,0.0,4049.88,MANUAL_REVIEW,UNMATCHED,0.0,UNMATCHED_CASH,No deterministic match found,False,UNMATCHED_CASH,Cash Application Analyst
ORA-P009-09,ORA-C009,UNMATCHED_CASH,4659.33,,0.0,4659.33,MANUAL_REVIEW,UNMATCHED,0.0,UNMATCHED_CASH,No deterministic match found,False,UNMATCHED_CASH,Cash Application Analyst
ORA-P015-03,ORA-C015,OVERPAYMENT,4699.76,ORA-I015-03,4574.76,125.0,AUTO_APPLIED_WITH_RESIDUAL,OVERPAYMENT_APPLY,0.99,OVERPAYMENT_RESIDUAL,Invoice cleared; residual retained as unapplied customer credit,False,OVERPAYMENT_RESIDUAL,Customer Credit Analyst
SAP-P003-06,SAP-C003,MISSING_REMITTANCE,3875.42,,0.0,3875.42,MANUAL_REVIEW,UNMATCHED,0.0,UNMATCHED_CASH,No deterministic match found,False,UNMATCHED_CASH,Cash Application Analyst
SAP-P006-03,SAP-C006,OVERPAYMENT,3767.75,SAP-I006-03,3642.75,125.0,AUTO_APPLIED_WITH_RESIDUAL,OVERPAYMENT_APPLY,0.99,OVERPAYMENT_RESIDUAL,Invoice cleared; residual retained as unapplied customer credit,False,OVERPAYMENT_RESIDUAL,Customer Credit Analyst
SAP-P006-06,SAP-C006,MISSING_REMITTANCE,4700.74,,0.0,4700.74,MANUAL_REVIEW,UNMATCHED,0.0,UNMATCHED_CASH,No deterministic match found,False,UNMATCHED_CASH,Cash Application Analyst
SAP-P006-07,SAP-C006,CURRENCY_TOLERANCE,5136.54,SAP-I006-08,4669.91,466.63,AUTO_APPLIED_WITH_RESIDUAL,OVERPAYMENT_APPLY,0.99,OVERPAYMENT_RESIDUAL,Invoice cleared; residual retained as unapplied customer credit,False,OVERPAYMENT_RESIDUAL,Customer Credit Analyst
SAP-P010-06,SAP-C010,MISSING_REMITTANCE,5186.78,,0.0,5186.78,MANUAL_REVIEW,UNMATCHED,0.0,UNMATCHED_CASH,No deterministic match found,False,UNMATCHED_CASH,Cash Application Analyst
SAP-P012-09,SAP-C012,UNMATCHED_CASH,5066.73,,0.0,5066.73,MANUAL_REVIEW,UNMATCHED,0.0,UNMATCHED_CASH,No deterministic match found,False,UNMATCHED_CASH,Cash Application Analyst
SAP-P015-09,SAP-C015,UNMATCHED_CASH,4995.97,,0.0,4995.97,MANUAL_REVIEW,UNMATCHED,0.0,UNMATCHED_CASH,No deterministic match found,False,UNMATCHED_CASH,Cash Application Analyst
SAP-P018-09,SAP-C018,UNMATCHED_CASH,5433.17,,0.0,5433.17,MANUAL_REVIEW,UNMATCHED,0.0,UNMATCHED_CASH,No deterministic match found,False,UNMATCHED_CASH,Cash Application Analyst
NET-P005-06,NET-C005,MISSING_REMITTANCE,3987.44,,0.0,3987.44,MANUAL_REVIEW,UNMATCHED,0.0,UNMATCHED_CASH,No deterministic match found,False,UNMATCHED_CASH,Cash Application Analyst
NET-P015-07,NET-C015,CURRENCY_TOLERANCE,6485.86,NET-I015-08,5896.64,589.22,AUTO_APPLIED_WITH_RESIDUAL,OVERPAYMENT_APPLY,0.99,OVERPAYMENT_RESIDUAL,Invoice cleared; residual retained as unapplied customer credit,False,OVERPAYMENT_RESIDUAL,Customer Credit Analyst
ORA-P009-06,ORA-C009,MISSING_REMITTANCE,5205.46,,0.0,5205.46,MANUAL_REVIEW,UNMATCHED,0.0,UNMATCHED_CASH,No deterministic match found,False,UNMATCHED_CASH,Cash Application Analyst
ORA-P014-07,ORA-C014,CURRENCY_TOLERANCE,6462.01,ORA-I014-08,5874.53,587.48,AUTO_APPLIED_WITH_RESIDUAL,OVERPAYMENT_APPLY,0.99,OVERPAYMENT_RESIDUAL,Invoice cleared; residual retained as unapplied customer credit,False,OVERPAYMENT_RESIDUAL,Customer Credit Analyst
ORA-P018-03,ORA-C018,OVERPAYMENT,5565.31,ORA-I018-03,5440.31,125.0,AUTO_APPLIED_WITH_RESIDUAL,OVERPAYMENT_APPLY,0.99,OVERPAYMENT_RESIDUAL,Invoice cleared; residual retained as unapplied customer credit,False,OVERPAYMENT_RESIDUAL,Customer Credit Analyst
SAP-P001-07,SAP-C001,CURRENCY_TOLERANCE,4537.84,SAP-I001-08,4126.21,411.63,AUTO_APPLIED_WITH_RESIDUAL,OVERPAYMENT_APPLY,0.99,OVERPAYMENT_RESIDUAL,Invoice cleared; residual retained as unapplied customer credit,False,OVERPAYMENT_RESIDUAL,Customer Credit Analyst
SAP-P003-07,SAP-C003,CURRENCY_TOLERANCE,4993.01,SAP-I003-08,4538.2,454.81,AUTO_APPLIED_WITH_RESIDUAL,OVERPAYMENT_APPLY,0.99,OVERPAYMENT_RESIDUAL,Invoice cleared; residual retained as unapplied customer credit,False,OVERPAYMENT_RESIDUAL,Customer Credit Analyst
SAP-P005-09,SAP-C005,UNMATCHED_CASH,3854.06,,0.0,3854.06,MANUAL_REVIEW,UNMATCHED,0.0,UNMATCHED_CASH,No deterministic match found,False,UNMATCHED_CASH,Cash Application Analyst
SAP-P007-07,SAP-C007,CURRENCY_TOLERANCE,5550.5,SAP-I007-08,5046.18,504.32,AUTO_APPLIED_WITH_RESIDUAL,OVERPAYMENT_APPLY,0.99,OVERPAYMENT_RESIDUAL,Invoice cleared; residual retained as unapplied customer credit,False,OVERPAYMENT_RESIDUAL,Customer Credit Analyst
SAP-P016-06,SAP-C016,MISSING_REMITTANCE,5678.03,,0.0,5678.03,MANUAL_REVIEW,UNMATCHED,0.0,UNMATCHED_CASH,No deterministic match found,False,UNMATCHED_CASH,Cash Application Analyst
NET-P003-07,NET-C003,CURRENCY_TOLERANCE,4428.75,NET-I003-08,4026.69,402.06,AUTO_APPLIED_WITH_RESIDUAL,OVERPAYMENT_APPLY,0.99,OVERPAYMENT_RESIDUAL,Invoice cleared; residual retained as unapplied customer credit,False,OVERPAYMENT_RESIDUAL,Customer Credit Analyst
NET-P004-07,NET-C004,CURRENCY_TOLERANCE,4793.37,NET-I004-08,4356.65,436.72,AUTO_APPLIED_WITH_RESIDUAL,OVERPAYMENT_APPLY,0.99,OVERPAYMENT_RESIDUAL,Invoice cleared; residual retained as unapplied customer credit,False,OVERPAYMENT_RESIDUAL,Customer Credit Analyst
NET-P005-09,NET-C005,UNMATCHED_CASH,4257.53,,0.0,4257.53,MANUAL_REVIEW,UNMATCHED,0.0,UNMATCHED_CASH,No deterministic match found,False,UNMATCHED_CASH,Cash Application Analyst
NET-P009-03,NET-C009,OVERPAYMENT,4073.1,NET-I009-03,3948.1,125.0,AUTO_APPLIED_WITH_RESIDUAL,OVERPAYMENT_APPLY,0.99,OVERPAYMENT_RESIDUAL,Invoice cleared; residual retained as unapplied customer credit,False,OVERPAYMENT_RESIDUAL,Customer Credit Analyst
NET-P012-07,NET-C012,CURRENCY_TOLERANCE,5791.94,NET-I012-08,5264.9,527.04,AUTO_APPLIED_WITH_RESIDUAL,OVERPAYMENT_APPLY,0.99,OVERPAYMENT_RESIDUAL,Invoice cleared; residual retained as unapplied customer credit,False,OVERPAYMENT_RESIDUAL,Customer Credit Analyst
ORA-P003-03,ORA-C003,OVERPAYMENT,3243.33,ORA-I003-03,3118.33,125.0,AUTO_APPLIED_WITH_RESIDUAL,OVERPAYMENT_APPLY,0.99,OVERPAYMENT_RESIDUAL,Invoice cleared; residual retained as unapplied customer credit,False,OVERPAYMENT_RESIDUAL,Customer Credit Analyst
ORA-P005-06,ORA-C005,MISSING_REMITTANCE,4213.3,,0.0,4213.3,MANUAL_REVIEW,UNMATCHED,0.0,UNMATCHED_CASH,No deterministic match found,False,UNMATCHED_CASH,Cash Application Analyst
ORA-P007-06,ORA-C007,MISSING_REMITTANCE,4289.57,,0.0,4289.57,MANUAL_REVIEW,UNMATCHED,0.0,UNMATCHED_CASH,No deterministic match found,False,UNMATCHED_CASH,Cash Application Analyst
ORA-P007-09,ORA-C007,UNMATCHED_CASH,4327.64,,0.0,4327.64,MANUAL_REVIEW,UNMATCHED,0.0,UNMATCHED_CASH,No deterministic match found,False,UNMATCHED_CASH,Cash Application Analyst
ORA-P017-06,ORA-C017,MISSING_REMITTANCE,6249.83,,0.0,6249.83,MANUAL_REVIEW,UNMATCHED,0.0,UNMATCHED_CASH,No deterministic match found,False,UNMATCHED_CASH,Cash Application Analyst
SAP-P001-09,SAP-C001,UNMATCHED_CASH,3620.0,,0.0,3620.0,MANUAL_REVIEW,UNMATCHED,0.0,UNMATCHED_CASH,No deterministic match found,False,UNMATCHED_CASH,Cash Application Analyst
SAP-P002-03,SAP-C002,OVERPAYMENT,2887.16,SAP-I002-03,2762.16,125.0,AUTO_APPLIED_WITH_RESIDUAL,OVERPAYMENT_APPLY,0.99,OVERPAYMENT_RESIDUAL,Invoice cleared; residual retained as unapplied customer credit,False,OVERPAYMENT_RESIDUAL,Customer Credit Analyst
SAP-P018-03,SAP-C018,OVERPAYMENT,5597.51,SAP-I018-03,5472.51,125.0,AUTO_APPLIED_WITH_RESIDUAL,OVERPAYMENT_APPLY,0.99,OVERPAYMENT_RESIDUAL,Invoice cleared; residual retained as unapplied customer credit,False,OVERPAYMENT_RESIDUAL,Customer Credit Analyst
NET-P003-01-DUP,NET-C003,DUPLICATE_PAYMENT,2858.33,,0.0,0.0,MANUAL_REVIEW,DUPLICATE_DETECTED,0.0,DUPLICATE_PAYMENT,Repeated bank transaction identifier,True,DUPLICATE_PAYMENT,Cash Application Data Steward
NET-P006-09,NET-C006,UNMATCHED_CASH,4441.77,,0.0,4441.77,MANUAL_REVIEW,UNMATCHED,0.0,UNMATCHED_CASH,No deterministic match found,False,UNMATCHED_CASH,Cash Application Analyst
NET-P017-09,NET-C017,UNMATCHED_CASH,5388.6,,0.0,5388.6,MANUAL_REVIEW,UNMATCHED,0.0,UNMATCHED_CASH,No deterministic match found,False,UNMATCHED_CASH,Cash Application Analyst
ORA-P001-06,ORA-C001,MISSING_REMITTANCE,3610.45,,0.0,3610.45,MANUAL_REVIEW,UNMATCHED,0.0,UNMATCHED_CASH,No deterministic match found,False,UNMATCHED_CASH,Cash Application Analyst
ORA-P004-03,ORA-C004,OVERPAYMENT,3414.08,ORA-I004-03,3289.08,125.0,AUTO_APPLIED_WITH_RESIDUAL,OVERPAYMENT_APPLY,0.99,OVERPAYMENT_RESIDUAL,Invoice cleared; residual retained as unapplied customer credit,False,OVERPAYMENT_RESIDUAL,Customer Credit Analyst
ORA-P009-07,ORA-C009,CURRENCY_TOLERANCE,5855.4,ORA-I009-08,5322.25,533.15,AUTO_APPLIED_WITH_RESIDUAL,OVERPAYMENT_APPLY,0.99,OVERPAYMENT_RESIDUAL,Invoice cleared; residual retained as unapplied customer credit,False,OVERPAYMENT_RESIDUAL,Customer Credit Analyst
ORA-P011-03,ORA-C011,OVERPAYMENT,4437.83,ORA-I011-03,4312.83,125.0,AUTO_APPLIED_WITH_RESIDUAL,OVERPAYMENT_APPLY,0.99,OVERPAYMENT_RESIDUAL,Invoice cleared; residual retained as unapplied customer credit,False,OVERPAYMENT_RESIDUAL,Customer Credit Analyst
ORA-P011-07,ORA-C011,CURRENCY_TOLERANCE,5731.85,ORA-I011-08,5211.21,520.64,AUTO_APPLIED_WITH_RESIDUAL,OVERPAYMENT_APPLY,0.99,OVERPAYMENT_RESIDUAL,Invoice cleared; residual retained as unapplied customer credit,False,OVERPAYMENT_RESIDUAL,Customer Credit Analyst
ORA-P014-06,ORA-C014,MISSING_REMITTANCE,5249.03,,0.0,5249.03,MANUAL_REVIEW,UNMATCHED,0.0,UNMATCHED_CASH,No deterministic match found,False,UNMATCHED_CASH,Cash Application Analyst
ORA-P017-07,ORA-C017,CURRENCY_TOLERANCE,7144.3,ORA-I017-08,6494.74,649.56,AUTO_APPLIED_WITH_RESIDUAL,OVERPAYMENT_APPLY,0.99,OVERPAYMENT_RESIDUAL,Invoice cleared; residual retained as unapplied customer credit,False,OVERPAYMENT_RESIDUAL,Customer Credit Analyst
SAP-P001-03,SAP-C001,OVERPAYMENT,3319.53,SAP-I001-03,3194.53,125.0,AUTO_APPLIED_WITH_RESIDUAL,OVERPAYMENT_APPLY,0.99,OVERPAYMENT_RESIDUAL,Invoice cleared; residual retained as unapplied customer credit,False,OVERPAYMENT_RESIDUAL,Customer Credit Analyst
SAP-P001-06,SAP-C001,MISSING_REMITTANCE,3432.58,,0.0,3432.58,MANUAL_REVIEW,UNMATCHED,0.0,UNMATCHED_CASH,No deterministic match found,False,UNMATCHED_CASH,Cash Application Analyst
SAP-P008-07,SAP-C008,CURRENCY_TOLERANCE,5781.47,SAP-I008-08,5256.55,524.92,AUTO_APPLIED_WITH_RESIDUAL,OVERPAYMENT_APPLY,0.99,OVERPAYMENT_RESIDUAL,Invoice cleared; residual retained as unapplied customer credit,False,OVERPAYMENT_RESIDUAL,Customer Credit Analyst
SAP-P018-07,SAP-C018,CURRENCY_TOLERANCE,6702.13,SAP-I018-08,6092.83,609.3,AUTO_APPLIED_WITH_RESIDUAL,OVERPAYMENT_APPLY,0.99,OVERPAYMENT_RESIDUAL,Invoice cleared; residual retained as unapplied customer credit,False,OVERPAYMENT_RESIDUAL,Customer Credit Analyst
NET-P003-03,NET-C003,OVERPAYMENT,3612.74,NET-I003-03,3487.74,125.0,AUTO_APPLIED_WITH_RESIDUAL,OVERPAYMENT_APPLY,0.99,OVERPAYMENT_RESIDUAL,Invoice cleared; residual retained as unapplied customer credit,False,OVERPAYMENT_RESIDUAL,Customer Credit Analyst
NET-P006-03,NET-C006,OVERPAYMENT,3710.88,NET-I006-03,3585.88,125.0,AUTO_APPLIED_WITH_RESIDUAL,OVERPAYMENT_APPLY,0.99,OVERPAYMENT_RESIDUAL,Invoice cleared; residual retained as unapplied customer credit,False,OVERPAYMENT_RESIDUAL,Customer Credit Analyst
NET-P011-07,NET-C011,CURRENCY_TOLERANCE,5976.46,NET-I011-08,5433.08,543.38,AUTO_APPLIED_WITH_RESIDUAL,OVERPAYMENT_APPLY,0.99,OVERPAYMENT_RESIDUAL,Invoice cleared; residual retained as unapplied customer credit,False,OVERPAYMENT_RESIDUAL,Customer Credit Analyst
NET-P013-07,NET-C013,CURRENCY_TOLERANCE,5879.3,NET-I013-08,5345.69,533.61,AUTO_APPLIED_WITH_RESIDUAL,OVERPAYMENT_APPLY,0.99,OVERPAYMENT_RESIDUAL,Invoice cleared; residual retained as unapplied customer credit,False,OVERPAYMENT_RESIDUAL,Customer Credit Analyst
NET-P017-07,NET-C017,CURRENCY_TOLERANCE,6817.65,,0.0,6817.65,AUTO_APPLIED_WITH_RESIDUAL,OVERPAYMENT_APPLY,0.99,OVERPAYMENT_RESIDUAL,Invoice cleared; residual retained as unapplied customer credit,False,OVERPAYMENT_RESIDUAL,Customer Credit Analyst
ORA-P002-09,ORA-C002,UNMATCHED_CASH,3654.94,,0.0,3654.94,MANUAL_REVIEW,UNMATCHED,0.0,UNMATCHED_CASH,No deterministic match found,False,UNMATCHED_CASH,Cash Application Analyst
ORA-P004-07,ORA-C004,CURRENCY_TOLERANCE,4466.99,ORA-I004-08,4060.03,406.96,AUTO_APPLIED_WITH_RESIDUAL,OVERPAYMENT_APPLY,0.99,OVERPAYMENT_RESIDUAL,Invoice cleared; residual retained as unapplied customer credit,False,OVERPAYMENT_RESIDUAL,Customer Credit Analyst
ORA-P007-07,ORA-C007,CURRENCY_TOLERANCE,5505.47,ORA-I007-08,5005.41,500.06,AUTO_APPLIED_WITH_RESIDUAL,OVERPAYMENT_APPLY,0.99,OVERPAYMENT_RESIDUAL,Invoice cleared; residual retained as unapplied customer credit,False,OVERPAYMENT_RESIDUAL,Customer Credit Analyst
ORA-P011-06,ORA-C011,MISSING_REMITTANCE,4879.29,,0.0,4879.29,MANUAL_REVIEW,UNMATCHED,0.0,UNMATCHED_CASH,No deterministic match found,False,UNMATCHED_CASH,Cash Application Analyst
ORA-P016-04,ORA-C016,ONE_PAYMENT_MULTI_INVOICE,10146.41,ORA-I016-04,4928.41,5218.0,AUTO_APPLIED_WITH_RESIDUAL,OVERPAYMENT_APPLY,0.99,OVERPAYMENT_RESIDUAL,Invoice cleared; residual retained as unapplied customer credit,False,OVERPAYMENT_RESIDUAL,Customer Credit Analyst
SAP-P004-07,SAP-C004,CURRENCY_TOLERANCE,4964.45,SAP-I004-08,4512.2,452.25,AUTO_APPLIED_WITH_RESIDUAL,OVERPAYMENT_APPLY,0.99,OVERPAYMENT_RESIDUAL,Invoice cleared; residual retained as unapplied customer credit,False,OVERPAYMENT_RESIDUAL,Customer Credit Analyst
SAP-P009-03,SAP-C009,OVERPAYMENT,4111.8,SAP-I009-03,3986.8,125.0,AUTO_APPLIED_WITH_RESIDUAL,OVERPAYMENT_APPLY,0.99,OVERPAYMENT_RESIDUAL,Invoice cleared; residual retained as unapplied customer credit,False,OVERPAYMENT_RESIDUAL,Customer Credit Analyst
SAP-P010-07,SAP-C010,CURRENCY_TOLERANCE,6097.31,SAP-I010-08,5543.86,553.45,AUTO_APPLIED_WITH_RESIDUAL,OVERPAYMENT_APPLY,0.99,OVERPAYMENT_RESIDUAL,Invoice cleared; residual retained as unapplied customer credit,False,OVERPAYMENT_RESIDUAL,Customer Credit Analyst
SAP-P013-09,SAP-C013,UNMATCHED_CASH,4959.46,,0.0,4959.46,MANUAL_REVIEW,UNMATCHED,0.0,UNMATCHED_CASH,No deterministic match found,False,UNMATCHED_CASH,Cash Application Analyst
NET-P013-03,NET-C013,OVERPAYMENT,4839.87,NET-I013-03,4714.87,125.0,AUTO_APPLIED_WITH_RESIDUAL,OVERPAYMENT_APPLY,0.99,OVERPAYMENT_RESIDUAL,Invoice cleared; residual retained as unapplied customer credit,False,OVERPAYMENT_RESIDUAL,Customer Credit Analyst
NET-P017-03,NET-C017,OVERPAYMENT,5366.37,NET-I017-03,5241.37,125.0,AUTO_APPLIED_WITH_RESIDUAL,OVERPAYMENT_APPLY,0.99,OVERPAYMENT_RESIDUAL,Invoice cleared; residual retained as unapplied customer credit,False,OVERPAYMENT_RESIDUAL,Customer Credit Analyst
ORA-P009-01-DUP,ORA-C009,DUPLICATE_PAYMENT,3458.43,,0.0,0.0,MANUAL_REVIEW,DUPLICATE_DETECTED,0.0,DUPLICATE_PAYMENT,Repeated bank transaction identifier,True,DUPLICATE_PAYMENT,Cash Application Data Steward
ORA-P015-09,ORA-C015,UNMATCHED_CASH,5441.98,,0.0,5441.98,MANUAL_REVIEW,UNMATCHED,0.0,UNMATCHED_CASH,No deterministic match found,False,UNMATCHED_CASH,Cash Application Analyst
ORA-P016-03,ORA-C016,OVERPAYMENT,5306.12,ORA-I016-03,5181.12,125.0,AUTO_APPLIED_WITH_RESIDUAL,OVERPAYMENT_APPLY,0.99,OVERPAYMENT_RESIDUAL,Invoice cleared; residual retained as unapplied customer credit,False,OVERPAYMENT_RESIDUAL,Customer Credit Analyst
SAP-P003-01-DUP,SAP-C003,DUPLICATE_PAYMENT,3114.67,,0.0,0.0,MANUAL_REVIEW,DUPLICATE_DETECTED,0.0,DUPLICATE_PAYMENT,Repeated bank transaction identifier,True,DUPLICATE_PAYMENT,Cash Application Data Steward
SAP-P008-06,SAP-C008,MISSING_REMITTANCE,4744.79,,0.0,4744.79,MANUAL_REVIEW,UNMATCHED,0.0,UNMATCHED_CASH,No deterministic match found,False,UNMATCHED_CASH,Cash Application Analyst
SAP-P008-09,SAP-C008,UNMATCHED_CASH,4500.69,,0.0,4500.69,MANUAL_REVIEW,UNMATCHED,0.0,UNMATCHED_CASH,No deterministic match found,False,UNMATCHED_CASH,Cash Application Analyst
SAP-P009-09,SAP-C009,UNMATCHED_CASH,4677.45,,0.0,4677.45,MANUAL_REVIEW,UNMATCHED,0.0,UNMATCHED_CASH,No deterministic match found,False,UNMATCHED_CASH,Cash Application Analyst
NET-P004-06,NET-C004,MISSING_REMITTANCE,3833.98,,0.0,3833.98,MANUAL_REVIEW,UNMATCHED,0.0,UNMATCHED_CASH,No deterministic match found,False,UNMATCHED_CASH,Cash Application Analyst
NET-P005-03,NET-C005,OVERPAYMENT,3846.11,NET-I005-03,3721.11,125.0,AUTO_APPLIED_WITH_RESIDUAL,OVERPAYMENT_APPLY,0.99,OVERPAYMENT_RESIDUAL,Invoice cleared; residual retained as unapplied customer credit,False,OVERPAYMENT_RESIDUAL,Customer Credit Analyst
NET-P007-07,NET-C007,CURRENCY_TOLERANCE,5106.22,NET-I007-08,4642.42,463.8,AUTO_APPLIED_WITH_RESIDUAL,OVERPAYMENT_APPLY,0.99,OVERPAYMENT_RESIDUAL,Invoice cleared; residual retained as unapplied customer credit,False,OVERPAYMENT_RESIDUAL,Customer Credit Analyst
NET-P008-06,NET-C008,MISSING_REMITTANCE,4539.4,,0.0,4539.4,MANUAL_REVIEW,UNMATCHED,0.0,UNMATCHED_CASH,No deterministic match found,False,UNMATCHED_CASH,Cash Application Analyst
NET-P009-05B,NET-C009,MULTI_PAYMENT_ONE_INVOICE,2736.72,NET-I009-06,9.17,2727.55,AUTO_APPLIED_WITH_RESIDUAL,OVERPAYMENT_APPLY,0.99,OVERPAYMENT_RESIDUAL,Invoice cleared; residual retained as unapplied customer credit,False,OVERPAYMENT_RESIDUAL,Customer Credit Analyst
NET-P014-03,NET-C014,OVERPAYMENT,4979.32,NET-I014-03,4854.32,125.0,AUTO_APPLIED_WITH_RESIDUAL,OVERPAYMENT_APPLY,0.99,OVERPAYMENT_RESIDUAL,Invoice cleared; residual retained as unapplied customer credit,False,OVERPAYMENT_RESIDUAL,Customer Credit Analyst
NET-P015-01-DUP,NET-C015,DUPLICATE_PAYMENT,4443.63,,0.0,0.0,MANUAL_REVIEW,DUPLICATE_DETECTED,0.0,DUPLICATE_PAYMENT,Repeated bank transaction identifier,True,DUPLICATE_PAYMENT,Cash Application Data Steward
ORA-P002-03,ORA-C002,OVERPAYMENT,3316.51,ORA-I002-03,3191.51,125.0,AUTO_APPLIED_WITH_RESIDUAL,OVERPAYMENT_APPLY,0.99,OVERPAYMENT_RESIDUAL,Invoice cleared; residual retained as unapplied customer credit,False,OVERPAYMENT_RESIDUAL,Customer Credit Analyst
ORA-P003-01-DUP,ORA-C003,DUPLICATE_PAYMENT,2624.26,,0.0,0.0,MANUAL_REVIEW,DUPLICATE_DETECTED,0.0,DUPLICATE_PAYMENT,Repeated bank transaction identifier,True,DUPLICATE_PAYMENT,Cash Application Data Steward
ORA-P004-09,ORA-C004,UNMATCHED_CASH,3802.06,,0.0,3802.06,MANUAL_REVIEW,UNMATCHED,0.0,UNMATCHED_CASH,No deterministic match found,False,UNMATCHED_CASH,Cash Application Analyst
ORA-P006-01-DUP,ORA-C006,DUPLICATE_PAYMENT,3399.23,,0.0,0.0,MANUAL_REVIEW,DUPLICATE_DETECTED,0.0,DUPLICATE_PAYMENT,Repeated bank transaction identifier,True,DUPLICATE_PAYMENT,Cash Application Data Steward
ORA-P008-06,ORA-C008,MISSING_REMITTANCE,4672.86,,0.0,4672.86,MANUAL_REVIEW,UNMATCHED,0.0,UNMATCHED_CASH,No deterministic match found,False,UNMATCHED_CASH,Cash Application Analyst
ORA-P012-09,ORA-C012,UNMATCHED_CASH,5093.57,,0.0,5093.57,MANUAL_REVIEW,UNMATCHED,0.0,UNMATCHED_CASH,No deterministic match found,False,UNMATCHED_CASH,Cash Application Analyst
ORA-P013-06,ORA-C013,MISSING_REMITTANCE,5540.72,,0.0,5540.72,MANUAL_REVIEW,UNMATCHED,0.0,UNMATCHED_CASH,No deterministic match found,False,UNMATCHED_CASH,Cash Application Analyst
ORA-P016-06,ORA-C016,MISSING_REMITTANCE,5706.17,,0.0,5706.17,MANUAL_REVIEW,UNMATCHED,0.0,UNMATCHED_CASH,No deterministic match found,False,UNMATCHED_CASH,Cash Application Analyst
ORA-P017-03,ORA-C017,OVERPAYMENT,5009.42,ORA-I017-03,4884.42,125.0,AUTO_APPLIED_WITH_RESIDUAL,OVERPAYMENT_APPLY,0.99,OVERPAYMENT_RESIDUAL,Invoice cleared; residual retained as unapplied customer credit,False,OVERPAYMENT_RESIDUAL,Customer Credit Analyst
SAP-P002-09,SAP-C002,UNMATCHED_CASH,3607.97,,0.0,3607.97,MANUAL_REVIEW,UNMATCHED,0.0,UNMATCHED_CASH,No deterministic match found,False,UNMATCHED_CASH,Cash Application Analyst
SAP-P003-03,SAP-C003,OVERPAYMENT,3448.23,SAP-I003-03,3323.23,125.0,AUTO_APPLIED_WITH_RESIDUAL,OVERPAYMENT_APPLY,0.99,OVERPAYMENT_RESIDUAL,Invoice cleared; residual retained as unapplied customer credit,False,OVERPAYMENT_RESIDUAL,Customer Credit Analyst
SAP-P003-09,SAP-C003,UNMATCHED_CASH,3709.97,,0.0,3709.97,MANUAL_REVIEW,UNMATCHED,0.0,UNMATCHED_CASH,No deterministic match found,False,UNMATCHED_CASH,Cash Application Analyst
SAP-P006-01-DUP,SAP-C006,DUPLICATE_PAYMENT,3006.53,,0.0,0.0,MANUAL_REVIEW,DUPLICATE_DETECTED,0.0,DUPLICATE_PAYMENT,Repeated bank transaction identifier,True,DUPLICATE_PAYMENT,Cash Application Data Steward
SAP-P011-07,SAP-C011,CURRENCY_TOLERANCE,6205.98,SAP-I011-08,5642.14,563.84,AUTO_APPLIED_WITH_RESIDUAL,OVERPAYMENT_APPLY,0.99,OVERPAYMENT_RESIDUAL,Invoice cleared; residual retained as unapplied customer credit,False,OVERPAYMENT_RESIDUAL,Customer Credit Analyst
SAP-P014-03,SAP-C014,OVERPAYMENT,5040.59,SAP-I014-03,4915.59,125.0,AUTO_APPLIED_WITH_RESIDUAL,OVERPAYMENT_APPLY,0.99,OVERPAYMENT_RESIDUAL,Invoice cleared; residual retained as unapplied customer credit,False,OVERPAYMENT_RESIDUAL,Customer Credit Analyst
NET-P004-09,NET-C004,UNMATCHED_CASH,4172.55,,0.0,4172.55,MANUAL_REVIEW,UNMATCHED,0.0,UNMATCHED_CASH,No deterministic match found,False,UNMATCHED_CASH,Cash Application Analyst
NET-P013-09,NET-C013,UNMATCHED_CASH,4816.29,,0.0,4816.29,MANUAL_REVIEW,UNMATCHED,0.0,UNMATCHED_CASH,No deterministic match found,False,UNMATCHED_CASH,Cash Application Analyst
NET-P014-07,NET-C014,CURRENCY_TOLERANCE,6619.15,NET-I014-08,6016.98,602.17,AUTO_APPLIED_WITH_RESIDUAL,OVERPAYMENT_APPLY,0.99,OVERPAYMENT_RESIDUAL,Invoice cleared; residual retained as unapplied customer credit,False,OVERPAYMENT_RESIDUAL,Customer Credit Analyst
ORA-P006-03,ORA-C006,OVERPAYMENT,3394.76,ORA-I006-03,3269.76,125.0,AUTO_APPLIED_WITH_RESIDUAL,OVERPAYMENT_APPLY,0.99,OVERPAYMENT_RESIDUAL,Invoice cleared; residual retained as unapplied customer credit,False,OVERPAYMENT_RESIDUAL,Customer Credit Analyst
ORA-P014-09,ORA-C014,UNMATCHED_CASH,5205.16,,0.0,5205.16,MANUAL_REVIEW,UNMATCHED,0.0,UNMATCHED_CASH,No deterministic match found,False,UNMATCHED_CASH,Cash Application Analyst
ORA-P015-01-DUP,ORA-C015,DUPLICATE_PAYMENT,4410.0,,0.0,0.0,MANUAL_REVIEW,DUPLICATE_DETECTED,0.0,DUPLICATE_PAYMENT,Repeated bank transaction identifier,True,DUPLICATE_PAYMENT,Cash Application Data Steward
ORA-P018-07,ORA-C018,CURRENCY_TOLERANCE,7222.82,ORA-I018-08,6566.26,656.56,AUTO_APPLIED_WITH_RESIDUAL,OVERPAYMENT_APPLY,0.99,OVERPAYMENT_RESIDUAL,Invoice cleared; residual retained as unapplied customer credit,False,OVERPAYMENT_RESIDUAL,Customer Credit Analyst
SAP-P004-09,SAP-C004,UNMATCHED_CASH,4136.4,,0.0,4136.4,MANUAL_REVIEW,UNMATCHED,0.0,UNMATCHED_CASH,No deterministic match found,False,UNMATCHED_CASH,Cash Application Analyst
SAP-P005-06,SAP-C005,MISSING_REMITTANCE,4002.55,,0.0,4002.55,MANUAL_REVIEW,UNMATCHED,0.0,UNMATCHED_CASH,No deterministic match found,False,UNMATCHED_CASH,Cash Application Analyst
SAP-P005-07,SAP-C005,CURRENCY_TOLERANCE,5320.52,SAP-I005-08,4835.86,484.66,AUTO_APPLIED_WITH_RESIDUAL,OVERPAYMENT_APPLY,0.99,OVERPAYMENT_RESIDUAL,Invoice cleared; residual retained as unapplied customer credit,False,OVERPAYMENT_RESIDUAL,Customer Credit Analyst
SAP-P012-01-DUP,SAP-C012,DUPLICATE_PAYMENT,4260.05,,0.0,0.0,MANUAL_REVIEW,DUPLICATE_DETECTED,0.0,DUPLICATE_PAYMENT,Repeated bank transaction identifier,True,DUPLICATE_PAYMENT,Cash Application Data Steward
SAP-P012-07,SAP-C012,CURRENCY_TOLERANCE,5675.13,SAP-I012-08,5158.78,516.35,AUTO_APPLIED_WITH_RESIDUAL,OVERPAYMENT_APPLY,0.99,OVERPAYMENT_RESIDUAL,Invoice cleared; residual retained as unapplied customer credit,False,OVERPAYMENT_RESIDUAL,Customer Credit Analyst
SAP-P017-09,SAP-C017,UNMATCHED_CASH,5613.56,,0.0,5613.56,MANUAL_REVIEW,UNMATCHED,0.0,UNMATCHED_CASH,No deterministic match found,False,UNMATCHED_CASH,Cash Application Analyst
NET-P009-09,NET-C009,UNMATCHED_CASH,4599.77,,0.0,4599.77,MANUAL_REVIEW,UNMATCHED,0.0,UNMATCHED_CASH,No deterministic match found,False,UNMATCHED_CASH,Cash Application Analyst
NET-P014-06,NET-C014,MISSING_REMITTANCE,5773.86,,0.0,5773.86,MANUAL_REVIEW,UNMATCHED,0.0,UNMATCHED_CASH,No deterministic match found,False,UNMATCHED_CASH,Cash Application Analyst
NET-P014-09,NET-C014,UNMATCHED_CASH,5332.82,,0.0,5332.82,MANUAL_REVIEW,UNMATCHED,0.0,UNMATCHED_CASH,No deterministic match found,False,UNMATCHED_CASH,Cash Application Analyst
NET-P016-03,NET-C016,OVERPAYMENT,4756.19,NET-I016-03,4631.19,125.0,AUTO_APPLIED_WITH_RESIDUAL,OVERPAYMENT_APPLY,0.99,OVERPAYMENT_RESIDUAL,Invoice cleared; residual retained as unapplied customer credit,False,OVERPAYMENT_RESIDUAL,Customer Credit Analyst
NET-P018-06,NET-C018,MISSING_REMITTANCE,6347.67,,0.0,6347.67,MANUAL_REVIEW,UNMATCHED,0.0,UNMATCHED_CASH,No deterministic match found,False,UNMATCHED_CASH,Cash Application Analyst
ORA-P002-07,ORA-C002,CURRENCY_TOLERANCE,4527.3,ORA-I002-08,4114.76,412.54,AUTO_APPLIED_WITH_RESIDUAL,OVERPAYMENT_APPLY,0.99,OVERPAYMENT_RESIDUAL,Invoice cleared; residual retained as unapplied customer credit,False,OVERPAYMENT_RESIDUAL,Customer Credit Analyst
ORA-P003-06,ORA-C003,MISSING_REMITTANCE,4348.92,,0.0,4348.92,MANUAL_REVIEW,UNMATCHED,0.0,UNMATCHED_CASH,No deterministic match found,False,UNMATCHED_CASH,Cash Application Analyst
ORA-P005-09,ORA-C005,UNMATCHED_CASH,4291.43,,0.0,4291.43,MANUAL_REVIEW,UNMATCHED,0.0,UNMATCHED_CASH,No deterministic match found,False,UNMATCHED_CASH,Cash Application Analyst
ORA-P010-03,ORA-C010,OVERPAYMENT,4423.61,ORA-I010-03,4298.61,125.0,AUTO_APPLIED_WITH_RESIDUAL,OVERPAYMENT_APPLY,0.99,OVERPAYMENT_RESIDUAL,Invoice cleared; residual retained as unapplied customer credit,False,OVERPAYMENT_RESIDUAL,Customer Credit Analyst
ORA-P011-09,ORA-C011,UNMATCHED_CASH,4898.66,,0.0,4898.66,MANUAL_REVIEW,UNMATCHED,0.0,UNMATCHED_CASH,No deterministic match found,False,UNMATCHED_CASH,Cash Application Analyst
ORA-P014-03,ORA-C014,OVERPAYMENT,4710.52,ORA-I014-03,4585.52,125.0,AUTO_APPLIED_WITH_RESIDUAL,OVERPAYMENT_APPLY,0.99,OVERPAYMENT_RESIDUAL,Invoice cleared; residual retained as unapplied customer credit,False,OVERPAYMENT_RESIDUAL,Customer Credit Analyst
ORA-P015-07,ORA-C015,CURRENCY_TOLERANCE,6529.41,ORA-I015-08,5936.63,592.78,AUTO_APPLIED_WITH_RESIDUAL,OVERPAYMENT_APPLY,0.99,OVERPAYMENT_RESIDUAL,Invoice cleared; residual retained as unapplied customer credit,False,OVERPAYMENT_RESIDUAL,Customer Credit Analyst
SAP-P002-07,SAP-C002,CURRENCY_TOLERANCE,4313.96,SAP-I002-08,3921.53,392.43,AUTO_APPLIED_WITH_RESIDUAL,OVERPAYMENT_APPLY,0.99,OVERPAYMENT_RESIDUAL,Invoice cleared; residual retained as unapplied customer credit,False,OVERPAYMENT_RESIDUAL,Customer Credit Analyst
SAP-P005-03,SAP-C005,OVERPAYMENT,3469.91,SAP-I005-03,3344.91,125.0,AUTO_APPLIED_WITH_RESIDUAL,OVERPAYMENT_APPLY,0.99,OVERPAYMENT_RESIDUAL,Invoice cleared; residual retained as unapplied customer credit,False,OVERPAYMENT_RESIDUAL,Customer Credit Analyst
SAP-P007-06,SAP-C007,MISSING_REMITTANCE,4546.19,,0.0,4546.19,MANUAL_REVIEW,UNMATCHED,0.0,UNMATCHED_CASH,No deterministic match found,False,UNMATCHED_CASH,Cash Application Analyst
SAP-P013-07,SAP-C013,CURRENCY_TOLERANCE,6372.69,SAP-I013-08,5792.69,580.0,AUTO_APPLIED_WITH_RESIDUAL,OVERPAYMENT_APPLY,0.99,OVERPAYMENT_RESIDUAL,Invoice cleared; residual retained as unapplied customer credit,False,OVERPAYMENT_RESIDUAL,Customer Credit Analyst
NET-P002-05A,NET-C002,MULTI_PAYMENT_ONE_INVOICE,1789.55,,0.0,1789.55,AUTO_APPLIED_WITH_RESIDUAL,OVERPAYMENT_APPLY,0.99,OVERPAYMENT_RESIDUAL,Invoice cleared; residual retained as unapplied customer credit,False,OVERPAYMENT_RESIDUAL,Customer Credit Analyst
NET-P006-01-DUP,NET-C006,DUPLICATE_PAYMENT,3275.16,,0.0,0.0,MANUAL_REVIEW,DUPLICATE_DETECTED,0.0,DUPLICATE_PAYMENT,Repeated bank transaction identifier,True,DUPLICATE_PAYMENT,Cash Application Data Steward
NET-P008-07,NET-C008,CURRENCY_TOLERANCE,5433.52,NET-I008-08,4939.05,494.47,AUTO_APPLIED_WITH_RESIDUAL,OVERPAYMENT_APPLY,0.99,OVERPAYMENT_RESIDUAL,Invoice cleared; residual retained as unapplied customer credit,False,OVERPAYMENT_RESIDUAL,Customer Credit Analyst
NET-P008-09,NET-C008,UNMATCHED_CASH,4378.67,,0.0,4378.67,MANUAL_REVIEW,UNMATCHED,0.0,UNMATCHED_CASH,No deterministic match found,False,UNMATCHED_CASH,Cash Application Analyst
NET-P009-05A,NET-C009,MULTI_PAYMENT_ONE_INVOICE,2239.13,,0.0,2239.13,AUTO_APPLIED_WITH_RESIDUAL,OVERPAYMENT_APPLY,0.99,OVERPAYMENT_RESIDUAL,Invoice cleared; residual retained as unapplied customer credit,False,OVERPAYMENT_RESIDUAL,Customer Credit Analyst
NET-P012-09,NET-C012,UNMATCHED_CASH,4612.77,,0.0,4612.77,MANUAL_REVIEW,UNMATCHED,0.0,UNMATCHED_CASH,No deterministic match found,False,UNMATCHED_CASH,Cash Application Analyst
ORA-P007-03,ORA-C007,OVERPAYMENT,3536.63,ORA-I007-03,3411.63,125.0,AUTO_APPLIED_WITH_RESIDUAL,OVERPAYMENT_APPLY,0.99,OVERPAYMENT_RESIDUAL,Invoice cleared; residual retained as unapplied customer credit,False,OVERPAYMENT_RESIDUAL,Customer Credit Analyst
ORA-P009-03,ORA-C009,OVERPAYMENT,4130.29,ORA-I009-03,4005.29,125.0,AUTO_APPLIED_WITH_RESIDUAL,OVERPAYMENT_APPLY,0.99,OVERPAYMENT_RESIDUAL,Invoice cleared; residual retained as unapplied customer credit,False,OVERPAYMENT_RESIDUAL,Customer Credit Analyst
ORA-P010-09,ORA-C010,UNMATCHED_CASH,4734.78,,0.0,4734.78,MANUAL_REVIEW,UNMATCHED,0.0,UNMATCHED_CASH,No deterministic match found,False,UNMATCHED_CASH,Cash Application Analyst
ORA-P016-07,ORA-C016,CURRENCY_TOLERANCE,6529.87,ORA-I016-08,5935.78,594.09,AUTO_APPLIED_WITH_RESIDUAL,OVERPAYMENT_APPLY,0.99,OVERPAYMENT_RESIDUAL,Invoice cleared; residual retained as unapplied customer credit,False,OVERPAYMENT_RESIDUAL,Customer Credit Analyst
SAP-P014-09,SAP-C014,UNMATCHED_CASH,5069.44,,0.0,5069.44,MANUAL_REVIEW,UNMATCHED,0.0,UNMATCHED_CASH,No deterministic match found,False,UNMATCHED_CASH,Cash Application Analyst
SAP-P015-03,SAP-C015,OVERPAYMENT,4925.14,SAP-I015-03,4800.14,125.0,AUTO_APPLIED_WITH_RESIDUAL,OVERPAYMENT_APPLY,0.99,OVERPAYMENT_RESIDUAL,Invoice cleared; residual retained as unapplied customer credit,False,OVERPAYMENT_RESIDUAL,Customer Credit Analyst
SAP-P015-06,SAP-C015,MISSING_REMITTANCE,5526.12,,0.0,5526.12,MANUAL_REVIEW,UNMATCHED,0.0,UNMATCHED_CASH,No deterministic match found,False,UNMATCHED_CASH,Cash Application Analyst
SAP-P017-06,SAP-C017,MISSING_REMITTANCE,6132.41,,0.0,6132.41,MANUAL_REVIEW,UNMATCHED,0.0,UNMATCHED_CASH,No deterministic match found,False,UNMATCHED_CASH,Cash Application Analyst
NET-P007-09,NET-C007,UNMATCHED_CASH,4057.09,,0.0,4057.09,MANUAL_REVIEW,UNMATCHED,0.0,UNMATCHED_CASH,No deterministic match found,False,UNMATCHED_CASH,Cash Application Analyst
NET-P012-03,NET-C012,OVERPAYMENT,4207.75,NET-I012-03,4082.75,125.0,AUTO_APPLIED_WITH_RESIDUAL,OVERPAYMENT_APPLY,0.99,OVERPAYMENT_RESIDUAL,Invoice cleared; residual retained as unapplied customer credit,False,OVERPAYMENT_RESIDUAL,Customer Credit Analyst
ORA-P012-01-DUP,ORA-C012,DUPLICATE_PAYMENT,3796.74,,0.0,0.0,MANUAL_REVIEW,DUPLICATE_DETECTED,0.0,DUPLICATE_PAYMENT,Repeated bank transaction identifier,True,DUPLICATE_PAYMENT,Cash Application Data Steward
ORA-P013-07,ORA-C013,CURRENCY_TOLERANCE,6530.05,ORA-I013-08,5936.29,593.76,AUTO_APPLIED_WITH_RESIDUAL,OVERPAYMENT_APPLY,0.99,OVERPAYMENT_RESIDUAL,Invoice cleared; residual retained as unapplied customer credit,False,OVERPAYMENT_RESIDUAL,Customer Credit Analyst
ORA-P018-06,ORA-C018,MISSING_REMITTANCE,6311.0,,0.0,6311.0,MANUAL_REVIEW,UNMATCHED,0.0,UNMATCHED_CASH,No deterministic match found,False,UNMATCHED_CASH,Cash Application Analyst
SAP-P009-06,SAP-C009,MISSING_REMITTANCE,5126.6,,0.0,5126.6,MANUAL_REVIEW,UNMATCHED,0.0,UNMATCHED_CASH,No deterministic match found,False,UNMATCHED_CASH,Cash Application Analyst
SAP-P014-07,SAP-C014,CURRENCY_TOLERANCE,6390.01,SAP-I014-08,5808.97,581.04,AUTO_APPLIED_WITH_RESIDUAL,OVERPAYMENT_APPLY,0.99,OVERPAYMENT_RESIDUAL,Invoice cleared; residual retained as unapplied customer credit,False,OVERPAYMENT_RESIDUAL,Customer Credit Analyst
SAP-P018-01-DUP,SAP-C018,DUPLICATE_PAYMENT,4901.12,,0.0,0.0,MANUAL_REVIEW,DUPLICATE_DETECTED,0.0,DUPLICATE_PAYMENT,Repeated bank transaction identifier,True,DUPLICATE_PAYMENT,Cash Application Data Steward
NET-P002-06,NET-C002,MISSING_REMITTANCE,3704.22,,0.0,3704.22,MANUAL_REVIEW,UNMATCHED,0.0,UNMATCHED_CASH,No deterministic match found,False,UNMATCHED_CASH,Cash Application Analyst
NET-P006-06,NET-C006,MISSING_REMITTANCE,4210.83,,0.0,4210.83,MANUAL_REVIEW,UNMATCHED,0.0,UNMATCHED_CASH,No deterministic match found,False,UNMATCHED_CASH,Cash Application Analyst
NET-P006-07,NET-C006,CURRENCY_TOLERANCE,4792.99,NET-I006-08,4357.53,435.46,AUTO_APPLIED_WITH_RESIDUAL,OVERPAYMENT_APPLY,0.99,OVERPAYMENT_RESIDUAL,Invoice cleared; residual retained as unapplied customer credit,False,OVERPAYMENT_RESIDUAL,Customer Credit Analyst
NET-P009-07,NET-C009,CURRENCY_TOLERANCE,5771.16,NET-I009-08,5245.92,525.24,AUTO_APPLIED_WITH_RESIDUAL,OVERPAYMENT_APPLY,0.99,OVERPAYMENT_RESIDUAL,Invoice cleared; residual retained as unapplied customer credit,False,OVERPAYMENT_RESIDUAL,Customer Credit Analyst
NET-P010-03,NET-C010,OVERPAYMENT,4495.8,NET-I010-03,4370.8,125.0,AUTO_APPLIED_WITH_RESIDUAL,OVERPAYMENT_APPLY,0.99,OVERPAYMENT_RESIDUAL,Invoice cleared; residual retained as unapplied customer credit,False,OVERPAYMENT_RESIDUAL,Customer Credit Analyst
ORA-P005-07,ORA-C005,CURRENCY_TOLERANCE,4684.13,ORA-I005-08,4258.69,425.44,AUTO_APPLIED_WITH_RESIDUAL,OVERPAYMENT_APPLY,0.99,OVERPAYMENT_RESIDUAL,Invoice cleared; residual retained as unapplied customer credit,False,OVERPAYMENT_RESIDUAL,Customer Credit Analyst
ORA-P008-07,ORA-C008,CURRENCY_TOLERANCE,5415.47,ORA-I008-08,4923.97,491.5,AUTO_APPLIED_WITH_RESIDUAL,OVERPAYMENT_APPLY,0.99,OVERPAYMENT_RESIDUAL,Invoice cleared; residual retained as unapplied customer credit,False,OVERPAYMENT_RESIDUAL,Customer Credit Analyst
SAP-P002-06,SAP-C002,MISSING_REMITTANCE,3599.69,,0.0,3599.69,MANUAL_REVIEW,UNMATCHED,0.0,UNMATCHED_CASH,No deterministic match found,False,UNMATCHED_CASH,Cash Application Analyst
SAP-P008-03,SAP-C008,OVERPAYMENT,4169.02,SAP-I008-03,4044.02,125.0,AUTO_APPLIED_WITH_RESIDUAL,OVERPAYMENT_APPLY,0.99,OVERPAYMENT_RESIDUAL,Invoice cleared; residual retained as unapplied customer credit,False,OVERPAYMENT_RESIDUAL,Customer Credit Analyst
SAP-P015-07,SAP-C015,CURRENCY_TOLERANCE,6499.22,SAP-I015-08,5907.91,591.31,AUTO_APPLIED_WITH_RESIDUAL,OVERPAYMENT_APPLY,0.99,OVERPAYMENT_RESIDUAL,Invoice cleared; residual retained as unapplied customer credit,False,OVERPAYMENT_RESIDUAL,Customer Credit Analyst
SAP-P018-06,SAP-C018,MISSING_REMITTANCE,6020.66,,0.0,6020.66,MANUAL_REVIEW,UNMATCHED,0.0,UNMATCHED_CASH,No deterministic match found,False,UNMATCHED_CASH,Cash Application Analyst
NET-P003-09,NET-C003,UNMATCHED_CASH,4084.2,,0.0,4084.2,MANUAL_REVIEW,UNMATCHED,0.0,UNMATCHED_CASH,No deterministic match found,False,UNMATCHED_CASH,Cash Application Analyst
NET-P012-06,NET-C012,MISSING_REMITTANCE,5361.19,,0.0,5361.19,MANUAL_REVIEW,UNMATCHED,0.0,UNMATCHED_CASH,No deterministic match found,False,UNMATCHED_CASH,Cash Application Analyst
NET-P015-03,NET-C015,OVERPAYMENT,5152.94,NET-I015-03,5027.94,125.0,AUTO_APPLIED_WITH_RESIDUAL,OVERPAYMENT_APPLY,0.99,OVERPAYMENT_RESIDUAL,Invoice cleared; residual retained as unapplied customer credit,False,OVERPAYMENT_RESIDUAL,Customer Credit Analyst
NET-P016-07,NET-C016,CURRENCY_TOLERANCE,6741.0,NET-I016-08,6127.72,613.28,AUTO_APPLIED_WITH_RESIDUAL,OVERPAYMENT_APPLY,0.99,OVERPAYMENT_RESIDUAL,Invoice cleared; residual retained as unapplied customer credit,False,OVERPAYMENT_RESIDUAL,Customer Credit Analyst
NET-P018-01-DUP,NET-C018,DUPLICATE_PAYMENT,5098.04,,0.0,0.0,MANUAL_REVIEW,DUPLICATE_DETECTED,0.0,DUPLICATE_PAYMENT,Repeated bank transaction identifier,True,DUPLICATE_PAYMENT,Cash Application Data Steward
NET-P018-09,NET-C018,UNMATCHED_CASH,5652.18,,0.0,5652.18,MANUAL_REVIEW,UNMATCHED,0.0,UNMATCHED_CASH,No deterministic match found,False,UNMATCHED_CASH,Cash Application Analyst
ORA-P003-09,ORA-C003,UNMATCHED_CASH,3875.96,,0.0,3875.96,MANUAL_REVIEW,UNMATCHED,0.0,UNMATCHED_CASH,No deterministic match found,False,UNMATCHED_CASH,Cash Application Analyst
ORA-P010-07,ORA-C010,CURRENCY_TOLERANCE,5546.03,ORA-I010-08,5042.77,503.26,AUTO_APPLIED_WITH_RESIDUAL,OVERPAYMENT_APPLY,0.99,OVERPAYMENT_RESIDUAL,Invoice cleared; residual retained as unapplied customer credit,False,OVERPAYMENT_RESIDUAL,Customer Credit Analyst
ORA-P012-06,ORA-C012,MISSING_REMITTANCE,5230.75,,0.0,5230.75,MANUAL_REVIEW,UNMATCHED,0.0,UNMATCHED_CASH,No deterministic match found,False,UNMATCHED_CASH,Cash Application Analyst
ORA-P015-06,ORA-C015,MISSING_REMITTANCE,5484.66,,0.0,5484.66,MANUAL_REVIEW,UNMATCHED,0.0,UNMATCHED_CASH,No deterministic match found,False,UNMATCHED_CASH,Cash Application Analyst
SAP-P006-09,SAP-C006,UNMATCHED_CASH,4240.85,,0.0,4240.85,MANUAL_REVIEW,UNMATCHED,0.0,UNMATCHED_CASH,No deterministic match found,False,UNMATCHED_CASH,Cash Application Analyst
SAP-P010-03,SAP-C010,OVERPAYMENT,4103.78,SAP-I010-03,3978.78,125.0,AUTO_APPLIED_WITH_RESIDUAL,OVERPAYMENT_APPLY,0.99,OVERPAYMENT_RESIDUAL,Invoice cleared; residual retained as unapplied customer credit,False,OVERPAYMENT_RESIDUAL,Customer Credit Analyst
SAP-P010-09,SAP-C010,UNMATCHED_CASH,4792.4,,0.0,4792.4,MANUAL_REVIEW,UNMATCHED,0.0,UNMATCHED_CASH,No deterministic match found,False,UNMATCHED_CASH,Cash Application Analyst
SAP-P011-03,SAP-C011,OVERPAYMENT,4349.46,SAP-I011-03,4224.46,125.0,AUTO_APPLIED_WITH_RESIDUAL,OVERPAYMENT_APPLY,0.99,OVERPAYMENT_RESIDUAL,Invoice cleared; residual retained as unapplied customer credit,False,OVERPAYMENT_RESIDUAL,Customer Credit Analyst
SAP-P012-03,SAP-C012,OVERPAYMENT,4558.58,SAP-I012-03,4433.58,125.0,AUTO_APPLIED_WITH_RESIDUAL,OVERPAYMENT_APPLY,0.99,OVERPAYMENT_RESIDUAL,Invoice cleared; residual retained as unapplied customer credit,False,OVERPAYMENT_RESIDUAL,Customer Credit Analyst
SAP-P014-06,SAP-C014,MISSING_REMITTANCE,5513.79,,0.0,5513.79,MANUAL_REVIEW,UNMATCHED,0.0,UNMATCHED_CASH,No deterministic match found,False,UNMATCHED_CASH,Cash Application Analyst
NET-P002-07,NET-C002,CURRENCY_TOLERANCE,4572.95,NET-I002-08,4157.66,415.29,AUTO_APPLIED_WITH_RESIDUAL,OVERPAYMENT_APPLY,0.99,OVERPAYMENT_RESIDUAL,Invoice cleared; residual retained as unapplied customer credit,False,OVERPAYMENT_RESIDUAL,Customer Credit Analyst
NET-P009-01-DUP,NET-C009,DUPLICATE_PAYMENT,3491.95,,0.0,0.0,MANUAL_REVIEW,DUPLICATE_DETECTED,0.0,DUPLICATE_PAYMENT,Repeated bank transaction identifier,True,DUPLICATE_PAYMENT,Cash Application Data Steward
NET-P011-03,NET-C011,OVERPAYMENT,4317.7,NET-I011-03,4192.7,125.0,AUTO_APPLIED_WITH_RESIDUAL,OVERPAYMENT_APPLY,0.99,OVERPAYMENT_RESIDUAL,Invoice cleared; residual retained as unapplied customer credit,False,OVERPAYMENT_RESIDUAL,Customer Credit Analyst
NET-P011-09,NET-C011,UNMATCHED_CASH,4800.42,,0.0,4800.42,MANUAL_REVIEW,UNMATCHED,0.0,UNMATCHED_CASH,No deterministic match found,False,UNMATCHED_CASH,Cash Application Analyst
ORA-P005-03,ORA-C005,OVERPAYMENT,3526.08,ORA-I005-03,3401.08,125.0,AUTO_APPLIED_WITH_RESIDUAL,OVERPAYMENT_APPLY,0.99,OVERPAYMENT_RESIDUAL,Invoice cleared; residual retained as unapplied customer credit,False,OVERPAYMENT_RESIDUAL,Customer Credit Analyst
ORA-P008-03,ORA-C008,OVERPAYMENT,4213.61,ORA-I008-03,4088.61,125.0,AUTO_APPLIED_WITH_RESIDUAL,OVERPAYMENT_APPLY,0.99,OVERPAYMENT_RESIDUAL,Invoice cleared; residual retained as unapplied customer credit,False,OVERPAYMENT_RESIDUAL,Customer Credit Analyst
ORA-P013-09,ORA-C013,UNMATCHED_CASH,5128.78,,0.0,5128.78,MANUAL_REVIEW,UNMATCHED,0.0,UNMATCHED_CASH,No deterministic match found,False,UNMATCHED_CASH,Cash Application Analyst
SAP-P004-03,SAP-C004,OVERPAYMENT,3660.46,SAP-I004-03,3535.46,125.0,AUTO_APPLIED_WITH_RESIDUAL,OVERPAYMENT_APPLY,0.99,OVERPAYMENT_RESIDUAL,Invoice cleared; residual retained as unapplied customer credit,False,OVERPAYMENT_RESIDUAL,Customer Credit Analyst
SAP-P009-01-DUP,SAP-C009,DUPLICATE_PAYMENT,3465.32,,0.0,0.0,MANUAL_REVIEW,DUPLICATE_DETECTED,0.0,DUPLICATE_PAYMENT,Repeated bank transaction identifier,True,DUPLICATE_PAYMENT,Cash Application Data Steward
SAP-P011-09,SAP-C011,UNMATCHED_CASH,4885.32,,0.0,4885.32,MANUAL_REVIEW,UNMATCHED,0.0,UNMATCHED_CASH,No deterministic match found,False,UNMATCHED_CASH,Cash Application Analyst
SAP-P017-03,SAP-C017,OVERPAYMENT,4922.2,SAP-I017-03,4797.2,125.0,AUTO_APPLIED_WITH_RESIDUAL,OVERPAYMENT_APPLY,0.99,OVERPAYMENT_RESIDUAL,Invoice cleared; residual retained as unapplied customer credit,False,OVERPAYMENT_RESIDUAL,Customer Credit Analyst
