payment_id,invoice_id,applied_amount_usd,method
NET-P003-08,NET-I003-09,4460.18,DEDUCTION_SUPPORTED_SHORT_PAY
NET-P005-02,NET-I005-02,1920.15,PARTIAL_REFERENCE
NET-P005-04,NET-I005-04,3772.71,ONE_TO_MANY_REMITTANCE
NET-P005-04,NET-I005-05,3845.59,ONE_TO_MANY_REMITTANCE
NET-P007-03,NET-I007-03,3577.74,OVERPAYMENT_APPLY
NET-P012-04,NET-I012-04,4354.6,ONE_TO_MANY_REMITTANCE
NET-P012-04,NET-I012-05,5047.53,ONE_TO_MANY_REMITTANCE
NET-P012-05A,NET-I012-06,2395.43,PARTIAL_REFERENCE
NET-P013-02,NET-I013-02,2563.76,PARTIAL_REFERENCE
NET-P016-01,NET-I016-01,4376.45,REFERENCE
NET-P018-02,NET-I018-02,3185.95,PARTIAL_REFERENCE
ORA-P001-07,ORA-I001-08,3670.54,OVERPAYMENT_APPLY
ORA-P013-04,ORA-I013-04,4484.91,ONE_TO_MANY_REMITTANCE
ORA-P013-04,ORA-I013-05,4789.88,ONE_TO_MANY_REMITTANCE
ORA-P015-05A,ORA-I015-06,2391.24,PARTIAL_REFERENCE
ORA-P016-02,ORA-I016-02,2771.44,PARTIAL_REFERENCE
ORA-P016-05B,ORA-I016-06,3026.44,PARTIAL_REFERENCE
ORA-P016-09,ORA-I016-05,5218.0,AMOUNT_INFERENCE
ORA-P017-05B,ORA-I017-06,3202.7,PARTIAL_REFERENCE
ORA-P018-01,ORA-I018-01,4723.2,REFERENCE
SAP-P002-08,SAP-I002-09,4562.66,DEDUCTION_SUPPORTED_SHORT_PAY
SAP-P003-04,SAP-I003-04,3592.82,ONE_TO_MANY_REMITTANCE
SAP-P003-04,SAP-I003-05,3426.33,ONE_TO_MANY_REMITTANCE
SAP-P003-05A,SAP-I003-06,1818.24,PARTIAL_REFERENCE
SAP-P005-02,SAP-I005-02,2129.97,PARTIAL_REFERENCE
SAP-P009-02,SAP-I009-02,2466.01,PARTIAL_REFERENCE
SAP-P009-07,SAP-I009-08,4979.67,OVERPAYMENT_APPLY
SAP-P010-02,SAP-I010-02,2266.07,PARTIAL_REFERENCE
SAP-P010-05A,SAP-I010-06,2010.09,PARTIAL_REFERENCE
SAP-P015-01,SAP-I015-01,4636.5,REFERENCE
SAP-P018-04,SAP-I018-04,5185.67,ONE_TO_MANY_REMITTANCE
SAP-P018-04,SAP-I018-05,5971.22,ONE_TO_MANY_REMITTANCE
NET-P001-03,NET-I001-03,3053.5,OVERPAYMENT_APPLY
NET-P002-08,NET-I002-09,4318.32,DEDUCTION_SUPPORTED_SHORT_PAY
NET-P002-09,NET-I002-06,3968.03,AMOUNT_INFERENCE
NET-P004-03,NET-I004-03,3102.79,OVERPAYMENT_APPLY
NET-P004-05B,NET-I004-06,2284.23,PARTIAL_REFERENCE
NET-P004-08,NET-I004-09,4222.12,DEDUCTION_SUPPORTED_SHORT_PAY
NET-P006-05A,NET-I006-06,2008.95,PARTIAL_REFERENCE
NET-P010-05B,NET-I010-06,2746.33,PARTIAL_REFERENCE
NET-P010-08,NET-I010-09,5628.73,DEDUCTION_SUPPORTED_SHORT_PAY
NET-P012-01,NET-I012-01,4138.47,REFERENCE
NET-P015-04,NET-I015-04,5112.8,ONE_TO_MANY_REMITTANCE
NET-P015-04,NET-I015-05,5473.1,ONE_TO_MANY_REMITTANCE
NET-P017-01,NET-I017-01,4963.91,REFERENCE
ORA-P003-05A,ORA-I003-06,1795.98,PARTIAL_REFERENCE
ORA-P003-07,ORA-I003-08,4567.2,OVERPAYMENT_APPLY
ORA-P009-05B,ORA-I009-06,2501.0,PARTIAL_REFERENCE
ORA-P012-07,ORA-I012-08,5769.04,OVERPAYMENT_APPLY
SAP-P004-05A,SAP-I004-06,1792.97,PARTIAL_REFERENCE
SAP-P004-08,SAP-I004-09,4624.2,DEDUCTION_SUPPORTED_SHORT_PAY
SAP-P005-05A,SAP-I005-06,1942.08,PARTIAL_REFERENCE
SAP-P008-05A,SAP-I008-06,2031.3,PARTIAL_REFERENCE
SAP-P012-05B,SAP-I012-06,2634.91,PARTIAL_REFERENCE
SAP-P013-05B,SAP-I013-06,2739.71,PARTIAL_REFERENCE
SAP-P014-05A,SAP-I014-06,2510.47,PARTIAL_REFERENCE
NET-P002-02,NET-I002-02,1567.23,PARTIAL_REFERENCE
NET-P003-02,NET-I003-02,1987.52,PARTIAL_REFERENCE
NET-P003-04,NET-I003-04,3683.13,ONE_TO_MANY_REMITTANCE
NET-P003-04,NET-I003-05,3594.7,ONE_TO_MANY_REMITTANCE
NET-P004-02,NET-I004-02,1977.43,PARTIAL_REFERENCE
NET-P005-07,NET-I005-08,4635.53,OVERPAYMENT_APPLY
NET-P006-05B,NET-I006-06,2455.39,REFERENCE
NET-P008-08,NET-I008-09,5185.67,DEDUCTION_SUPPORTED_SHORT_PAY
NET-P010-07,NET-I010-08,5409.95,OVERPAYMENT_APPLY
NET-P011-05A,NET-I011-06,2315.4,PARTIAL_REFERENCE
NET-P013-01,NET-I013-01,4214.7,REFERENCE
NET-P014-02,NET-I014-02,2586.49,PARTIAL_REFERENCE
NET-P014-05B,NET-I014-06,3039.96,PARTIAL_REFERENCE
NET-P017-06,NET-I017-08,6198.18,AMOUNT_INFERENCE
ORA-P003-04,ORA-I003-04,3576.01,ONE_TO_MANY_REMITTANCE
ORA-P003-04,ORA-I003-05,3663.61,ONE_TO_MANY_REMITTANCE
ORA-P005-08,ORA-I005-09,4575.96,DEDUCTION_SUPPORTED_SHORT_PAY
ORA-P006-07,ORA-I006-08,4926.33,OVERPAYMENT_APPLY
ORA-P007-01,ORA-I007-01,3434.25,REFERENCE
ORA-P010-05B,ORA-I010-06,2607.12,PARTIAL_REFERENCE
ORA-P012-03,ORA-I012-03,4618.7,OVERPAYMENT_APPLY
ORA-P013-05B,ORA-I013-06,2808.27,PARTIAL_REFERENCE
SAP-P005-01,SAP-I005-01,3363.45,REFERENCE
SAP-P006-02,SAP-I006-02,1968.4,PARTIAL_REFERENCE
SAP-P007-02,SAP-I007-02,1954.49,PARTIAL_REFERENCE
SAP-P007-03,SAP-I007-03,3525.15,OVERPAYMENT_APPLY
SAP-P011-04,SAP-I011-04,4675.63,ONE_TO_MANY_REMITTANCE
SAP-P011-04,SAP-I011-05,4967.22,ONE_TO_MANY_REMITTANCE
SAP-P016-03,SAP-I016-03,5033.86,OVERPAYMENT_APPLY
SAP-P017-07,SAP-I017-08,6112.1,OVERPAYMENT_APPLY
NET-P001-07,NET-I001-08,4295.53,OVERPAYMENT_APPLY
NET-P002-05B,NET-I002-06,8.75,OVERPAYMENT_APPLY
NET-P005-05A,NET-I005-06,1814.55,PARTIAL_REFERENCE
NET-P008-03,NET-I008-03,3684.66,OVERPAYMENT_APPLY
NET-P010-02,NET-I010-02,2280.44,PARTIAL_REFERENCE
NET-P011-02,NET-I011-02,2624.24,PARTIAL_REFERENCE
NET-P014-01,NET-I014-01,4203.68,REFERENCE
NET-P014-05A,NET-I014-06,2487.24,REFERENCE
NET-P016-08,NET-I016-09,6011.54,DEDUCTION_SUPPORTED_SHORT_PAY
ORA-P001-03,ORA-I001-03,3101.53,OVERPAYMENT_APPLY
ORA-P002-02,ORA-I002-02,1814.75,PARTIAL_REFERENCE
ORA-P008-08,ORA-I008-09,5142.82,DEDUCTION_SUPPORTED_SHORT_PAY
ORA-P009-08,ORA-I009-09,5052.03,DEDUCTION_SUPPORTED_SHORT_PAY
ORA-P012-05A,ORA-I012-06,2156.11,PARTIAL_REFERENCE
ORA-P013-03,ORA-I013-03,4479.95,OVERPAYMENT_APPLY
ORA-P015-04,ORA-I015-04,4730.55,ONE_TO_MANY_REMITTANCE
ORA-P015-04,ORA-I015-05,5600.61,ONE_TO_MANY_REMITTANCE
ORA-P016-05A,ORA-I016-06,2476.18,REFERENCE
ORA-P016-08,ORA-I016-09,6171.31,DEDUCTION_SUPPORTED_SHORT_PAY
SAP-P004-02,SAP-I004-02,1726.19,PARTIAL_REFERENCE
SAP-P006-08,SAP-I006-09,4889.28,DEDUCTION_SUPPORTED_SHORT_PAY
SAP-P013-02,SAP-I013-02,2779.82,PARTIAL_REFERENCE
SAP-P013-03,SAP-I013-03,4430.5,OVERPAYMENT_APPLY
SAP-P013-04,SAP-I013-04,4653.33,ONE_TO_MANY_REMITTANCE
SAP-P013-04,SAP-I013-05,4842.96,ONE_TO_MANY_REMITTANCE
SAP-P014-05B,SAP-I014-06,3068.35,REFERENCE
SAP-P014-08,SAP-I014-09,6004.45,DEDUCTION_SUPPORTED_SHORT_PAY
SAP-P016-07,SAP-I016-08,6277.41,OVERPAYMENT_APPLY
NET-P002-03,NET-I002-03,2777.6,OVERPAYMENT_APPLY
NET-P018-03,NET-I018-03,4974.2,OVERPAYMENT_APPLY
NET-P018-07,NET-I018-08,6344.15,OVERPAYMENT_APPLY
ORA-P003-02,ORA-I003-02,1817.29,PARTIAL_REFERENCE
ORA-P003-08,ORA-I003-09,4245.87,DEDUCTION_SUPPORTED_SHORT_PAY
ORA-P005-02,ORA-I005-02,1880.68,PARTIAL_REFERENCE
ORA-P006-05A,ORA-I006-06,1878.3,PARTIAL_REFERENCE
ORA-P011-05B,ORA-I011-06,2699.16,PARTIAL_REFERENCE
ORA-P014-05A,ORA-I014-06,2439.34,PARTIAL_REFERENCE
ORA-P015-03,ORA-I015-03,4574.76,OVERPAYMENT_APPLY
ORA-P017-01,ORA-I017-01,4588.06,REFERENCE
ORA-P018-05B,ORA-I018-06,3149.27,PARTIAL_REFERENCE
SAP-P001-02,SAP-I001-02,1458.45,PARTIAL_REFERENCE
SAP-P005-05B,SAP-I005-06,2373.66,REFERENCE
SAP-P006-03,SAP-I006-03,3642.75,OVERPAYMENT_APPLY
SAP-P006-07,SAP-I006-08,4669.91,OVERPAYMENT_APPLY
SAP-P007-01,SAP-I007-01,3207.51,REFERENCE
SAP-P008-04,SAP-I008-04,4263.58,ONE_TO_MANY_REMITTANCE
SAP-P008-04,SAP-I008-05,3986.1,ONE_TO_MANY_REMITTANCE
SAP-P012-04,SAP-I012-04,4974.8,ONE_TO_MANY_REMITTANCE
SAP-P012-04,SAP-I012-05,4730.8,ONE_TO_MANY_REMITTANCE
SAP-P014-02,SAP-I014-02,2766.58,PARTIAL_REFERENCE
SAP-P015-08,SAP-I015-09,5821.47,DEDUCTION_SUPPORTED_SHORT_PAY
SAP-P016-02,SAP-I016-02,2811.98,PARTIAL_REFERENCE
SAP-P018-05A,SAP-I018-06,2702.76,PARTIAL_REFERENCE
NET-P001-02,NET-I001-02,1592.35,PARTIAL_REFERENCE
NET-P002-04,NET-I002-04,3141.99,ONE_TO_MANY_REMITTANCE
NET-P002-04,NET-I002-05,3544.03,ONE_TO_MANY_REMITTANCE
NET-P003-05A,NET-I003-06,1839.58,PARTIAL_REFERENCE
NET-P004-04,NET-I004-04,3280.68,ONE_TO_MANY_REMITTANCE
NET-P004-04,NET-I004-05,3760.7,ONE_TO_MANY_REMITTANCE
NET-P009-02,NET-I009-02,2329.64,PARTIAL_REFERENCE
NET-P009-04,NET-I009-04,3956.67,ONE_TO_MANY_REMITTANCE
NET-P009-04,NET-I009-05,4729.42,ONE_TO_MANY_REMITTANCE
NET-P015-07,NET-I015-08,5896.64,OVERPAYMENT_APPLY
ORA-P001-08,ORA-I001-09,4270.48,DEDUCTION_SUPPORTED_SHORT_PAY
ORA-P013-02,ORA-I013-02,2808.67,PARTIAL_REFERENCE
ORA-P014-01,ORA-I014-01,4458.92,REFERENCE
ORA-P014-07,ORA-I014-08,5874.53,OVERPAYMENT_APPLY
ORA-P018-03,ORA-I018-03,5440.31,OVERPAYMENT_APPLY
ORA-P018-08,ORA-I018-09,6657.92,DEDUCTION_SUPPORTED_SHORT_PAY
SAP-P001-07,SAP-I001-08,4126.21,OVERPAYMENT_APPLY
SAP-P003-07,SAP-I003-08,4538.2,OVERPAYMENT_APPLY
SAP-P007-05A,SAP-I007-06,2086.71,PARTIAL_REFERENCE
SAP-P007-07,SAP-I007-08,5046.18,OVERPAYMENT_APPLY
SAP-P011-02,SAP-I011-02,2472.55,PARTIAL_REFERENCE
SAP-P015-05B,SAP-I015-06,2911.74,PARTIAL_REFERENCE
SAP-P016-05A,SAP-I016-06,2367.96,PARTIAL_REFERENCE
NET-P003-07,NET-I003-08,4026.69,OVERPAYMENT_APPLY
NET-P004-07,NET-I004-08,4356.65,OVERPAYMENT_APPLY
NET-P008-02,NET-I008-02,2366.99,PARTIAL_REFERENCE
NET-P009-03,NET-I009-03,3948.1,OVERPAYMENT_APPLY
NET-P012-07,NET-I012-08,5264.9,OVERPAYMENT_APPLY
NET-P015-02,NET-I015-02,2634.31,PARTIAL_REFERENCE
NET-P017-05A,NET-I017-06,2644.1,PARTIAL_REFERENCE
NET-P017-05B,NET-I017-06,3231.67,REFERENCE
NET-P018-08,NET-I018-09,6424.21,DEDUCTION_SUPPORTED_SHORT_PAY
ORA-P003-03,ORA-I003-03,3118.33,OVERPAYMENT_APPLY
ORA-P004-08,ORA-I004-09,4758.88,DEDUCTION_SUPPORTED_SHORT_PAY
ORA-P005-05A,ORA-I005-06,1940.15,PARTIAL_REFERENCE
ORA-P006-02,ORA-I006-02,1863.4,PARTIAL_REFERENCE
ORA-P006-08,ORA-I006-09,4449.38,DEDUCTION_SUPPORTED_SHORT_PAY
ORA-P007-02,ORA-I007-02,2091.28,PARTIAL_REFERENCE
ORA-P010-05A,ORA-I010-06,2133.1,REFERENCE
ORA-P011-04,ORA-I011-04,4550.14,ONE_TO_MANY_REMITTANCE
ORA-P011-04,ORA-I011-05,4519.1,ONE_TO_MANY_REMITTANCE
ORA-P012-02,ORA-I012-02,2555.8,PARTIAL_REFERENCE
ORA-P013-05A,ORA-I013-06,2297.67,REFERENCE
ORA-P017-04,ORA-I017-04,5292.33,ONE_TO_MANY_REMITTANCE
ORA-P017-04,ORA-I017-05,5477.31,ONE_TO_MANY_REMITTANCE
SAP-P002-01,SAP-I002-01,2606.6,REFERENCE
SAP-P002-03,SAP-I002-03,2762.16,OVERPAYMENT_APPLY
SAP-P002-04,SAP-I002-04,3498.58,ONE_TO_MANY_REMITTANCE
SAP-P002-04,SAP-I002-05,3748.82,ONE_TO_MANY_REMITTANCE
SAP-P003-08,SAP-I003-09,4623.46,DEDUCTION_SUPPORTED_SHORT_PAY
SAP-P010-04,SAP-I010-04,4049.56,ONE_TO_MANY_REMITTANCE
SAP-P010-04,SAP-I010-05,4521.5,ONE_TO_MANY_REMITTANCE
SAP-P010-08,SAP-I010-09,5487.86,DEDUCTION_SUPPORTED_SHORT_PAY
SAP-P012-08,SAP-I012-09,5547.19,DEDUCTION_SUPPORTED_SHORT_PAY
SAP-P018-03,SAP-I018-03,5472.51,OVERPAYMENT_APPLY
SAP-P018-05B,SAP-I018-06,3303.38,REFERENCE
NET-P003-01,NET-I003-01,2858.33,REFERENCE
NET-P010-04,NET-I010-04,4695.13,ONE_TO_MANY_REMITTANCE
NET-P010-04,NET-I010-05,4555.22,ONE_TO_MANY_REMITTANCE
NET-P012-05B,NET-I012-06,2927.74,REFERENCE
NET-P014-08,NET-I014-09,5560.57,DEDUCTION_SUPPORTED_SHORT_PAY
NET-P017-08,NET-I017-09,6025.85,DEDUCTION_SUPPORTED_SHORT_PAY
ORA-P004-03,ORA-I004-03,3289.08,OVERPAYMENT_APPLY
ORA-P004-05B,ORA-I004-06,2012.56,PARTIAL_REFERENCE
ORA-P005-01,ORA-I005-01,2850.0,REFERENCE
ORA-P009-07,ORA-I009-08,5322.25,OVERPAYMENT_APPLY
ORA-P011-02,ORA-I011-02,2358.68,PARTIAL_REFERENCE
ORA-P011-03,ORA-I011-03,4312.83,OVERPAYMENT_APPLY
ORA-P011-07,ORA-I011-08,5211.21,OVERPAYMENT_APPLY
ORA-P011-08,ORA-I011-09,5742.17,DEDUCTION_SUPPORTED_SHORT_PAY
ORA-P017-07,ORA-I017-08,6494.74,OVERPAYMENT_APPLY
SAP-P001-03,SAP-I001-03,3194.53,OVERPAYMENT_APPLY
SAP-P008-05B,SAP-I008-06,2482.7,REFERENCE
SAP-P008-07,SAP-I008-08,5256.55,OVERPAYMENT_APPLY
SAP-P013-01,SAP-I013-01,4385.61,REFERENCE
SAP-P016-05B,SAP-I016-06,2894.17,REFERENCE
SAP-P018-07,SAP-I018-08,6092.83,OVERPAYMENT_APPLY
NET-P001-01,NET-I001-01,2218.93,REFERENCE
NET-P001-05A,NET-I001-06,1710.12,PARTIAL_REFERENCE
NET-P003-03,NET-I003-03,3487.74,OVERPAYMENT_APPLY
NET-P005-01,NET-I005-01,2779.25,REFERENCE
NET-P005-08,NET-I005-09,4695.73,DEDUCTION_SUPPORTED_SHORT_PAY
NET-P006-03,NET-I006-03,3585.88,OVERPAYMENT_APPLY
NET-P007-01,NET-I007-01,3052.25,REFERENCE
NET-P011-07,NET-I011-08,5433.08,OVERPAYMENT_APPLY
NET-P013-07,NET-I013-08,5345.69,OVERPAYMENT_APPLY
NET-P014-04,NET-I014-04,5169.23,ONE_TO_MANY_REMITTANCE
NET-P014-04,NET-I014-05,4999.72,ONE_TO_MANY_REMITTANCE
NET-P015-05B,NET-I015-06,2998.93,PARTIAL_REFERENCE
NET-P018-04,NET-I018-04,5725.23,ONE_TO_MANY_REMITTANCE
NET-P018-04,NET-I018-05,5401.11,ONE_TO_MANY_REMITTANCE
ORA-P004-01,ORA-I004-01,2913.71,REFERENCE
ORA-P004-02,ORA-I004-02,1763.59,PARTIAL_REFERENCE
ORA-P004-07,ORA-I004-08,4060.03,OVERPAYMENT_APPLY
ORA-P007-07,ORA-I007-08,5005.41,OVERPAYMENT_APPLY
ORA-P008-02,ORA-I008-02,2263.79,PARTIAL_REFERENCE
ORA-P008-04,ORA-I008-04,4219.18,ONE_TO_MANY_REMITTANCE
ORA-P008-04,ORA-I008-05,4433.48,ONE_TO_MANY_REMITTANCE
ORA-P009-02,ORA-I009-02,2429.07,PARTIAL_REFERENCE
ORA-P010-01,ORA-I010-01,3564.93,REFERENCE
ORA-P016-04,ORA-I016-04,4928.41,OVERPAYMENT_APPLY
SAP-P004-07,SAP-I004-08,4512.2,OVERPAYMENT_APPLY
SAP-P005-08,SAP-I005-09,4796.34,DEDUCTION_SUPPORTED_SHORT_PAY
SAP-P009-03,SAP-I009-03,3986.8,OVERPAYMENT_APPLY
SAP-P010-07,SAP-I010-08,5543.86,OVERPAYMENT_APPLY
NET-P009-06,NET-I009-06,4966.68,AMOUNT_INFERENCE
NET-P013-03,NET-I013-03,4714.87,OVERPAYMENT_APPLY
NET-P017-03,NET-I017-03,5241.37,OVERPAYMENT_APPLY
NET-P018-05A,NET-I018-06,2787.02,PARTIAL_REFERENCE
ORA-P004-05A,ORA-I004-06,1646.64,REFERENCE
ORA-P007-08,ORA-I007-09,4864.7,DEDUCTION_SUPPORTED_SHORT_PAY
ORA-P008-01,ORA-I008-01,3258.36,REFERENCE
ORA-P009-01,ORA-I009-01,3458.43,REFERENCE
ORA-P010-02,ORA-I010-02,2368.16,PARTIAL_REFERENCE
ORA-P016-03,ORA-I016-03,5181.12,OVERPAYMENT_APPLY
ORA-P018-04,ORA-I018-04,5386.21,ONE_TO_MANY_REMITTANCE
ORA-P018-04,ORA-I018-05,5760.68,ONE_TO_MANY_REMITTANCE
SAP-P001-04,SAP-I001-04,3194.34,ONE_TO_MANY_REMITTANCE
SAP-P001-04,SAP-I001-05,3012.86,ONE_TO_MANY_REMITTANCE
SAP-P002-05B,SAP-I002-06,2059.28,PARTIAL_REFERENCE
SAP-P003-01,SAP-I003-01,3114.67,REFERENCE
SAP-P003-05B,SAP-I003-06,2222.29,REFERENCE
SAP-P004-04,SAP-I004-04,3609.49,ONE_TO_MANY_REMITTANCE
SAP-P004-04,SAP-I004-05,3670.13,ONE_TO_MANY_REMITTANCE
SAP-P005-04,SAP-I005-04,3407.31,ONE_TO_MANY_REMITTANCE
SAP-P005-04,SAP-I005-05,4155.11,ONE_TO_MANY_REMITTANCE
SAP-P007-08,SAP-I007-09,4593.41,DEDUCTION_SUPPORTED_SHORT_PAY
SAP-P009-05B,SAP-I009-06,2466.55,PARTIAL_REFERENCE
SAP-P012-02,SAP-I012-02,2436.83,PARTIAL_REFERENCE
SAP-P016-01,SAP-I016-01,4347.78,REFERENCE
NET-P005-03,NET-I005-03,3721.11,OVERPAYMENT_APPLY
NET-P007-04,NET-I007-04,4016.05,ONE_TO_MANY_REMITTANCE
NET-P007-04,NET-I007-05,4260.06,ONE_TO_MANY_REMITTANCE
NET-P007-07,NET-I007-08,4642.42,OVERPAYMENT_APPLY
NET-P007-08,NET-I007-09,5218.3,DEDUCTION_SUPPORTED_SHORT_PAY
NET-P008-05B,NET-I008-06,2654.45,PARTIAL_REFERENCE
NET-P009-05B,NET-I009-06,9.17,OVERPAYMENT_APPLY
NET-P012-02,NET-I012-02,2539.58,PARTIAL_REFERENCE
NET-P014-03,NET-I014-03,4854.32,OVERPAYMENT_APPLY
NET-P015-01,NET-I015-01,4443.63,REFERENCE
NET-P017-02,NET-I017-02,2772.3,PARTIAL_REFERENCE
ORA-P002-03,ORA-I002-03,3191.51,OVERPAYMENT_APPLY
ORA-P002-04,ORA-I002-04,3278.31,ONE_TO_MANY_REMITTANCE
ORA-P002-04,ORA-I002-05,3216.18,ONE_TO_MANY_REMITTANCE
ORA-P002-08,ORA-I002-09,4017.9,DEDUCTION_SUPPORTED_SHORT_PAY
ORA-P003-01,ORA-I003-01,2624.26,REFERENCE
ORA-P004-04,ORA-I004-04,3493.72,ONE_TO_MANY_REMITTANCE
ORA-P004-04,ORA-I004-05,3583.14,ONE_TO_MANY_REMITTANCE
ORA-P006-01,ORA-I006-01,3399.23,REFERENCE
ORA-P012-08,ORA-I012-09,5381.47,DEDUCTION_SUPPORTED_SHORT_PAY
ORA-P014-04,ORA-I014-04,4978.63,ONE_TO_MANY_REMITTANCE
ORA-P014-04,ORA-I014-05,4981.74,ONE_TO_MANY_REMITTANCE
ORA-P017-03,ORA-I017-03,4884.42,OVERPAYMENT_APPLY
SAP-P003-03,SAP-I003-03,3323.23,OVERPAYMENT_APPLY
SAP-P006-01,SAP-I006-01,3006.53,REFERENCE
SAP-P008-01,SAP-I008-01,3239.93,REFERENCE
SAP-P008-08,SAP-I008-09,5290.94,DEDUCTION_SUPPORTED_SHORT_PAY
SAP-P011-05A,SAP-I011-06,2313.24,PARTIAL_REFERENCE
SAP-P011-07,SAP-I011-08,5642.14,OVERPAYMENT_APPLY
SAP-P011-08,SAP-I011-09,5757.57,DEDUCTION_SUPPORTED_SHORT_PAY
SAP-P014-03,SAP-I014-03,4915.59,OVERPAYMENT_APPLY
SAP-P015-05A,SAP-I015-06,2382.33,REFERENCE
SAP-P017-04,SAP-I017-04,5202.15,ONE_TO_MANY_REMITTANCE
SAP-P017-04,SAP-I017-05,5412.79,ONE_TO_MANY_REMITTANCE
NET-P001-08,NET-I001-09,4139.06,DEDUCTION_SUPPORTED_SHORT_PAY
NET-P010-01,NET-I010-01,3704.93,REFERENCE
NET-P011-04,NET-I011-04,4216.7,ONE_TO_MANY_REMITTANCE
NET-P011-04,NET-I011-05,4692.55,ONE_TO_MANY_REMITTANCE
NET-P012-08,NET-I012-09,5395.66,DEDUCTION_SUPPORTED_SHORT_PAY
NET-P014-07,NET-I014-08,6016.98,OVERPAYMENT_APPLY
NET-P017-04,NET-I017-04,5038.51,ONE_TO_MANY_REMITTANCE
NET-P017-04,NET-I017-05,5666.33,ONE_TO_MANY_REMITTANCE
NET-P018-05B,NET-I018-06,3406.36,REFERENCE
ORA-P001-01,ORA-I001-01,2802.58,REFERENCE
ORA-P001-02,ORA-I001-02,1620.91,PARTIAL_REFERENCE
ORA-P002-01,ORA-I002-01,2576.72,REFERENCE
ORA-P006-03,ORA-I006-03,3269.76,OVERPAYMENT_APPLY
ORA-P009-05A,ORA-I009-06,2046.27,REFERENCE
ORA-P013-08,ORA-I013-09,5876.81,DEDUCTION_SUPPORTED_SHORT_PAY
ORA-P015-01,ORA-I015-01,4410.0,REFERENCE
ORA-P015-08,ORA-I015-09,5847.88,DEDUCTION_SUPPORTED_SHORT_PAY
ORA-P018-07,ORA-I018-08,6566.26,OVERPAYMENT_APPLY
SAP-P001-05B,SAP-I001-06,1851.22,PARTIAL_REFERENCE
SAP-P002-05A,SAP-I002-06,1684.87,REFERENCE
SAP-P005-07,SAP-I005-08,4835.86,OVERPAYMENT_APPLY
SAP-P006-04,SAP-I006-04,3620.15,ONE_TO_MANY_REMITTANCE
SAP-P006-04,SAP-I006-05,4172.49,ONE_TO_MANY_REMITTANCE
SAP-P007-04,SAP-I007-04,3701.13,ONE_TO_MANY_REMITTANCE
SAP-P007-04,SAP-I007-05,4008.98,ONE_TO_MANY_REMITTANCE
SAP-P011-05B,SAP-I011-06,2827.3,REFERENCE
SAP-P012-01,SAP-I012-01,4260.05,REFERENCE
SAP-P012-07,SAP-I012-08,5158.78,OVERPAYMENT_APPLY
SAP-P013-05A,SAP-I013-06,2241.58,REFERENCE
SAP-P017-05A,SAP-I017-06,2704.84,PARTIAL_REFERENCE
NET-P004-01,NET-I004-01,2562.99,REFERENCE
NET-P006-04,NET-I006-04,3954.68,ONE_TO_MANY_REMITTANCE
NET-P006-04,NET-I006-05,3790.33,ONE_TO_MANY_REMITTANCE
NET-P011-05B,NET-I011-06,2829.94,REFERENCE
NET-P013-04,NET-I013-04,5063.77,ONE_TO_MANY_REMITTANCE
NET-P013-04,NET-I013-05,5087.78,ONE_TO_MANY_REMITTANCE
NET-P015-08,NET-I015-09,5966.58,DEDUCTION_SUPPORTED_SHORT_PAY
NET-P016-03,NET-I016-03,4631.19,OVERPAYMENT_APPLY
ORA-P002-05A,ORA-I002-06,1568.12,PARTIAL_REFERENCE
ORA-P002-07,ORA-I002-08,4114.76,OVERPAYMENT_APPLY
ORA-P005-05B,ORA-I005-06,2371.29,REFERENCE
ORA-P007-05A,ORA-I007-06,2004.63,PARTIAL_REFERENCE
ORA-P007-05B,ORA-I007-06,2450.11,REFERENCE
ORA-P010-03,ORA-I010-03,4298.61,OVERPAYMENT_APPLY
ORA-P011-05A,ORA-I011-06,2208.41,REFERENCE
ORA-P012-05B,ORA-I012-06,2635.24,REFERENCE
ORA-P014-03,ORA-I014-03,4585.52,OVERPAYMENT_APPLY
ORA-P015-07,ORA-I015-08,5936.63,OVERPAYMENT_APPLY
ORA-P016-01,ORA-I016-01,4360.93,REFERENCE
ORA-P017-05A,ORA-I017-06,2620.39,REFERENCE
ORA-P017-08,ORA-I017-09,6213.69,DEDUCTION_SUPPORTED_SHORT_PAY
SAP-P001-01,SAP-I001-01,2304.25,REFERENCE
SAP-P002-02,SAP-I002-02,1906.31,PARTIAL_REFERENCE
SAP-P002-07,SAP-I002-08,3921.53,OVERPAYMENT_APPLY
SAP-P004-01,SAP-I004-01,2591.98,REFERENCE
SAP-P004-05B,SAP-I004-06,2191.41,REFERENCE
SAP-P005-03,SAP-I005-03,3344.91,OVERPAYMENT_APPLY
SAP-P013-07,SAP-I013-08,5792.69,OVERPAYMENT_APPLY
SAP-P014-04,SAP-I014-04,4579.1,ONE_TO_MANY_REMITTANCE
SAP-P014-04,SAP-I014-05,5461.76,ONE_TO_MANY_REMITTANCE
NET-P006-01,NET-I006-01,3275.16,REFERENCE
NET-P008-07,NET-I008-08,4939.05,OVERPAYMENT_APPLY
NET-P009-08,NET-I009-09,5027.51,DEDUCTION_SUPPORTED_SHORT_PAY
NET-P013-05B,NET-I013-06,2877.96,PARTIAL_REFERENCE
NET-P016-02,NET-I016-02,2903.03,PARTIAL_REFERENCE
ORA-P001-05A,ORA-I001-06,1600.82,PARTIAL_REFERENCE
ORA-P007-03,ORA-I007-03,3411.63,OVERPAYMENT_APPLY
ORA-P009-03,ORA-I009-03,4005.29,OVERPAYMENT_APPLY
ORA-P016-07,ORA-I016-08,5935.78,OVERPAYMENT_APPLY
SAP-P001-05A,SAP-I001-06,1514.64,REFERENCE
SAP-P003-02,SAP-I003-02,1868.83,PARTIAL_REFERENCE
SAP-P009-05A,SAP-I009-06,2018.09,REFERENCE
SAP-P009-08,SAP-I009-09,5138.73,DEDUCTION_SUPPORTED_SHORT_PAY
SAP-P010-01,SAP-I010-01,3862.25,REFERENCE
SAP-P010-05B,SAP-I010-06,2456.77,REFERENCE
SAP-P015-03,SAP-I015-03,4800.14,OVERPAYMENT_APPLY
SAP-P015-04,SAP-I015-04,5219.56,ONE_TO_MANY_REMITTANCE
SAP-P015-04,SAP-I015-05,5225.05,ONE_TO_MANY_REMITTANCE
SAP-P016-08,SAP-I016-09,6084.31,DEDUCTION_SUPPORTED_SHORT_PAY
NET-P001-04,NET-I001-04,3393.09,ONE_TO_MANY_REMITTANCE
NET-P001-04,NET-I001-05,3306.75,ONE_TO_MANY_REMITTANCE
NET-P003-05B,NET-I003-06,2248.38,REFERENCE
NET-P006-08,NET-I006-09,4528.02,DEDUCTION_SUPPORTED_SHORT_PAY
NET-P007-02,NET-I007-02,2304.09,PARTIAL_REFERENCE
NET-P010-05A,NET-I010-06,2247.0,REFERENCE
NET-P011-08,NET-I011-09,5154.75,DEDUCTION_SUPPORTED_SHORT_PAY
NET-P012-03,NET-I012-03,4082.75,OVERPAYMENT_APPLY
NET-P015-05A,NET-I015-06,2453.67,REFERENCE
NET-P016-04,NET-I016-04,5335.06,ONE_TO_MANY_REMITTANCE
NET-P016-04,NET-I016-05,5421.9,ONE_TO_MANY_REMITTANCE
ORA-P001-04,ORA-I001-04,3112.39,ONE_TO_MANY_REMITTANCE
ORA-P001-04,ORA-I001-05,3430.34,ONE_TO_MANY_REMITTANCE
ORA-P005-04,ORA-I005-04,3461.58,ONE_TO_MANY_REMITTANCE
ORA-P005-04,ORA-I005-05,4130.19,ONE_TO_MANY_REMITTANCE
ORA-P008-05A,ORA-I008-06,2068.51,PARTIAL_REFERENCE
ORA-P010-08,ORA-I010-09,5461.46,DEDUCTION_SUPPORTED_SHORT_PAY
ORA-P011-01,ORA-I011-01,3617.1,REFERENCE
ORA-P012-01,ORA-I012-01,3796.74,REFERENCE
ORA-P013-07,ORA-I013-08,5936.29,OVERPAYMENT_APPLY
ORA-P014-08,ORA-I014-09,5742.99,DEDUCTION_SUPPORTED_SHORT_PAY
ORA-P015-02,ORA-I015-02,2633.12,PARTIAL_REFERENCE
ORA-P018-05A,ORA-I018-06,2576.68,REFERENCE
SAP-P001-08,SAP-I001-09,4117.46,DEDUCTION_SUPPORTED_SHORT_PAY
SAP-P006-05A,SAP-I006-06,1821.72,PARTIAL_REFERENCE
SAP-P006-05B,SAP-I006-06,2226.54,REFERENCE
SAP-P009-04,SAP-I009-04,4574.27,ONE_TO_MANY_REMITTANCE
SAP-P009-04,SAP-I009-05,4464.34,ONE_TO_MANY_REMITTANCE
SAP-P011-01,SAP-I011-01,3589.96,REFERENCE
SAP-P014-01,SAP-I014-01,4595.4,REFERENCE
SAP-P014-07,SAP-I014-08,5808.97,OVERPAYMENT_APPLY
SAP-P017-08,SAP-I017-09,5985.33,DEDUCTION_SUPPORTED_SHORT_PAY
SAP-P018-01,SAP-I018-01,4901.12,REFERENCE
NET-P002-01,NET-I002-01,2617.96,REFERENCE
NET-P006-07,NET-I006-08,4357.53,OVERPAYMENT_APPLY
NET-P007-05A,NET-I007-06,1889.89,PARTIAL_REFERENCE
NET-P008-01,NET-I008-01,3244.78,REFERENCE
NET-P008-04,NET-I008-04,3873.95,ONE_TO_MANY_REMITTANCE
NET-P008-04,NET-I008-05,4141.81,ONE_TO_MANY_REMITTANCE
NET-P009-07,NET-I009-08,5245.92,OVERPAYMENT_APPLY
NET-P010-03,NET-I010-03,4370.8,OVERPAYMENT_APPLY
NET-P011-01,NET-I011-01,3796.48,REFERENCE
NET-P013-08,NET-I013-09,5917.77,DEDUCTION_SUPPORTED_SHORT_PAY
ORA-P005-07,ORA-I005-08,4258.69,OVERPAYMENT_APPLY
ORA-P008-05B,ORA-I008-06,2528.17,REFERENCE
ORA-P008-07,ORA-I008-08,4923.97,OVERPAYMENT_APPLY
ORA-P009-04,ORA-I009-04,4518.22,ONE_TO_MANY_REMITTANCE
ORA-P009-04,ORA-I009-05,4757.59,ONE_TO_MANY_REMITTANCE
ORA-P013-01,ORA-I013-01,4153.99,REFERENCE
ORA-P014-02,ORA-I014-02,2827.17,PARTIAL_REFERENCE
ORA-P014-05B,ORA-I014-06,2981.41,REFERENCE
ORA-P015-05B,ORA-I015-06,2922.63,REFERENCE
ORA-P017-02,ORA-I017-02,2980.21,PARTIAL_REFERENCE
SAP-P008-03,SAP-I008-03,4044.02,OVERPAYMENT_APPLY
SAP-P013-08,SAP-I013-09,5810.86,DEDUCTION_SUPPORTED_SHORT_PAY
SAP-P015-02,SAP-I015-02,2745.43,PARTIAL_REFERENCE
SAP-P015-07,SAP-I015-08,5907.91,OVERPAYMENT_APPLY
SAP-P017-01,SAP-I017-01,4789.92,REFERENCE
NET-P001-05B,NET-I001-06,2090.14,REFERENCE
NET-P004-05A,NET-I004-06,1868.92,REFERENCE
NET-P005-05B,NET-I005-06,2217.78,REFERENCE
NET-P006-02,NET-I006-02,2122.65,PARTIAL_REFERENCE
NET-P013-05A,NET-I013-06,2354.69,REFERENCE
NET-P015-03,NET-I015-03,5027.94,OVERPAYMENT_APPLY
NET-P016-07,NET-I016-08,6127.72,OVERPAYMENT_APPLY
NET-P018-01,NET-I018-01,5098.04,REFERENCE
ORA-P002-05B,ORA-I002-06,1916.6,REFERENCE
ORA-P006-04,ORA-I006-04,3479.01,ONE_TO_MANY_REMITTANCE
ORA-P006-04,ORA-I006-05,3788.09,ONE_TO_MANY_REMITTANCE
ORA-P006-05B,ORA-I006-06,2295.69,REFERENCE
ORA-P010-07,ORA-I010-08,5042.77,OVERPAYMENT_APPLY
SAP-P007-05B,SAP-I007-06,2550.43,REFERENCE
SAP-P008-02,SAP-I008-02,2397.66,PARTIAL_REFERENCE
SAP-P010-03,SAP-I010-03,3978.78,OVERPAYMENT_APPLY
SAP-P011-03,SAP-I011-03,4224.46,OVERPAYMENT_APPLY
SAP-P012-03,SAP-I012-03,4433.58,OVERPAYMENT_APPLY
SAP-P017-02,SAP-I017-02,3094.68,PARTIAL_REFERENCE
SAP-P018-02,SAP-I018-02,3114.51,PARTIAL_REFERENCE
NET-P002-07,NET-I002-08,4157.66,OVERPAYMENT_APPLY
NET-P007-05B,NET-I007-06,2309.86,REFERENCE
NET-P008-05A,NET-I008-06,2171.82,REFERENCE
NET-P009-01,NET-I009-01,3491.95,REFERENCE
NET-P011-03,NET-I011-03,4192.7,OVERPAYMENT_APPLY
NET-P016-05A,NET-I016-06,2651.8,PARTIAL_REFERENCE
NET-P016-05B,NET-I016-06,3241.1,REFERENCE
ORA-P001-05B,ORA-I001-06,1956.56,REFERENCE
ORA-P003-05B,ORA-I003-06,2195.08,REFERENCE
ORA-P005-03,ORA-I005-03,3401.08,OVERPAYMENT_APPLY
ORA-P007-04,ORA-I007-04,4031.0,ONE_TO_MANY_REMITTANCE
ORA-P007-04,ORA-I007-05,4051.62,ONE_TO_MANY_REMITTANCE
ORA-P008-03,ORA-I008-03,4088.61,OVERPAYMENT_APPLY
ORA-P010-04,ORA-I010-04,4650.24,ONE_TO_MANY_REMITTANCE
ORA-P010-04,ORA-I010-05,4577.72,ONE_TO_MANY_REMITTANCE
ORA-P012-04,ORA-I012-04,4540.39,ONE_TO_MANY_REMITTANCE
ORA-P012-04,ORA-I012-05,4822.95,ONE_TO_MANY_REMITTANCE
ORA-P018-02,ORA-I018-02,3065.27,PARTIAL_REFERENCE
SAP-P004-03,SAP-I004-03,3535.46,OVERPAYMENT_APPLY
SAP-P009-01,SAP-I009-01,3465.32,REFERENCE
SAP-P012-05A,SAP-I012-06,2155.83,REFERENCE
SAP-P016-04,SAP-I016-04,4849.67,ONE_TO_MANY_REMITTANCE
SAP-P016-04,SAP-I016-05,5449.98,ONE_TO_MANY_REMITTANCE
SAP-P017-03,SAP-I017-03,4797.2,OVERPAYMENT_APPLY
SAP-P017-05B,SAP-I017-06,3305.91,REFERENCE
SAP-P018-08,SAP-I018-09,6548.43,DEDUCTION_SUPPORTED_SHORT_PAY
