source_system,invoice_id,customer_id,invoice_number,invoice_date,due_date,currency,gross_amount,open_amount,status,benchmark_case
SAP_S4HANA_SIM,SAP-I001-01,SAP-C001,INV-100101,2026-04-01,2026-05-16,USD,2304.25,2304.25,OPEN,EXACT
SAP_S4HANA_SIM,SAP-I001-02,SAP-C001,INV-100102,2026-04-06,2026-05-21,USD,2430.75,2430.75,OPEN,PARTIAL
SAP_S4HANA_SIM,SAP-I001-03,SAP-C001,INV-100103,2026-04-15,2026-05-30,USD,3194.53,3194.53,OPEN,OVERPAYMENT
SAP_S4HANA_SIM,SAP-I001-04,SAP-C001,INV-100104,2026-04-29,2026-06-13,USD,3194.34,3194.34,OPEN,ONE_PAYMENT_MULTI_INVOICE
SAP_S4HANA_SIM,SAP-I001-05,SAP-C001,INV-100105,2026-05-08,2026-06-22,USD,3012.86,3012.86,OPEN,MULTI_PAYMENT_ONE_INVOICE
SAP_S4HANA_SIM,SAP-I001-06,SAP-C001,INV-100106,2026-05-16,2026-06-30,USD,3365.86,3365.86,OPEN,MISSING_REMITTANCE
SAP_S4HANA_SIM,SAP-I001-07,SAP-C001,INV-100107,2026-05-22,2026-07-06,EUR,3432.58,3432.58,OPEN,CURRENCY_TOLERANCE
SAP_S4HANA_SIM,SAP-I001-08,SAP-C001,INV-100108,2026-06-03,2026-07-18,USD,4126.21,4126.21,OPEN,SHORT_PAY_DEDUCTION
SAP_S4HANA_SIM,SAP-I001-09,SAP-C001,INV-100109,2026-06-08,2026-07-23,USD,4217.46,4217.46,OPEN,UNMATCHED_CASH
SAP_S4HANA_SIM,SAP-I001-10,SAP-C001,INV-100110,2026-06-21,2026-08-05,USD,4361.45,4361.45,OPEN,OPEN_PAST_DUE
SAP_S4HANA_SIM,SAP-I001-11,SAP-C001,INV-100111,2026-06-29,2026-08-13,USD,4824.6,4824.6,OPEN,BROKEN_PROMISE
SAP_S4HANA_SIM,SAP-I001-12,SAP-C001,INV-100112,2026-07-10,2026-08-24,USD,5000.17,5000.17,OPEN,EXACT
SAP_S4HANA_SIM,SAP-I002-01,SAP-C002,INV-100201,2026-03-28,2026-04-27,USD,2606.6,2606.6,OPEN,EXACT
SAP_S4HANA_SIM,SAP-I002-02,SAP-C002,INV-100202,2026-04-11,2026-05-11,USD,3177.18,3177.18,OPEN,PARTIAL
SAP_S4HANA_SIM,SAP-I002-03,SAP-C002,INV-100203,2026-04-17,2026-05-17,USD,2762.16,2762.16,OPEN,OVERPAYMENT
SAP_S4HANA_SIM,SAP-I002-04,SAP-C002,INV-100204,2026-04-27,2026-05-27,USD,3498.58,3498.58,OPEN,ONE_PAYMENT_MULTI_INVOICE
SAP_S4HANA_SIM,SAP-I002-05,SAP-C002,INV-100205,2026-05-04,2026-06-03,USD,3748.82,3748.82,OPEN,MULTI_PAYMENT_ONE_INVOICE
SAP_S4HANA_SIM,SAP-I002-06,SAP-C002,INV-100206,2026-05-15,2026-06-14,USD,3744.15,3744.15,OPEN,MISSING_REMITTANCE
SAP_S4HANA_SIM,SAP-I002-07,SAP-C002,INV-100207,2026-05-21,2026-06-20,EUR,3599.69,3599.69,OPEN,CURRENCY_TOLERANCE
SAP_S4HANA_SIM,SAP-I002-08,SAP-C002,INV-100208,2026-05-30,2026-06-29,USD,3921.53,3921.53,OPEN,SHORT_PAY_DEDUCTION
SAP_S4HANA_SIM,SAP-I002-09,SAP-C002,INV-100209,2026-06-11,2026-07-11,USD,4662.66,4662.66,OPEN,UNMATCHED_CASH
SAP_S4HANA_SIM,SAP-I002-10,SAP-C002,INV-100210,2026-06-16,2026-07-16,USD,4346.95,4346.95,OPEN,OPEN_PAST_DUE
SAP_S4HANA_SIM,SAP-I002-11,SAP-C002,INV-100211,2026-07-01,2026-07-31,USD,4661.09,4661.09,OPEN,BROKEN_PROMISE
SAP_S4HANA_SIM,SAP-I002-12,SAP-C002,INV-100212,2026-07-07,2026-08-06,USD,5050.98,5050.98,OPEN,EXACT
SAP_S4HANA_SIM,SAP-I003-01,SAP-C003,INV-100301,2026-03-31,2026-05-30,USD,3114.67,3114.67,OPEN,EXACT
SAP_S4HANA_SIM,SAP-I003-02,SAP-C003,INV-100302,2026-04-06,2026-06-05,USD,3114.71,3114.71,OPEN,PARTIAL
SAP_S4HANA_SIM,SAP-I003-03,SAP-C003,INV-100303,2026-04-19,2026-06-18,USD,3323.23,3323.23,OPEN,OVERPAYMENT
SAP_S4HANA_SIM,SAP-I003-04,SAP-C003,INV-100304,2026-04-23,2026-06-22,USD,3592.82,3592.82,OPEN,ONE_PAYMENT_MULTI_INVOICE
SAP_S4HANA_SIM,SAP-I003-05,SAP-C003,INV-100305,2026-05-08,2026-07-07,USD,3426.33,3426.33,OPEN,MULTI_PAYMENT_ONE_INVOICE
SAP_S4HANA_SIM,SAP-I003-06,SAP-C003,INV-100306,2026-05-17,2026-07-16,USD,4040.53,4040.53,OPEN,MISSING_REMITTANCE
SAP_S4HANA_SIM,SAP-I003-07,SAP-C003,INV-100307,2026-05-23,2026-07-22,EUR,3875.42,3875.42,OPEN,CURRENCY_TOLERANCE
SAP_S4HANA_SIM,SAP-I003-08,SAP-C003,INV-100308,2026-06-03,2026-08-02,USD,4538.2,4538.2,OPEN,SHORT_PAY_DEDUCTION
SAP_S4HANA_SIM,SAP-I003-09,SAP-C003,INV-100309,2026-06-09,2026-08-08,USD,4723.46,4723.46,OPEN,UNMATCHED_CASH
SAP_S4HANA_SIM,SAP-I003-10,SAP-C003,INV-100310,2026-06-20,2026-08-19,USD,4469.84,4469.84,OPEN,OPEN_PAST_DUE
SAP_S4HANA_SIM,SAP-I003-11,SAP-C003,INV-100311,2026-06-28,2026-08-27,USD,4808.94,4808.94,OPEN,BROKEN_PROMISE
SAP_S4HANA_SIM,SAP-I003-12,SAP-C003,INV-100312,2026-07-05,2026-09-03,USD,5064.2,5064.2,OPEN,EXACT
SAP_S4HANA_SIM,SAP-I004-01,SAP-C004,INV-100401,2026-03-27,2026-04-26,USD,2591.98,2591.98,OPEN,EXACT
SAP_S4HANA_SIM,SAP-I004-02,SAP-C004,INV-100402,2026-04-11,2026-05-11,USD,2876.99,2876.99,OPEN,PARTIAL
SAP_S4HANA_SIM,SAP-I004-03,SAP-C004,INV-100403,2026-04-19,2026-05-19,USD,3535.46,3535.46,OPEN,OVERPAYMENT
SAP_S4HANA_SIM,SAP-I004-04,SAP-C004,INV-100404,2026-04-26,2026-05-26,USD,3609.49,3609.49,OPEN,ONE_PAYMENT_MULTI_INVOICE
SAP_S4HANA_SIM,SAP-I004-05,SAP-C004,INV-100405,2026-05-05,2026-06-04,USD,3670.13,3670.13,OPEN,MULTI_PAYMENT_ONE_INVOICE
SAP_S4HANA_SIM,SAP-I004-06,SAP-C004,INV-100406,2026-05-14,2026-06-13,USD,3984.38,3984.38,OPEN,MISSING_REMITTANCE
SAP_S4HANA_SIM,SAP-I004-07,SAP-C004,INV-100407,2026-05-22,2026-06-21,EUR,4427.55,4427.55,OPEN,CURRENCY_TOLERANCE
SAP_S4HANA_SIM,SAP-I004-08,SAP-C004,INV-100408,2026-06-04,2026-07-04,USD,4512.2,4512.2,OPEN,SHORT_PAY_DEDUCTION
SAP_S4HANA_SIM,SAP-I004-09,SAP-C004,INV-100409,2026-06-13,2026-07-13,USD,4724.2,4724.2,OPEN,UNMATCHED_CASH
SAP_S4HANA_SIM,SAP-I004-10,SAP-C004,INV-100410,2026-06-18,2026-07-18,USD,4983.61,4983.61,OPEN,OPEN_PAST_DUE
SAP_S4HANA_SIM,SAP-I004-11,SAP-C004,INV-100411,2026-06-25,2026-07-25,USD,5117.67,5117.67,OPEN,BROKEN_PROMISE
SAP_S4HANA_SIM,SAP-I004-12,SAP-C004,INV-100412,2026-07-10,2026-08-09,USD,5085.45,5085.45,OPEN,EXACT
SAP_S4HANA_SIM,SAP-I005-01,SAP-C005,INV-100501,2026-03-29,2026-04-28,USD,3363.45,3363.45,OPEN,EXACT
SAP_S4HANA_SIM,SAP-I005-02,SAP-C005,INV-100502,2026-04-07,2026-05-07,USD,3549.95,3549.95,OPEN,PARTIAL
SAP_S4HANA_SIM,SAP-I005-03,SAP-C005,INV-100503,2026-04-16,2026-05-16,USD,3344.91,3344.91,OPEN,OVERPAYMENT
SAP_S4HANA_SIM,SAP-I005-04,SAP-C005,INV-100504,2026-04-29,2026-05-29,USD,3407.31,3407.31,OPEN,ONE_PAYMENT_MULTI_INVOICE
SAP_S4HANA_SIM,SAP-I005-05,SAP-C005,INV-100505,2026-05-06,2026-06-05,USD,4155.11,4155.11,OPEN,MULTI_PAYMENT_ONE_INVOICE
SAP_S4HANA_SIM,SAP-I005-06,SAP-C005,INV-100506,2026-05-11,2026-06-10,USD,4315.74,4315.74,OPEN,MISSING_REMITTANCE
SAP_S4HANA_SIM,SAP-I005-07,SAP-C005,INV-100507,2026-05-25,2026-06-24,EUR,4002.55,4002.55,OPEN,CURRENCY_TOLERANCE
SAP_S4HANA_SIM,SAP-I005-08,SAP-C005,INV-100508,2026-05-31,2026-06-30,USD,4835.86,4835.86,OPEN,SHORT_PAY_DEDUCTION
SAP_S4HANA_SIM,SAP-I005-09,SAP-C005,INV-100509,2026-06-13,2026-07-13,USD,4896.34,4896.34,OPEN,UNMATCHED_CASH
SAP_S4HANA_SIM,SAP-I005-10,SAP-C005,INV-100510,2026-06-16,2026-07-16,USD,4643.45,4643.45,OPEN,OPEN_PAST_DUE
SAP_S4HANA_SIM,SAP-I005-11,SAP-C005,INV-100511,2026-06-25,2026-07-25,USD,5178.89,5178.89,OPEN,BROKEN_PROMISE
SAP_S4HANA_SIM,SAP-I005-12,SAP-C005,INV-100512,2026-07-09,2026-08-08,USD,5106.87,5106.87,OPEN,EXACT
SAP_S4HANA_SIM,SAP-I006-01,SAP-C006,INV-100601,2026-04-02,2026-06-01,USD,3006.53,3006.53,OPEN,EXACT
SAP_S4HANA_SIM,SAP-I006-02,SAP-C006,INV-100602,2026-04-11,2026-06-10,USD,3280.66,3280.66,OPEN,PARTIAL
SAP_S4HANA_SIM,SAP-I006-03,SAP-C006,INV-100603,2026-04-16,2026-06-15,USD,3642.75,3642.75,OPEN,OVERPAYMENT
SAP_S4HANA_SIM,SAP-I006-04,SAP-C006,INV-100604,2026-04-25,2026-06-24,USD,3620.15,3620.15,OPEN,ONE_PAYMENT_MULTI_INVOICE
SAP_S4HANA_SIM,SAP-I006-05,SAP-C006,INV-100605,2026-05-08,2026-07-07,USD,4172.49,4172.49,OPEN,MULTI_PAYMENT_ONE_INVOICE
SAP_S4HANA_SIM,SAP-I006-06,SAP-C006,INV-100606,2026-05-17,2026-07-16,USD,4048.26,4048.26,OPEN,MISSING_REMITTANCE
SAP_S4HANA_SIM,SAP-I006-07,SAP-C006,INV-100607,2026-05-26,2026-07-25,EUR,4700.74,4700.74,OPEN,CURRENCY_TOLERANCE
SAP_S4HANA_SIM,SAP-I006-08,SAP-C006,INV-100608,2026-06-04,2026-08-03,USD,4669.91,4669.91,OPEN,SHORT_PAY_DEDUCTION
SAP_S4HANA_SIM,SAP-I006-09,SAP-C006,INV-100609,2026-06-11,2026-08-10,USD,4989.28,4989.28,OPEN,UNMATCHED_CASH
SAP_S4HANA_SIM,SAP-I006-10,SAP-C006,INV-100610,2026-06-21,2026-08-20,USD,5109.46,5109.46,OPEN,OPEN_PAST_DUE
SAP_S4HANA_SIM,SAP-I006-11,SAP-C006,INV-100611,2026-06-26,2026-08-25,USD,5597.86,5597.86,OPEN,BROKEN_PROMISE
SAP_S4HANA_SIM,SAP-I006-12,SAP-C006,INV-100612,2026-07-06,2026-09-04,USD,5557.35,5557.35,OPEN,EXACT
SAP_S4HANA_SIM,SAP-I007-01,SAP-C007,INV-100701,2026-03-28,2026-05-27,USD,3207.51,3207.51,OPEN,EXACT
SAP_S4HANA_SIM,SAP-I007-02,SAP-C007,INV-100702,2026-04-05,2026-06-04,USD,3257.49,3257.49,OPEN,PARTIAL
SAP_S4HANA_SIM,SAP-I007-03,SAP-C007,INV-100703,2026-04-19,2026-06-18,USD,3525.15,3525.15,OPEN,OVERPAYMENT
SAP_S4HANA_SIM,SAP-I007-04,SAP-C007,INV-100704,2026-04-26,2026-06-25,USD,3701.13,3701.13,OPEN,ONE_PAYMENT_MULTI_INVOICE
SAP_S4HANA_SIM,SAP-I007-05,SAP-C007,INV-100705,2026-05-07,2026-07-06,USD,4008.98,4008.98,OPEN,MULTI_PAYMENT_ONE_INVOICE
SAP_S4HANA_SIM,SAP-I007-06,SAP-C007,INV-100706,2026-05-16,2026-07-15,USD,4637.14,4637.14,OPEN,MISSING_REMITTANCE
SAP_S4HANA_SIM,SAP-I007-07,SAP-C007,INV-100707,2026-05-26,2026-07-25,EUR,4546.19,4546.19,OPEN,CURRENCY_TOLERANCE
SAP_S4HANA_SIM,SAP-I007-08,SAP-C007,INV-100708,2026-05-29,2026-07-28,USD,5046.18,5046.18,OPEN,SHORT_PAY_DEDUCTION
SAP_S4HANA_SIM,SAP-I007-09,SAP-C007,INV-100709,2026-06-13,2026-08-12,USD,4693.41,4693.41,OPEN,UNMATCHED_CASH
SAP_S4HANA_SIM,SAP-I007-10,SAP-C007,INV-100710,2026-06-18,2026-08-17,USD,5454.22,5454.22,OPEN,OPEN_PAST_DUE
SAP_S4HANA_SIM,SAP-I007-11,SAP-C007,INV-100711,2026-07-01,2026-08-30,USD,5728.46,5728.46,OPEN,BROKEN_PROMISE
SAP_S4HANA_SIM,SAP-I007-12,SAP-C007,INV-100712,2026-07-04,2026-09-02,USD,5456.47,5456.47,OPEN,EXACT
SAP_S4HANA_SIM,SAP-I008-01,SAP-C008,INV-100801,2026-04-01,2026-05-31,USD,3239.93,3239.93,OPEN,EXACT
SAP_S4HANA_SIM,SAP-I008-02,SAP-C008,INV-100802,2026-04-10,2026-06-09,USD,3996.1,3996.1,OPEN,PARTIAL
SAP_S4HANA_SIM,SAP-I008-03,SAP-C008,INV-100803,2026-04-16,2026-06-15,USD,4044.02,4044.02,OPEN,OVERPAYMENT
SAP_S4HANA_SIM,SAP-I008-04,SAP-C008,INV-100804,2026-04-29,2026-06-28,USD,4263.58,4263.58,OPEN,ONE_PAYMENT_MULTI_INVOICE
SAP_S4HANA_SIM,SAP-I008-05,SAP-C008,INV-100805,2026-05-08,2026-07-07,USD,3986.1,3986.1,OPEN,MULTI_PAYMENT_ONE_INVOICE
SAP_S4HANA_SIM,SAP-I008-06,SAP-C008,INV-100806,2026-05-14,2026-07-13,USD,4514.0,4514.0,OPEN,MISSING_REMITTANCE
SAP_S4HANA_SIM,SAP-I008-07,SAP-C008,INV-100807,2026-05-20,2026-07-19,EUR,4744.79,4744.79,OPEN,CURRENCY_TOLERANCE
SAP_S4HANA_SIM,SAP-I008-08,SAP-C008,INV-100808,2026-06-04,2026-08-03,USD,5256.55,5256.55,OPEN,SHORT_PAY_DEDUCTION
SAP_S4HANA_SIM,SAP-I008-09,SAP-C008,INV-100809,2026-06-13,2026-08-12,USD,5390.94,5390.94,OPEN,UNMATCHED_CASH
SAP_S4HANA_SIM,SAP-I008-10,SAP-C008,INV-100810,2026-06-22,2026-08-21,USD,5422.52,5422.52,OPEN,OPEN_PAST_DUE
SAP_S4HANA_SIM,SAP-I008-11,SAP-C008,INV-100811,2026-06-26,2026-08-25,USD,5820.27,5820.27,OPEN,BROKEN_PROMISE
SAP_S4HANA_SIM,SAP-I008-12,SAP-C008,INV-100812,2026-07-07,2026-09-05,USD,5511.92,5511.92,OPEN,EXACT
SAP_S4HANA_SIM,SAP-I009-01,SAP-C009,INV-100901,2026-03-30,2026-05-14,USD,3465.32,3465.32,OPEN,EXACT
SAP_S4HANA_SIM,SAP-I009-02,SAP-C009,INV-100902,2026-04-05,2026-05-20,USD,4110.01,4110.01,OPEN,PARTIAL
SAP_S4HANA_SIM,SAP-I009-03,SAP-C009,INV-100903,2026-04-20,2026-06-04,USD,3986.8,3986.8,OPEN,OVERPAYMENT
SAP_S4HANA_SIM,SAP-I009-04,SAP-C009,INV-100904,2026-04-25,2026-06-09,USD,4574.27,4574.27,OPEN,ONE_PAYMENT_MULTI_INVOICE
SAP_S4HANA_SIM,SAP-I009-05,SAP-C009,INV-100905,2026-05-08,2026-06-22,USD,4464.34,4464.34,OPEN,MULTI_PAYMENT_ONE_INVOICE
SAP_S4HANA_SIM,SAP-I009-06,SAP-C009,INV-100906,2026-05-13,2026-06-27,USD,4484.64,4484.64,OPEN,MISSING_REMITTANCE
SAP_S4HANA_SIM,SAP-I009-07,SAP-C009,INV-100907,2026-05-24,2026-07-08,EUR,5126.6,5126.6,OPEN,CURRENCY_TOLERANCE
SAP_S4HANA_SIM,SAP-I009-08,SAP-C009,INV-100908,2026-06-03,2026-07-18,USD,4979.67,4979.67,OPEN,SHORT_PAY_DEDUCTION
SAP_S4HANA_SIM,SAP-I009-09,SAP-C009,INV-100909,2026-06-12,2026-07-27,USD,5238.73,5238.73,OPEN,UNMATCHED_CASH
SAP_S4HANA_SIM,SAP-I009-10,SAP-C009,INV-100910,2026-06-18,2026-08-02,USD,5635.48,5635.48,OPEN,OPEN_PAST_DUE
SAP_S4HANA_SIM,SAP-I009-11,SAP-C009,INV-100911,2026-06-27,2026-08-11,USD,6042.7,6042.7,OPEN,BROKEN_PROMISE
SAP_S4HANA_SIM,SAP-I009-12,SAP-C009,INV-100912,2026-07-04,2026-08-18,USD,6022.78,6022.78,OPEN,EXACT
SAP_S4HANA_SIM,SAP-I010-01,SAP-C010,INV-101001,2026-04-01,2026-05-16,USD,3862.25,3862.25,OPEN,EXACT
SAP_S4HANA_SIM,SAP-I010-02,SAP-C010,INV-101002,2026-04-05,2026-05-20,USD,3776.79,3776.79,OPEN,PARTIAL
SAP_S4HANA_SIM,SAP-I010-03,SAP-C010,INV-101003,2026-04-17,2026-06-01,USD,3978.78,3978.78,OPEN,OVERPAYMENT
SAP_S4HANA_SIM,SAP-I010-04,SAP-C010,INV-101004,2026-04-23,2026-06-07,USD,4049.56,4049.56,OPEN,ONE_PAYMENT_MULTI_INVOICE
SAP_S4HANA_SIM,SAP-I010-05,SAP-C010,INV-101005,2026-05-03,2026-06-17,USD,4521.5,4521.5,OPEN,MULTI_PAYMENT_ONE_INVOICE
SAP_S4HANA_SIM,SAP-I010-06,SAP-C010,INV-101006,2026-05-15,2026-06-29,USD,4466.86,4466.86,OPEN,MISSING_REMITTANCE
SAP_S4HANA_SIM,SAP-I010-07,SAP-C010,INV-101007,2026-05-24,2026-07-08,EUR,5186.78,5186.78,OPEN,CURRENCY_TOLERANCE
SAP_S4HANA_SIM,SAP-I010-08,SAP-C010,INV-101008,2026-05-30,2026-07-14,USD,5543.86,5543.86,OPEN,SHORT_PAY_DEDUCTION
SAP_S4HANA_SIM,SAP-I010-09,SAP-C010,INV-101009,2026-06-12,2026-07-27,USD,5587.86,5587.86,OPEN,UNMATCHED_CASH
SAP_S4HANA_SIM,SAP-I010-10,SAP-C010,INV-101010,2026-06-18,2026-08-02,USD,5773.97,5773.97,OPEN,OPEN_PAST_DUE
SAP_S4HANA_SIM,SAP-I010-11,SAP-C010,INV-101011,2026-06-27,2026-08-11,USD,5497.77,5497.77,OPEN,BROKEN_PROMISE
SAP_S4HANA_SIM,SAP-I010-12,SAP-C010,INV-101012,2026-07-10,2026-08-24,USD,6363.54,6363.54,OPEN,EXACT
SAP_S4HANA_SIM,SAP-I011-01,SAP-C011,INV-101101,2026-03-28,2026-04-27,USD,3589.96,3589.96,OPEN,EXACT
SAP_S4HANA_SIM,SAP-I011-02,SAP-C011,INV-101102,2026-04-05,2026-05-05,USD,4120.92,4120.92,OPEN,PARTIAL
SAP_S4HANA_SIM,SAP-I011-03,SAP-C011,INV-101103,2026-04-14,2026-05-14,USD,4224.46,4224.46,OPEN,OVERPAYMENT
SAP_S4HANA_SIM,SAP-I011-04,SAP-C011,INV-101104,2026-04-25,2026-05-25,USD,4675.63,4675.63,OPEN,ONE_PAYMENT_MULTI_INVOICE
SAP_S4HANA_SIM,SAP-I011-05,SAP-C011,INV-101105,2026-05-07,2026-06-06,USD,4967.22,4967.22,OPEN,MULTI_PAYMENT_ONE_INVOICE
SAP_S4HANA_SIM,SAP-I011-06,SAP-C011,INV-101106,2026-05-11,2026-06-10,USD,5140.54,5140.54,OPEN,MISSING_REMITTANCE
SAP_S4HANA_SIM,SAP-I011-07,SAP-C011,INV-101107,2026-05-23,2026-06-22,EUR,4801.35,4801.35,OPEN,CURRENCY_TOLERANCE
SAP_S4HANA_SIM,SAP-I011-08,SAP-C011,INV-101108,2026-05-30,2026-06-29,USD,5642.14,5642.14,OPEN,SHORT_PAY_DEDUCTION
SAP_S4HANA_SIM,SAP-I011-09,SAP-C011,INV-101109,2026-06-07,2026-07-07,USD,5857.57,5857.57,OPEN,UNMATCHED_CASH
SAP_S4HANA_SIM,SAP-I011-10,SAP-C011,INV-101110,2026-06-16,2026-07-16,USD,5885.93,5885.93,OPEN,OPEN_PAST_DUE
SAP_S4HANA_SIM,SAP-I011-11,SAP-C011,INV-101111,2026-06-26,2026-07-26,USD,6195.52,6195.52,OPEN,BROKEN_PROMISE
SAP_S4HANA_SIM,SAP-I011-12,SAP-C011,INV-101112,2026-07-08,2026-08-07,USD,5950.44,5950.44,OPEN,EXACT
SAP_S4HANA_SIM,SAP-I012-01,SAP-C012,INV-101201,2026-03-31,2026-05-15,USD,4260.05,4260.05,OPEN,EXACT
SAP_S4HANA_SIM,SAP-I012-02,SAP-C012,INV-101202,2026-04-05,2026-05-20,USD,4061.39,4061.39,OPEN,PARTIAL
SAP_S4HANA_SIM,SAP-I012-03,SAP-C012,INV-101203,2026-04-15,2026-05-30,USD,4433.58,4433.58,OPEN,OVERPAYMENT
SAP_S4HANA_SIM,SAP-I012-04,SAP-C012,INV-101204,2026-04-24,2026-06-08,USD,4974.8,4974.8,OPEN,ONE_PAYMENT_MULTI_INVOICE
SAP_S4HANA_SIM,SAP-I012-05,SAP-C012,INV-101205,2026-05-04,2026-06-18,USD,4730.8,4730.8,OPEN,MULTI_PAYMENT_ONE_INVOICE
SAP_S4HANA_SIM,SAP-I012-06,SAP-C012,INV-101206,2026-05-17,2026-07-01,USD,4790.74,4790.74,OPEN,MISSING_REMITTANCE
SAP_S4HANA_SIM,SAP-I012-07,SAP-C012,INV-101207,2026-05-24,2026-07-08,EUR,5046.0,5046.0,OPEN,CURRENCY_TOLERANCE
SAP_S4HANA_SIM,SAP-I012-08,SAP-C012,INV-101208,2026-06-02,2026-07-17,USD,5158.78,5158.78,OPEN,SHORT_PAY_DEDUCTION
SAP_S4HANA_SIM,SAP-I012-09,SAP-C012,INV-101209,2026-06-09,2026-07-24,USD,5647.19,5647.19,OPEN,UNMATCHED_CASH
SAP_S4HANA_SIM,SAP-I012-10,SAP-C012,INV-101210,2026-06-17,2026-08-01,USD,6104.5,6104.5,OPEN,OPEN_PAST_DUE
SAP_S4HANA_SIM,SAP-I012-11,SAP-C012,INV-101211,2026-06-28,2026-08-12,USD,6189.35,6189.35,OPEN,BROKEN_PROMISE
SAP_S4HANA_SIM,SAP-I012-12,SAP-C012,INV-101212,2026-07-06,2026-08-20,USD,6056.95,6056.95,OPEN,EXACT
SAP_S4HANA_SIM,SAP-I013-01,SAP-C013,INV-101301,2026-03-28,2026-05-12,USD,4385.61,4385.61,OPEN,EXACT
SAP_S4HANA_SIM,SAP-I013-02,SAP-C013,INV-101302,2026-04-06,2026-05-21,USD,4633.03,4633.03,OPEN,PARTIAL
SAP_S4HANA_SIM,SAP-I013-03,SAP-C013,INV-101303,2026-04-16,2026-05-31,USD,4430.5,4430.5,OPEN,OVERPAYMENT
SAP_S4HANA_SIM,SAP-I013-04,SAP-C013,INV-101304,2026-04-26,2026-06-10,USD,4653.33,4653.33,OPEN,ONE_PAYMENT_MULTI_INVOICE
SAP_S4HANA_SIM,SAP-I013-05,SAP-C013,INV-101305,2026-05-03,2026-06-17,USD,4842.96,4842.96,OPEN,MULTI_PAYMENT_ONE_INVOICE
SAP_S4HANA_SIM,SAP-I013-06,SAP-C013,INV-101306,2026-05-16,2026-06-30,USD,4981.29,4981.29,OPEN,MISSING_REMITTANCE
SAP_S4HANA_SIM,SAP-I013-07,SAP-C013,INV-101307,2026-05-21,2026-07-05,EUR,5716.25,5716.25,OPEN,CURRENCY_TOLERANCE
SAP_S4HANA_SIM,SAP-I013-08,SAP-C013,INV-101308,2026-05-30,2026-07-14,USD,5792.69,5792.69,OPEN,SHORT_PAY_DEDUCTION
SAP_S4HANA_SIM,SAP-I013-09,SAP-C013,INV-101309,2026-06-12,2026-07-27,USD,5910.86,5910.86,OPEN,UNMATCHED_CASH
SAP_S4HANA_SIM,SAP-I013-10,SAP-C013,INV-101310,2026-06-20,2026-08-04,USD,5975.25,5975.25,OPEN,OPEN_PAST_DUE
SAP_S4HANA_SIM,SAP-I013-11,SAP-C013,INV-101311,2026-06-25,2026-08-09,USD,5902.28,5902.28,OPEN,BROKEN_PROMISE
SAP_S4HANA_SIM,SAP-I013-12,SAP-C013,INV-101312,2026-07-08,2026-08-22,USD,6260.13,6260.13,OPEN,EXACT
SAP_S4HANA_SIM,SAP-I014-01,SAP-C014,INV-101401,2026-03-27,2026-04-26,USD,4595.4,4595.4,OPEN,EXACT
SAP_S4HANA_SIM,SAP-I014-02,SAP-C014,INV-101402,2026-04-10,2026-05-10,USD,4610.96,4610.96,OPEN,PARTIAL
SAP_S4HANA_SIM,SAP-I014-03,SAP-C014,INV-101403,2026-04-19,2026-05-19,USD,4915.59,4915.59,OPEN,OVERPAYMENT
SAP_S4HANA_SIM,SAP-I014-04,SAP-C014,INV-101404,2026-04-28,2026-05-28,USD,4579.1,4579.1,OPEN,ONE_PAYMENT_MULTI_INVOICE
SAP_S4HANA_SIM,SAP-I014-05,SAP-C014,INV-101405,2026-05-07,2026-06-06,USD,5461.76,5461.76,OPEN,MULTI_PAYMENT_ONE_INVOICE
SAP_S4HANA_SIM,SAP-I014-06,SAP-C014,INV-101406,2026-05-13,2026-06-12,USD,5578.82,5578.82,OPEN,MISSING_REMITTANCE
SAP_S4HANA_SIM,SAP-I014-07,SAP-C014,INV-101407,2026-05-26,2026-06-25,EUR,5513.79,5513.79,OPEN,CURRENCY_TOLERANCE
SAP_S4HANA_SIM,SAP-I014-08,SAP-C014,INV-101408,2026-05-30,2026-06-29,USD,5808.97,5808.97,OPEN,SHORT_PAY_DEDUCTION
SAP_S4HANA_SIM,SAP-I014-09,SAP-C014,INV-101409,2026-06-08,2026-07-08,USD,6104.45,6104.45,OPEN,UNMATCHED_CASH
SAP_S4HANA_SIM,SAP-I014-10,SAP-C014,INV-101410,2026-06-19,2026-07-19,USD,6107.76,6107.76,OPEN,OPEN_PAST_DUE
SAP_S4HANA_SIM,SAP-I014-11,SAP-C014,INV-101411,2026-06-30,2026-07-30,USD,6498.24,6498.24,OPEN,BROKEN_PROMISE
SAP_S4HANA_SIM,SAP-I014-12,SAP-C014,INV-101412,2026-07-10,2026-08-09,USD,6874.86,6874.86,OPEN,EXACT
SAP_S4HANA_SIM,SAP-I015-01,SAP-C015,INV-101501,2026-03-29,2026-05-28,USD,4636.5,4636.5,OPEN,EXACT
SAP_S4HANA_SIM,SAP-I015-02,SAP-C015,INV-101502,2026-04-07,2026-06-06,USD,4575.72,4575.72,OPEN,PARTIAL
SAP_S4HANA_SIM,SAP-I015-03,SAP-C015,INV-101503,2026-04-16,2026-06-15,USD,4800.14,4800.14,OPEN,OVERPAYMENT
SAP_S4HANA_SIM,SAP-I015-04,SAP-C015,INV-101504,2026-04-28,2026-06-27,USD,5219.56,5219.56,OPEN,ONE_PAYMENT_MULTI_INVOICE
SAP_S4HANA_SIM,SAP-I015-05,SAP-C015,INV-101505,2026-05-05,2026-07-04,USD,5225.05,5225.05,OPEN,MULTI_PAYMENT_ONE_INVOICE
SAP_S4HANA_SIM,SAP-I015-06,SAP-C015,INV-101506,2026-05-11,2026-07-10,USD,5294.07,5294.07,OPEN,MISSING_REMITTANCE
SAP_S4HANA_SIM,SAP-I015-07,SAP-C015,INV-101507,2026-05-21,2026-07-20,EUR,5526.12,5526.12,OPEN,CURRENCY_TOLERANCE
SAP_S4HANA_SIM,SAP-I015-08,SAP-C015,INV-101508,2026-05-29,2026-07-28,USD,5907.91,5907.91,OPEN,SHORT_PAY_DEDUCTION
SAP_S4HANA_SIM,SAP-I015-09,SAP-C015,INV-101509,2026-06-08,2026-08-07,USD,5921.47,5921.47,OPEN,UNMATCHED_CASH
SAP_S4HANA_SIM,SAP-I015-10,SAP-C015,INV-101510,2026-06-19,2026-08-18,USD,6019.24,6019.24,OPEN,OPEN_PAST_DUE
SAP_S4HANA_SIM,SAP-I015-11,SAP-C015,INV-101511,2026-06-29,2026-08-28,USD,6340.15,6340.15,OPEN,BROKEN_PROMISE
SAP_S4HANA_SIM,SAP-I015-12,SAP-C015,INV-101512,2026-07-08,2026-09-06,USD,6610.8,6610.8,OPEN,EXACT
SAP_S4HANA_SIM,SAP-I016-01,SAP-C016,INV-101601,2026-04-02,2026-06-01,USD,4347.78,4347.78,OPEN,EXACT
SAP_S4HANA_SIM,SAP-I016-02,SAP-C016,INV-101602,2026-04-08,2026-06-07,USD,4686.63,4686.63,OPEN,PARTIAL
SAP_S4HANA_SIM,SAP-I016-03,SAP-C016,INV-101603,2026-04-14,2026-06-13,USD,5033.86,5033.86,OPEN,OVERPAYMENT
SAP_S4HANA_SIM,SAP-I016-04,SAP-C016,INV-101604,2026-04-24,2026-06-23,USD,4849.67,4849.67,OPEN,ONE_PAYMENT_MULTI_INVOICE
SAP_S4HANA_SIM,SAP-I016-05,SAP-C016,INV-101605,2026-05-02,2026-07-01,USD,5449.98,5449.98,OPEN,MULTI_PAYMENT_ONE_INVOICE
SAP_S4HANA_SIM,SAP-I016-06,SAP-C016,INV-101606,2026-05-14,2026-07-13,USD,5262.13,5262.13,OPEN,MISSING_REMITTANCE
SAP_S4HANA_SIM,SAP-I016-07,SAP-C016,INV-101607,2026-05-24,2026-07-23,EUR,5678.03,5678.03,OPEN,CURRENCY_TOLERANCE
SAP_S4HANA_SIM,SAP-I016-08,SAP-C016,INV-101608,2026-06-01,2026-07-31,USD,6277.41,6277.41,OPEN,SHORT_PAY_DEDUCTION
SAP_S4HANA_SIM,SAP-I016-09,SAP-C016,INV-101609,2026-06-07,2026-08-06,USD,6184.31,6184.31,OPEN,UNMATCHED_CASH
SAP_S4HANA_SIM,SAP-I016-10,SAP-C016,INV-101610,2026-06-17,2026-08-16,USD,6616.24,6616.24,OPEN,OPEN_PAST_DUE
SAP_S4HANA_SIM,SAP-I016-11,SAP-C016,INV-101611,2026-06-25,2026-08-24,USD,6735.28,6735.28,OPEN,BROKEN_PROMISE
SAP_S4HANA_SIM,SAP-I016-12,SAP-C016,INV-101612,2026-07-09,2026-09-07,USD,6865.76,6865.76,OPEN,EXACT
SAP_S4HANA_SIM,SAP-I017-01,SAP-C017,INV-101701,2026-04-02,2026-05-02,USD,4789.92,4789.92,OPEN,EXACT
SAP_S4HANA_SIM,SAP-I017-02,SAP-C017,INV-101702,2026-04-10,2026-05-10,USD,5157.8,5157.8,OPEN,PARTIAL
SAP_S4HANA_SIM,SAP-I017-03,SAP-C017,INV-101703,2026-04-19,2026-05-19,USD,4797.2,4797.2,OPEN,OVERPAYMENT
SAP_S4HANA_SIM,SAP-I017-04,SAP-C017,INV-101704,2026-04-26,2026-05-26,USD,5202.15,5202.15,OPEN,ONE_PAYMENT_MULTI_INVOICE
SAP_S4HANA_SIM,SAP-I017-05,SAP-C017,INV-101705,2026-05-05,2026-06-04,USD,5412.79,5412.79,OPEN,MULTI_PAYMENT_ONE_INVOICE
SAP_S4HANA_SIM,SAP-I017-06,SAP-C017,INV-101706,2026-05-11,2026-06-10,USD,6010.75,6010.75,OPEN,MISSING_REMITTANCE
SAP_S4HANA_SIM,SAP-I017-07,SAP-C017,INV-101707,2026-05-24,2026-06-23,EUR,6132.41,6132.41,OPEN,CURRENCY_TOLERANCE
SAP_S4HANA_SIM,SAP-I017-08,SAP-C017,INV-101708,2026-05-29,2026-06-28,USD,6112.1,6112.1,OPEN,SHORT_PAY_DEDUCTION
SAP_S4HANA_SIM,SAP-I017-09,SAP-C017,INV-101709,2026-06-07,2026-07-07,USD,6085.33,6085.33,OPEN,UNMATCHED_CASH
SAP_S4HANA_SIM,SAP-I017-10,SAP-C017,INV-101710,2026-06-22,2026-07-22,USD,6763.32,6763.32,OPEN,OPEN_PAST_DUE
SAP_S4HANA_SIM,SAP-I017-11,SAP-C017,INV-101711,2026-07-01,2026-07-31,USD,7149.94,7149.94,OPEN,BROKEN_PROMISE
SAP_S4HANA_SIM,SAP-I017-12,SAP-C017,INV-101712,2026-07-08,2026-08-07,USD,6817.96,6817.96,OPEN,EXACT
SAP_S4HANA_SIM,SAP-I018-01,SAP-C018,INV-101801,2026-04-01,2026-05-16,USD,4901.12,4901.12,OPEN,EXACT
SAP_S4HANA_SIM,SAP-I018-02,SAP-C018,INV-101802,2026-04-06,2026-05-21,USD,5190.85,5190.85,OPEN,PARTIAL
SAP_S4HANA_SIM,SAP-I018-03,SAP-C018,INV-101803,2026-04-14,2026-05-29,USD,5472.51,5472.51,OPEN,OVERPAYMENT
SAP_S4HANA_SIM,SAP-I018-04,SAP-C018,INV-101804,2026-04-27,2026-06-11,USD,5185.67,5185.67,OPEN,ONE_PAYMENT_MULTI_INVOICE
SAP_S4HANA_SIM,SAP-I018-05,SAP-C018,INV-101805,2026-05-08,2026-06-22,USD,5971.22,5971.22,OPEN,MULTI_PAYMENT_ONE_INVOICE
SAP_S4HANA_SIM,SAP-I018-06,SAP-C018,INV-101806,2026-05-13,2026-06-27,USD,6006.14,6006.14,OPEN,MISSING_REMITTANCE
SAP_S4HANA_SIM,SAP-I018-07,SAP-C018,INV-101807,2026-05-23,2026-07-07,EUR,6020.66,6020.66,OPEN,CURRENCY_TOLERANCE
SAP_S4HANA_SIM,SAP-I018-08,SAP-C018,INV-101808,2026-05-30,2026-07-14,USD,6092.83,6092.83,OPEN,SHORT_PAY_DEDUCTION
SAP_S4HANA_SIM,SAP-I018-09,SAP-C018,INV-101809,2026-06-09,2026-07-24,USD,6648.43,6648.43,OPEN,UNMATCHED_CASH
SAP_S4HANA_SIM,SAP-I018-10,SAP-C018,INV-101810,2026-06-17,2026-08-01,USD,6545.99,6545.99,OPEN,OPEN_PAST_DUE
SAP_S4HANA_SIM,SAP-I018-11,SAP-C018,INV-101811,2026-06-26,2026-08-10,USD,7127.74,7127.74,OPEN,BROKEN_PROMISE
SAP_S4HANA_SIM,SAP-I018-12,SAP-C018,INV-101812,2026-07-04,2026-08-18,USD,7276.98,7276.98,OPEN,EXACT
ORACLE_FUSION_SIM,ORA-I001-01,ORA-C001,INV-200101,2026-04-02,2026-05-17,USD,2802.58,2802.58,OPEN,EXACT
ORACLE_FUSION_SIM,ORA-I001-02,ORA-C001,INV-200102,2026-04-09,2026-05-24,USD,2701.51,2701.51,OPEN,PARTIAL
ORACLE_FUSION_SIM,ORA-I001-03,ORA-C001,INV-200103,2026-04-18,2026-06-02,USD,3101.53,3101.53,OPEN,OVERPAYMENT
ORACLE_FUSION_SIM,ORA-I001-04,ORA-C001,INV-200104,2026-04-26,2026-06-10,USD,3112.39,3112.39,OPEN,ONE_PAYMENT_MULTI_INVOICE
ORACLE_FUSION_SIM,ORA-I001-05,ORA-C001,INV-200105,2026-05-06,2026-06-20,USD,3430.34,3430.34,OPEN,MULTI_PAYMENT_ONE_INVOICE
ORACLE_FUSION_SIM,ORA-I001-06,ORA-C001,INV-200106,2026-05-12,2026-06-26,USD,3557.38,3557.38,OPEN,MISSING_REMITTANCE
ORACLE_FUSION_SIM,ORA-I001-07,ORA-C001,INV-200107,2026-05-23,2026-07-07,EUR,3610.45,3610.45,OPEN,CURRENCY_TOLERANCE
ORACLE_FUSION_SIM,ORA-I001-08,ORA-C001,INV-200108,2026-05-29,2026-07-13,USD,3670.54,3670.54,OPEN,SHORT_PAY_DEDUCTION
ORACLE_FUSION_SIM,ORA-I001-09,ORA-C001,INV-200109,2026-06-11,2026-07-26,USD,4370.48,4370.48,OPEN,UNMATCHED_CASH
ORACLE_FUSION_SIM,ORA-I001-10,ORA-C001,INV-200110,2026-06-16,2026-07-31,USD,4731.31,4731.31,OPEN,OPEN_PAST_DUE
ORACLE_FUSION_SIM,ORA-I001-11,ORA-C001,INV-200111,2026-06-27,2026-08-11,USD,4917.8,4917.8,OPEN,BROKEN_PROMISE
ORACLE_FUSION_SIM,ORA-I001-12,ORA-C001,INV-200112,2026-07-06,2026-08-20,USD,4618.95,4618.95,OPEN,EXACT
ORACLE_FUSION_SIM,ORA-I002-01,ORA-C002,INV-200201,2026-03-29,2026-05-13,USD,2576.72,2576.72,OPEN,EXACT
ORACLE_FUSION_SIM,ORA-I002-02,ORA-C002,INV-200202,2026-04-11,2026-05-26,USD,3024.58,3024.58,OPEN,PARTIAL
ORACLE_FUSION_SIM,ORA-I002-03,ORA-C002,INV-200203,2026-04-16,2026-05-31,USD,3191.51,3191.51,OPEN,OVERPAYMENT
ORACLE_FUSION_SIM,ORA-I002-04,ORA-C002,INV-200204,2026-04-27,2026-06-11,USD,3278.31,3278.31,OPEN,ONE_PAYMENT_MULTI_INVOICE
ORACLE_FUSION_SIM,ORA-I002-05,ORA-C002,INV-200205,2026-05-07,2026-06-21,USD,3216.18,3216.18,OPEN,MULTI_PAYMENT_ONE_INVOICE
ORACLE_FUSION_SIM,ORA-I002-06,ORA-C002,INV-200206,2026-05-11,2026-06-25,USD,3484.72,3484.72,OPEN,MISSING_REMITTANCE
ORACLE_FUSION_SIM,ORA-I002-07,ORA-C002,INV-200207,2026-05-23,2026-07-07,EUR,4045.21,4045.21,OPEN,CURRENCY_TOLERANCE
ORACLE_FUSION_SIM,ORA-I002-08,ORA-C002,INV-200208,2026-06-04,2026-07-19,USD,4114.76,4114.76,OPEN,SHORT_PAY_DEDUCTION
ORACLE_FUSION_SIM,ORA-I002-09,ORA-C002,INV-200209,2026-06-07,2026-07-22,USD,4117.9,4117.9,OPEN,UNMATCHED_CASH
ORACLE_FUSION_SIM,ORA-I002-10,ORA-C002,INV-200210,2026-06-17,2026-08-01,USD,4403.54,4403.54,OPEN,OPEN_PAST_DUE
ORACLE_FUSION_SIM,ORA-I002-11,ORA-C002,INV-200211,2026-06-29,2026-08-13,USD,5039.76,5039.76,OPEN,BROKEN_PROMISE
ORACLE_FUSION_SIM,ORA-I002-12,ORA-C002,INV-200212,2026-07-09,2026-08-23,USD,5169.42,5169.42,OPEN,EXACT
ORACLE_FUSION_SIM,ORA-I003-01,ORA-C003,INV-200301,2026-03-28,2026-05-12,USD,2624.26,2624.26,OPEN,EXACT
ORACLE_FUSION_SIM,ORA-I003-02,ORA-C003,INV-200302,2026-04-09,2026-05-24,USD,3028.82,3028.82,OPEN,PARTIAL
ORACLE_FUSION_SIM,ORA-I003-03,ORA-C003,INV-200303,2026-04-15,2026-05-30,USD,3118.33,3118.33,OPEN,OVERPAYMENT
ORACLE_FUSION_SIM,ORA-I003-04,ORA-C003,INV-200304,2026-04-26,2026-06-10,USD,3576.01,3576.01,OPEN,ONE_PAYMENT_MULTI_INVOICE
ORACLE_FUSION_SIM,ORA-I003-05,ORA-C003,INV-200305,2026-05-05,2026-06-19,USD,3663.61,3663.61,OPEN,MULTI_PAYMENT_ONE_INVOICE
ORACLE_FUSION_SIM,ORA-I003-06,ORA-C003,INV-200306,2026-05-12,2026-06-26,USD,3991.06,3991.06,OPEN,MISSING_REMITTANCE
ORACLE_FUSION_SIM,ORA-I003-07,ORA-C003,INV-200307,2026-05-25,2026-07-09,EUR,4348.92,4348.92,OPEN,CURRENCY_TOLERANCE
ORACLE_FUSION_SIM,ORA-I003-08,ORA-C003,INV-200308,2026-05-29,2026-07-13,USD,4567.2,4567.2,OPEN,SHORT_PAY_DEDUCTION
ORACLE_FUSION_SIM,ORA-I003-09,ORA-C003,INV-200309,2026-06-11,2026-07-26,USD,4345.87,4345.87,OPEN,UNMATCHED_CASH
ORACLE_FUSION_SIM,ORA-I003-10,ORA-C003,INV-200310,2026-06-21,2026-08-05,USD,4669.83,4669.83,OPEN,OPEN_PAST_DUE
ORACLE_FUSION_SIM,ORA-I003-11,ORA-C003,INV-200311,2026-07-01,2026-08-15,USD,4653.97,4653.97,OPEN,BROKEN_PROMISE
ORACLE_FUSION_SIM,ORA-I003-12,ORA-C003,INV-200312,2026-07-04,2026-08-18,USD,4977.0,4977.0,OPEN,EXACT
ORACLE_FUSION_SIM,ORA-I004-01,ORA-C004,INV-200401,2026-04-02,2026-05-02,USD,2913.71,2913.71,OPEN,EXACT
ORACLE_FUSION_SIM,ORA-I004-02,ORA-C004,INV-200402,2026-04-11,2026-05-11,USD,2939.32,2939.32,OPEN,PARTIAL
ORACLE_FUSION_SIM,ORA-I004-03,ORA-C004,INV-200403,2026-04-18,2026-05-18,USD,3289.08,3289.08,OPEN,OVERPAYMENT
ORACLE_FUSION_SIM,ORA-I004-04,ORA-C004,INV-200404,2026-04-26,2026-05-26,USD,3493.72,3493.72,OPEN,ONE_PAYMENT_MULTI_INVOICE
ORACLE_FUSION_SIM,ORA-I004-05,ORA-C004,INV-200405,2026-05-06,2026-06-05,USD,3583.14,3583.14,OPEN,MULTI_PAYMENT_ONE_INVOICE
ORACLE_FUSION_SIM,ORA-I004-06,ORA-C004,INV-200406,2026-05-15,2026-06-14,USD,3659.2,3659.2,OPEN,MISSING_REMITTANCE
ORACLE_FUSION_SIM,ORA-I004-07,ORA-C004,INV-200407,2026-05-24,2026-06-23,EUR,3934.71,3934.71,OPEN,CURRENCY_TOLERANCE
ORACLE_FUSION_SIM,ORA-I004-08,ORA-C004,INV-200408,2026-06-03,2026-07-03,USD,4060.03,4060.03,OPEN,SHORT_PAY_DEDUCTION
ORACLE_FUSION_SIM,ORA-I004-09,ORA-C004,INV-200409,2026-06-11,2026-07-11,USD,4858.88,4858.88,OPEN,UNMATCHED_CASH
ORACLE_FUSION_SIM,ORA-I004-10,ORA-C004,INV-200410,2026-06-21,2026-07-21,USD,4580.79,4580.79,OPEN,OPEN_PAST_DUE
ORACLE_FUSION_SIM,ORA-I004-11,ORA-C004,INV-200411,2026-06-26,2026-07-26,USD,5139.75,5139.75,OPEN,BROKEN_PROMISE
ORACLE_FUSION_SIM,ORA-I004-12,ORA-C004,INV-200412,2026-07-06,2026-08-05,USD,5579.24,5579.24,OPEN,EXACT
ORACLE_FUSION_SIM,ORA-I005-01,ORA-C005,INV-200501,2026-03-30,2026-05-14,USD,2850.0,2850.0,OPEN,EXACT
ORACLE_FUSION_SIM,ORA-I005-02,ORA-C005,INV-200502,2026-04-11,2026-05-26,USD,3134.46,3134.46,OPEN,PARTIAL
ORACLE_FUSION_SIM,ORA-I005-03,ORA-C005,INV-200503,2026-04-15,2026-05-30,USD,3401.08,3401.08,OPEN,OVERPAYMENT
ORACLE_FUSION_SIM,ORA-I005-04,ORA-C005,INV-200504,2026-04-23,2026-06-07,USD,3461.58,3461.58,OPEN,ONE_PAYMENT_MULTI_INVOICE
ORACLE_FUSION_SIM,ORA-I005-05,ORA-C005,INV-200505,2026-05-03,2026-06-17,USD,4130.19,4130.19,OPEN,MULTI_PAYMENT_ONE_INVOICE
ORACLE_FUSION_SIM,ORA-I005-06,ORA-C005,INV-200506,2026-05-11,2026-06-25,USD,4311.44,4311.44,OPEN,MISSING_REMITTANCE
ORACLE_FUSION_SIM,ORA-I005-07,ORA-C005,INV-200507,2026-05-23,2026-07-07,EUR,4213.3,4213.3,OPEN,CURRENCY_TOLERANCE
ORACLE_FUSION_SIM,ORA-I005-08,ORA-C005,INV-200508,2026-06-02,2026-07-17,USD,4258.69,4258.69,OPEN,SHORT_PAY_DEDUCTION
ORACLE_FUSION_SIM,ORA-I005-09,ORA-C005,INV-200509,2026-06-11,2026-07-26,USD,4675.96,4675.96,OPEN,UNMATCHED_CASH
ORACLE_FUSION_SIM,ORA-I005-10,ORA-C005,INV-200510,2026-06-17,2026-08-01,USD,5170.4,5170.4,OPEN,OPEN_PAST_DUE
ORACLE_FUSION_SIM,ORA-I005-11,ORA-C005,INV-200511,2026-06-26,2026-08-10,USD,4984.51,4984.51,OPEN,BROKEN_PROMISE
ORACLE_FUSION_SIM,ORA-I005-12,ORA-C005,INV-200512,2026-07-09,2026-08-23,USD,5687.71,5687.71,OPEN,EXACT
ORACLE_FUSION_SIM,ORA-I006-01,ORA-C006,INV-200601,2026-04-02,2026-05-02,USD,3399.23,3399.23,OPEN,EXACT
ORACLE_FUSION_SIM,ORA-I006-02,ORA-C006,INV-200602,2026-04-11,2026-05-11,USD,3105.67,3105.67,OPEN,PARTIAL
ORACLE_FUSION_SIM,ORA-I006-03,ORA-C006,INV-200603,2026-04-14,2026-05-14,USD,3269.76,3269.76,OPEN,OVERPAYMENT
ORACLE_FUSION_SIM,ORA-I006-04,ORA-C006,INV-200604,2026-04-24,2026-05-24,USD,3479.01,3479.01,OPEN,ONE_PAYMENT_MULTI_INVOICE
ORACLE_FUSION_SIM,ORA-I006-05,ORA-C006,INV-200605,2026-05-07,2026-06-06,USD,3788.09,3788.09,OPEN,MULTI_PAYMENT_ONE_INVOICE
ORACLE_FUSION_SIM,ORA-I006-06,ORA-C006,INV-200606,2026-05-11,2026-06-10,USD,4173.99,4173.99,OPEN,MISSING_REMITTANCE
ORACLE_FUSION_SIM,ORA-I006-07,ORA-C006,INV-200607,2026-05-22,2026-06-21,EUR,4655.77,4655.77,OPEN,CURRENCY_TOLERANCE
ORACLE_FUSION_SIM,ORA-I006-08,ORA-C006,INV-200608,2026-06-04,2026-07-04,USD,4926.33,4926.33,OPEN,SHORT_PAY_DEDUCTION
ORACLE_FUSION_SIM,ORA-I006-09,ORA-C006,INV-200609,2026-06-13,2026-07-13,USD,4549.38,4549.38,OPEN,UNMATCHED_CASH
ORACLE_FUSION_SIM,ORA-I006-10,ORA-C006,INV-200610,2026-06-19,2026-07-19,USD,4879.37,4879.37,OPEN,OPEN_PAST_DUE
ORACLE_FUSION_SIM,ORA-I006-11,ORA-C006,INV-200611,2026-06-27,2026-07-27,USD,5501.3,5501.3,OPEN,BROKEN_PROMISE
ORACLE_FUSION_SIM,ORA-I006-12,ORA-C006,INV-200612,2026-07-05,2026-08-04,USD,5823.12,5823.12,OPEN,EXACT
ORACLE_FUSION_SIM,ORA-I007-01,ORA-C007,INV-200701,2026-03-30,2026-05-29,USD,3434.25,3434.25,OPEN,EXACT
ORACLE_FUSION_SIM,ORA-I007-02,ORA-C007,INV-200702,2026-04-08,2026-06-07,USD,3485.46,3485.46,OPEN,PARTIAL
ORACLE_FUSION_SIM,ORA-I007-03,ORA-C007,INV-200703,2026-04-20,2026-06-19,USD,3411.63,3411.63,OPEN,OVERPAYMENT
ORACLE_FUSION_SIM,ORA-I007-04,ORA-C007,INV-200704,2026-04-28,2026-06-27,USD,4031.0,4031.0,OPEN,ONE_PAYMENT_MULTI_INVOICE
ORACLE_FUSION_SIM,ORA-I007-05,ORA-C007,INV-200705,2026-05-08,2026-07-07,USD,4051.62,4051.62,OPEN,MULTI_PAYMENT_ONE_INVOICE
ORACLE_FUSION_SIM,ORA-I007-06,ORA-C007,INV-200706,2026-05-16,2026-07-15,USD,4454.74,4454.74,OPEN,MISSING_REMITTANCE
ORACLE_FUSION_SIM,ORA-I007-07,ORA-C007,INV-200707,2026-05-20,2026-07-19,EUR,4289.57,4289.57,OPEN,CURRENCY_TOLERANCE
ORACLE_FUSION_SIM,ORA-I007-08,ORA-C007,INV-200708,2026-06-01,2026-07-31,USD,5005.41,5005.41,OPEN,SHORT_PAY_DEDUCTION
ORACLE_FUSION_SIM,ORA-I007-09,ORA-C007,INV-200709,2026-06-09,2026-08-08,USD,4964.7,4964.7,OPEN,UNMATCHED_CASH
ORACLE_FUSION_SIM,ORA-I007-10,ORA-C007,INV-200710,2026-06-17,2026-08-16,USD,5214.02,5214.02,OPEN,OPEN_PAST_DUE
ORACLE_FUSION_SIM,ORA-I007-11,ORA-C007,INV-200711,2026-06-25,2026-08-24,USD,5221.24,5221.24,OPEN,BROKEN_PROMISE
ORACLE_FUSION_SIM,ORA-I007-12,ORA-C007,INV-200712,2026-07-05,2026-09-03,USD,5915.28,5915.28,OPEN,EXACT
ORACLE_FUSION_SIM,ORA-I008-01,ORA-C008,INV-200801,2026-04-01,2026-05-01,USD,3258.36,3258.36,OPEN,EXACT
ORACLE_FUSION_SIM,ORA-I008-02,ORA-C008,INV-200802,2026-04-09,2026-05-09,USD,3772.98,3772.98,OPEN,PARTIAL
ORACLE_FUSION_SIM,ORA-I008-03,ORA-C008,INV-200803,2026-04-14,2026-05-14,USD,4088.61,4088.61,OPEN,OVERPAYMENT
ORACLE_FUSION_SIM,ORA-I008-04,ORA-C008,INV-200804,2026-04-23,2026-05-23,USD,4219.18,4219.18,OPEN,ONE_PAYMENT_MULTI_INVOICE
ORACLE_FUSION_SIM,ORA-I008-05,ORA-C008,INV-200805,2026-05-02,2026-06-01,USD,4433.48,4433.48,OPEN,MULTI_PAYMENT_ONE_INVOICE
ORACLE_FUSION_SIM,ORA-I008-06,ORA-C008,INV-200806,2026-05-11,2026-06-10,USD,4596.68,4596.68,OPEN,MISSING_REMITTANCE
ORACLE_FUSION_SIM,ORA-I008-07,ORA-C008,INV-200807,2026-05-24,2026-06-23,EUR,4672.86,4672.86,OPEN,CURRENCY_TOLERANCE
ORACLE_FUSION_SIM,ORA-I008-08,ORA-C008,INV-200808,2026-05-29,2026-06-28,USD,4923.97,4923.97,OPEN,SHORT_PAY_DEDUCTION
ORACLE_FUSION_SIM,ORA-I008-09,ORA-C008,INV-200809,2026-06-09,2026-07-09,USD,5242.82,5242.82,OPEN,UNMATCHED_CASH
ORACLE_FUSION_SIM,ORA-I008-10,ORA-C008,INV-200810,2026-06-22,2026-07-22,USD,5192.92,5192.92,OPEN,OPEN_PAST_DUE
ORACLE_FUSION_SIM,ORA-I008-11,ORA-C008,INV-200811,2026-06-25,2026-07-25,USD,5256.16,5256.16,OPEN,BROKEN_PROMISE
ORACLE_FUSION_SIM,ORA-I008-12,ORA-C008,INV-200812,2026-07-07,2026-08-06,USD,5826.96,5826.96,OPEN,EXACT
ORACLE_FUSION_SIM,ORA-I009-01,ORA-C009,INV-200901,2026-03-29,2026-05-13,USD,3458.43,3458.43,OPEN,EXACT
ORACLE_FUSION_SIM,ORA-I009-02,ORA-C009,INV-200902,2026-04-10,2026-05-25,USD,4048.45,4048.45,OPEN,PARTIAL
ORACLE_FUSION_SIM,ORA-I009-03,ORA-C009,INV-200903,2026-04-15,2026-05-30,USD,4005.29,4005.29,OPEN,OVERPAYMENT
ORACLE_FUSION_SIM,ORA-I009-04,ORA-C009,INV-200904,2026-04-24,2026-06-08,USD,4518.22,4518.22,OPEN,ONE_PAYMENT_MULTI_INVOICE
ORACLE_FUSION_SIM,ORA-I009-05,ORA-C009,INV-200905,2026-05-08,2026-06-22,USD,4757.59,4757.59,OPEN,MULTI_PAYMENT_ONE_INVOICE
ORACLE_FUSION_SIM,ORA-I009-06,ORA-C009,INV-200906,2026-05-11,2026-06-25,USD,4547.27,4547.27,OPEN,MISSING_REMITTANCE
ORACLE_FUSION_SIM,ORA-I009-07,ORA-C009,INV-200907,2026-05-23,2026-07-07,EUR,5205.46,5205.46,OPEN,CURRENCY_TOLERANCE
ORACLE_FUSION_SIM,ORA-I009-08,ORA-C009,INV-200908,2026-06-03,2026-07-18,USD,5322.25,5322.25,OPEN,SHORT_PAY_DEDUCTION
ORACLE_FUSION_SIM,ORA-I009-09,ORA-C009,INV-200909,2026-06-11,2026-07-26,USD,5152.03,5152.03,OPEN,UNMATCHED_CASH
ORACLE_FUSION_SIM,ORA-I009-10,ORA-C009,INV-200910,2026-06-21,2026-08-05,USD,5613.65,5613.65,OPEN,OPEN_PAST_DUE
ORACLE_FUSION_SIM,ORA-I009-11,ORA-C009,INV-200911,2026-06-28,2026-08-12,USD,5476.65,5476.65,OPEN,BROKEN_PROMISE
ORACLE_FUSION_SIM,ORA-I009-12,ORA-C009,INV-200912,2026-07-04,2026-08-18,USD,5880.17,5880.17,OPEN,EXACT
ORACLE_FUSION_SIM,ORA-I010-01,ORA-C010,INV-201001,2026-03-29,2026-04-28,USD,3564.93,3564.93,OPEN,EXACT
ORACLE_FUSION_SIM,ORA-I010-02,ORA-C010,INV-201002,2026-04-07,2026-05-07,USD,3946.93,3946.93,OPEN,PARTIAL
ORACLE_FUSION_SIM,ORA-I010-03,ORA-C010,INV-201003,2026-04-16,2026-05-16,USD,4298.61,4298.61,OPEN,OVERPAYMENT
ORACLE_FUSION_SIM,ORA-I010-04,ORA-C010,INV-201004,2026-04-28,2026-05-28,USD,4650.24,4650.24,OPEN,ONE_PAYMENT_MULTI_INVOICE
ORACLE_FUSION_SIM,ORA-I010-05,ORA-C010,INV-201005,2026-05-05,2026-06-04,USD,4577.72,4577.72,OPEN,MULTI_PAYMENT_ONE_INVOICE
ORACLE_FUSION_SIM,ORA-I010-06,ORA-C010,INV-201006,2026-05-16,2026-06-15,USD,4740.22,4740.22,OPEN,MISSING_REMITTANCE
ORACLE_FUSION_SIM,ORA-I010-07,ORA-C010,INV-201007,2026-05-20,2026-06-19,EUR,5134.84,5134.84,OPEN,CURRENCY_TOLERANCE
ORACLE_FUSION_SIM,ORA-I010-08,ORA-C010,INV-201008,2026-06-02,2026-07-02,USD,5042.77,5042.77,OPEN,SHORT_PAY_DEDUCTION
ORACLE_FUSION_SIM,ORA-I010-09,ORA-C010,INV-201009,2026-06-13,2026-07-13,USD,5561.46,5561.46,OPEN,UNMATCHED_CASH
ORACLE_FUSION_SIM,ORA-I010-10,ORA-C010,INV-201010,2026-06-20,2026-07-20,USD,5704.55,5704.55,OPEN,OPEN_PAST_DUE
ORACLE_FUSION_SIM,ORA-I010-11,ORA-C010,INV-201011,2026-06-28,2026-07-28,USD,5570.69,5570.69,OPEN,BROKEN_PROMISE
ORACLE_FUSION_SIM,ORA-I010-12,ORA-C010,INV-201012,2026-07-05,2026-08-04,USD,5813.15,5813.15,OPEN,EXACT
ORACLE_FUSION_SIM,ORA-I011-01,ORA-C011,INV-201101,2026-03-30,2026-05-14,USD,3617.1,3617.1,OPEN,EXACT
ORACLE_FUSION_SIM,ORA-I011-02,ORA-C011,INV-201102,2026-04-08,2026-05-23,USD,3931.14,3931.14,OPEN,PARTIAL
ORACLE_FUSION_SIM,ORA-I011-03,ORA-C011,INV-201103,2026-04-16,2026-05-31,USD,4312.83,4312.83,OPEN,OVERPAYMENT
ORACLE_FUSION_SIM,ORA-I011-04,ORA-C011,INV-201104,2026-04-29,2026-06-13,USD,4550.14,4550.14,OPEN,ONE_PAYMENT_MULTI_INVOICE
ORACLE_FUSION_SIM,ORA-I011-05,ORA-C011,INV-201105,2026-05-08,2026-06-22,USD,4519.1,4519.1,OPEN,MULTI_PAYMENT_ONE_INVOICE
ORACLE_FUSION_SIM,ORA-I011-06,ORA-C011,INV-201106,2026-05-13,2026-06-27,USD,4907.57,4907.57,OPEN,MISSING_REMITTANCE
ORACLE_FUSION_SIM,ORA-I011-07,ORA-C011,INV-201107,2026-05-23,2026-07-07,EUR,4879.29,4879.29,OPEN,CURRENCY_TOLERANCE
ORACLE_FUSION_SIM,ORA-I011-08,ORA-C011,INV-201108,2026-06-02,2026-07-17,USD,5211.21,5211.21,OPEN,SHORT_PAY_DEDUCTION
ORACLE_FUSION_SIM,ORA-I011-09,ORA-C011,INV-201109,2026-06-09,2026-07-24,USD,5842.17,5842.17,OPEN,UNMATCHED_CASH
ORACLE_FUSION_SIM,ORA-I011-10,ORA-C011,INV-201110,2026-06-18,2026-08-02,USD,5902.0,5902.0,OPEN,OPEN_PAST_DUE
ORACLE_FUSION_SIM,ORA-I011-11,ORA-C011,INV-201111,2026-06-29,2026-08-13,USD,6141.72,6141.72,OPEN,BROKEN_PROMISE
ORACLE_FUSION_SIM,ORA-I011-12,ORA-C011,INV-201112,2026-07-06,2026-08-20,USD,5892.08,5892.08,OPEN,EXACT
ORACLE_FUSION_SIM,ORA-I012-01,ORA-C012,INV-201201,2026-04-02,2026-06-01,USD,3796.74,3796.74,OPEN,EXACT
ORACLE_FUSION_SIM,ORA-I012-02,ORA-C012,INV-201202,2026-04-09,2026-06-08,USD,4259.66,4259.66,OPEN,PARTIAL
ORACLE_FUSION_SIM,ORA-I012-03,ORA-C012,INV-201203,2026-04-16,2026-06-15,USD,4618.7,4618.7,OPEN,OVERPAYMENT
ORACLE_FUSION_SIM,ORA-I012-04,ORA-C012,INV-201204,2026-04-27,2026-06-26,USD,4540.39,4540.39,OPEN,ONE_PAYMENT_MULTI_INVOICE
ORACLE_FUSION_SIM,ORA-I012-05,ORA-C012,INV-201205,2026-05-02,2026-07-01,USD,4822.95,4822.95,OPEN,MULTI_PAYMENT_ONE_INVOICE
ORACLE_FUSION_SIM,ORA-I012-06,ORA-C012,INV-201206,2026-05-17,2026-07-16,USD,4791.35,4791.35,OPEN,MISSING_REMITTANCE
ORACLE_FUSION_SIM,ORA-I012-07,ORA-C012,INV-201207,2026-05-24,2026-07-23,EUR,5230.75,5230.75,OPEN,CURRENCY_TOLERANCE
ORACLE_FUSION_SIM,ORA-I012-08,ORA-C012,INV-201208,2026-06-01,2026-07-31,USD,5769.04,5769.04,OPEN,SHORT_PAY_DEDUCTION
ORACLE_FUSION_SIM,ORA-I012-09,ORA-C012,INV-201209,2026-06-08,2026-08-07,USD,5481.47,5481.47,OPEN,UNMATCHED_CASH
ORACLE_FUSION_SIM,ORA-I012-10,ORA-C012,INV-201210,2026-06-18,2026-08-17,USD,6136.83,6136.83,OPEN,OPEN_PAST_DUE
ORACLE_FUSION_SIM,ORA-I012-11,ORA-C012,INV-201211,2026-07-01,2026-08-30,USD,6200.16,6200.16,OPEN,BROKEN_PROMISE
ORACLE_FUSION_SIM,ORA-I012-12,ORA-C012,INV-201212,2026-07-07,2026-09-05,USD,6440.51,6440.51,OPEN,EXACT
ORACLE_FUSION_SIM,ORA-I013-01,ORA-C013,INV-201301,2026-03-31,2026-05-30,USD,4153.99,4153.99,OPEN,EXACT
ORACLE_FUSION_SIM,ORA-I013-02,ORA-C013,INV-201302,2026-04-11,2026-06-10,USD,4681.11,4681.11,OPEN,PARTIAL
ORACLE_FUSION_SIM,ORA-I013-03,ORA-C013,INV-201303,2026-04-16,2026-06-15,USD,4479.95,4479.95,OPEN,OVERPAYMENT
ORACLE_FUSION_SIM,ORA-I013-04,ORA-C013,INV-201304,2026-04-28,2026-06-27,USD,4484.91,4484.91,OPEN,ONE_PAYMENT_MULTI_INVOICE
ORACLE_FUSION_SIM,ORA-I013-05,ORA-C013,INV-201305,2026-05-04,2026-07-03,USD,4789.88,4789.88,OPEN,MULTI_PAYMENT_ONE_INVOICE
ORACLE_FUSION_SIM,ORA-I013-06,ORA-C013,INV-201306,2026-05-14,2026-07-13,USD,5105.94,5105.94,OPEN,MISSING_REMITTANCE
ORACLE_FUSION_SIM,ORA-I013-07,ORA-C013,INV-201307,2026-05-23,2026-07-22,EUR,5540.72,5540.72,OPEN,CURRENCY_TOLERANCE
ORACLE_FUSION_SIM,ORA-I013-08,ORA-C013,INV-201308,2026-06-01,2026-07-31,USD,5936.29,5936.29,OPEN,SHORT_PAY_DEDUCTION
ORACLE_FUSION_SIM,ORA-I013-09,ORA-C013,INV-201309,2026-06-12,2026-08-11,USD,5976.81,5976.81,OPEN,UNMATCHED_CASH
ORACLE_FUSION_SIM,ORA-I013-10,ORA-C013,INV-201310,2026-06-21,2026-08-20,USD,6179.25,6179.25,OPEN,OPEN_PAST_DUE
ORACLE_FUSION_SIM,ORA-I013-11,ORA-C013,INV-201311,2026-06-28,2026-08-27,USD,5928.73,5928.73,OPEN,BROKEN_PROMISE
ORACLE_FUSION_SIM,ORA-I013-12,ORA-C013,INV-201312,2026-07-05,2026-09-03,USD,6354.89,6354.89,OPEN,EXACT
ORACLE_FUSION_SIM,ORA-I014-01,ORA-C014,INV-201401,2026-03-31,2026-05-30,USD,4458.92,4458.92,OPEN,EXACT
ORACLE_FUSION_SIM,ORA-I014-02,ORA-C014,INV-201402,2026-04-09,2026-06-08,USD,4711.95,4711.95,OPEN,PARTIAL
ORACLE_FUSION_SIM,ORA-I014-03,ORA-C014,INV-201403,2026-04-20,2026-06-19,USD,4585.52,4585.52,OPEN,OVERPAYMENT
ORACLE_FUSION_SIM,ORA-I014-04,ORA-C014,INV-201404,2026-04-28,2026-06-27,USD,4978.63,4978.63,OPEN,ONE_PAYMENT_MULTI_INVOICE
ORACLE_FUSION_SIM,ORA-I014-05,ORA-C014,INV-201405,2026-05-08,2026-07-07,USD,4981.74,4981.74,OPEN,MULTI_PAYMENT_ONE_INVOICE
ORACLE_FUSION_SIM,ORA-I014-06,ORA-C014,INV-201406,2026-05-16,2026-07-15,USD,5420.75,5420.75,OPEN,MISSING_REMITTANCE
ORACLE_FUSION_SIM,ORA-I014-07,ORA-C014,INV-201407,2026-05-26,2026-07-25,EUR,5249.03,5249.03,OPEN,CURRENCY_TOLERANCE
ORACLE_FUSION_SIM,ORA-I014-08,ORA-C014,INV-201408,2026-05-30,2026-07-29,USD,5874.53,5874.53,OPEN,SHORT_PAY_DEDUCTION
ORACLE_FUSION_SIM,ORA-I014-09,ORA-C014,INV-201409,2026-06-08,2026-08-07,USD,5842.99,5842.99,OPEN,UNMATCHED_CASH
ORACLE_FUSION_SIM,ORA-I014-10,ORA-C014,INV-201410,2026-06-19,2026-08-18,USD,6271.28,6271.28,OPEN,OPEN_PAST_DUE
ORACLE_FUSION_SIM,ORA-I014-11,ORA-C014,INV-201411,2026-06-30,2026-08-29,USD,6093.55,6093.55,OPEN,BROKEN_PROMISE
ORACLE_FUSION_SIM,ORA-I014-12,ORA-C014,INV-201412,2026-07-06,2026-09-04,USD,6675.46,6675.46,OPEN,EXACT
ORACLE_FUSION_SIM,ORA-I015-01,ORA-C015,INV-201501,2026-03-31,2026-04-30,USD,4410.0,4410.0,OPEN,EXACT
ORACLE_FUSION_SIM,ORA-I015-02,ORA-C015,INV-201502,2026-04-07,2026-05-07,USD,4388.53,4388.53,OPEN,PARTIAL
ORACLE_FUSION_SIM,ORA-I015-03,ORA-C015,INV-201503,2026-04-15,2026-05-15,USD,4574.76,4574.76,OPEN,OVERPAYMENT
ORACLE_FUSION_SIM,ORA-I015-04,ORA-C015,INV-201504,2026-04-23,2026-05-23,USD,4730.55,4730.55,OPEN,ONE_PAYMENT_MULTI_INVOICE
ORACLE_FUSION_SIM,ORA-I015-05,ORA-C015,INV-201505,2026-05-02,2026-06-01,USD,5600.61,5600.61,OPEN,MULTI_PAYMENT_ONE_INVOICE
ORACLE_FUSION_SIM,ORA-I015-06,ORA-C015,INV-201506,2026-05-12,2026-06-11,USD,5313.87,5313.87,OPEN,MISSING_REMITTANCE
ORACLE_FUSION_SIM,ORA-I015-07,ORA-C015,INV-201507,2026-05-23,2026-06-22,EUR,5484.66,5484.66,OPEN,CURRENCY_TOLERANCE
ORACLE_FUSION_SIM,ORA-I015-08,ORA-C015,INV-201508,2026-06-04,2026-07-04,USD,5936.63,5936.63,OPEN,SHORT_PAY_DEDUCTION
ORACLE_FUSION_SIM,ORA-I015-09,ORA-C015,INV-201509,2026-06-10,2026-07-10,USD,5947.88,5947.88,OPEN,UNMATCHED_CASH
ORACLE_FUSION_SIM,ORA-I015-10,ORA-C015,INV-201510,2026-06-22,2026-07-22,USD,6556.6,6556.6,OPEN,OPEN_PAST_DUE
ORACLE_FUSION_SIM,ORA-I015-11,ORA-C015,INV-201511,2026-06-28,2026-07-28,USD,6184.25,6184.25,OPEN,BROKEN_PROMISE
ORACLE_FUSION_SIM,ORA-I015-12,ORA-C015,INV-201512,2026-07-08,2026-08-07,USD,6401.67,6401.67,OPEN,EXACT
ORACLE_FUSION_SIM,ORA-I016-01,ORA-C016,INV-201601,2026-04-02,2026-06-01,USD,4360.93,4360.93,OPEN,EXACT
ORACLE_FUSION_SIM,ORA-I016-02,ORA-C016,INV-201602,2026-04-06,2026-06-05,USD,4619.07,4619.07,OPEN,PARTIAL
ORACLE_FUSION_SIM,ORA-I016-03,ORA-C016,INV-201603,2026-04-15,2026-06-14,USD,5181.12,5181.12,OPEN,OVERPAYMENT
ORACLE_FUSION_SIM,ORA-I016-04,ORA-C016,INV-201604,2026-04-23,2026-06-22,USD,4928.41,4928.41,OPEN,ONE_PAYMENT_MULTI_INVOICE
ORACLE_FUSION_SIM,ORA-I016-05,ORA-C016,INV-201605,2026-05-03,2026-07-02,USD,5218.0,5218.0,OPEN,MULTI_PAYMENT_ONE_INVOICE
ORACLE_FUSION_SIM,ORA-I016-06,ORA-C016,INV-201606,2026-05-14,2026-07-13,USD,5502.62,5502.62,OPEN,MISSING_REMITTANCE
ORACLE_FUSION_SIM,ORA-I016-07,ORA-C016,INV-201607,2026-05-26,2026-07-25,EUR,5706.17,5706.17,OPEN,CURRENCY_TOLERANCE
ORACLE_FUSION_SIM,ORA-I016-08,ORA-C016,INV-201608,2026-05-29,2026-07-28,USD,5935.78,5935.78,OPEN,SHORT_PAY_DEDUCTION
ORACLE_FUSION_SIM,ORA-I016-09,ORA-C016,INV-201609,2026-06-09,2026-08-08,USD,6271.31,6271.31,OPEN,UNMATCHED_CASH
ORACLE_FUSION_SIM,ORA-I016-10,ORA-C016,INV-201610,2026-06-22,2026-08-21,USD,6287.89,6287.89,OPEN,OPEN_PAST_DUE
ORACLE_FUSION_SIM,ORA-I016-11,ORA-C016,INV-201611,2026-06-25,2026-08-24,USD,6943.57,6943.57,OPEN,BROKEN_PROMISE
ORACLE_FUSION_SIM,ORA-I016-12,ORA-C016,INV-201612,2026-07-04,2026-09-02,USD,7007.98,7007.98,OPEN,EXACT
ORACLE_FUSION_SIM,ORA-I017-01,ORA-C017,INV-201701,2026-03-28,2026-04-27,USD,4588.06,4588.06,OPEN,EXACT
ORACLE_FUSION_SIM,ORA-I017-02,ORA-C017,INV-201702,2026-04-06,2026-05-06,USD,4967.02,4967.02,OPEN,PARTIAL
ORACLE_FUSION_SIM,ORA-I017-03,ORA-C017,INV-201703,2026-04-15,2026-05-15,USD,4884.42,4884.42,OPEN,OVERPAYMENT
ORACLE_FUSION_SIM,ORA-I017-04,ORA-C017,INV-201704,2026-04-25,2026-05-25,USD,5292.33,5292.33,OPEN,ONE_PAYMENT_MULTI_INVOICE
ORACLE_FUSION_SIM,ORA-I017-05,ORA-C017,INV-201705,2026-05-08,2026-06-07,USD,5477.31,5477.31,OPEN,MULTI_PAYMENT_ONE_INVOICE
ORACLE_FUSION_SIM,ORA-I017-06,ORA-C017,INV-201706,2026-05-15,2026-06-14,USD,5823.09,5823.09,OPEN,MISSING_REMITTANCE
ORACLE_FUSION_SIM,ORA-I017-07,ORA-C017,INV-201707,2026-05-20,2026-06-19,EUR,6249.83,6249.83,OPEN,CURRENCY_TOLERANCE
ORACLE_FUSION_SIM,ORA-I017-08,ORA-C017,INV-201708,2026-05-29,2026-06-28,USD,6494.74,6494.74,OPEN,SHORT_PAY_DEDUCTION
ORACLE_FUSION_SIM,ORA-I017-09,ORA-C017,INV-201709,2026-06-11,2026-07-11,USD,6313.69,6313.69,OPEN,UNMATCHED_CASH
ORACLE_FUSION_SIM,ORA-I017-10,ORA-C017,INV-201710,2026-06-16,2026-07-16,USD,6781.54,6781.54,OPEN,OPEN_PAST_DUE
ORACLE_FUSION_SIM,ORA-I017-11,ORA-C017,INV-201711,2026-07-01,2026-07-31,USD,6463.36,6463.36,OPEN,BROKEN_PROMISE
ORACLE_FUSION_SIM,ORA-I017-12,ORA-C017,INV-201712,2026-07-07,2026-08-06,USD,7182.97,7182.97,OPEN,EXACT
ORACLE_FUSION_SIM,ORA-I018-01,ORA-C018,INV-201801,2026-03-29,2026-05-28,USD,4723.2,4723.2,OPEN,EXACT
ORACLE_FUSION_SIM,ORA-I018-02,ORA-C018,INV-201802,2026-04-05,2026-06-04,USD,5108.78,5108.78,OPEN,PARTIAL
ORACLE_FUSION_SIM,ORA-I018-03,ORA-C018,INV-201803,2026-04-19,2026-06-18,USD,5440.31,5440.31,OPEN,OVERPAYMENT
ORACLE_FUSION_SIM,ORA-I018-04,ORA-C018,INV-201804,2026-04-24,2026-06-23,USD,5386.21,5386.21,OPEN,ONE_PAYMENT_MULTI_INVOICE
ORACLE_FUSION_SIM,ORA-I018-05,ORA-C018,INV-201805,2026-05-03,2026-07-02,USD,5760.68,5760.68,OPEN,MULTI_PAYMENT_ONE_INVOICE
ORACLE_FUSION_SIM,ORA-I018-06,ORA-C018,INV-201806,2026-05-16,2026-07-15,USD,5725.95,5725.95,OPEN,MISSING_REMITTANCE
ORACLE_FUSION_SIM,ORA-I018-07,ORA-C018,INV-201807,2026-05-21,2026-07-20,EUR,6311.0,6311.0,OPEN,CURRENCY_TOLERANCE
ORACLE_FUSION_SIM,ORA-I018-08,ORA-C018,INV-201808,2026-06-04,2026-08-03,USD,6566.26,6566.26,OPEN,SHORT_PAY_DEDUCTION
ORACLE_FUSION_SIM,ORA-I018-09,ORA-C018,INV-201809,2026-06-09,2026-08-08,USD,6757.92,6757.92,OPEN,UNMATCHED_CASH
ORACLE_FUSION_SIM,ORA-I018-10,ORA-C018,INV-201810,2026-06-16,2026-08-15,USD,6722.09,6722.09,OPEN,OPEN_PAST_DUE
ORACLE_FUSION_SIM,ORA-I018-11,ORA-C018,INV-201811,2026-06-25,2026-08-24,USD,7020.18,7020.18,OPEN,BROKEN_PROMISE
ORACLE_FUSION_SIM,ORA-I018-12,ORA-C018,INV-201812,2026-07-05,2026-09-03,USD,7458.37,7458.37,OPEN,EXACT
NETSUITE_SIM,NET-I001-01,NET-C001,INV-300101,2026-03-31,2026-04-30,USD,2218.93,2218.93,OPEN,EXACT
NETSUITE_SIM,NET-I001-02,NET-C001,INV-300102,2026-04-06,2026-05-06,USD,2653.92,2653.92,OPEN,PARTIAL
NETSUITE_SIM,NET-I001-03,NET-C001,INV-300103,2026-04-15,2026-05-15,USD,3053.5,3053.5,OPEN,OVERPAYMENT
NETSUITE_SIM,NET-I001-04,NET-C001,INV-300104,2026-04-28,2026-05-28,USD,3393.09,3393.09,OPEN,ONE_PAYMENT_MULTI_INVOICE
NETSUITE_SIM,NET-I001-05,NET-C001,INV-300105,2026-05-02,2026-06-01,USD,3306.75,3306.75,OPEN,MULTI_PAYMENT_ONE_INVOICE
NETSUITE_SIM,NET-I001-06,NET-C001,INV-300106,2026-05-13,2026-06-12,USD,3800.26,3800.26,OPEN,MISSING_REMITTANCE
NETSUITE_SIM,NET-I001-07,NET-C001,INV-300107,2026-05-21,2026-06-20,EUR,3656.69,3656.69,OPEN,CURRENCY_TOLERANCE
NETSUITE_SIM,NET-I001-08,NET-C001,INV-300108,2026-05-31,2026-06-30,USD,4295.53,4295.53,OPEN,SHORT_PAY_DEDUCTION
NETSUITE_SIM,NET-I001-09,NET-C001,INV-300109,2026-06-10,2026-07-10,USD,4239.06,4239.06,OPEN,UNMATCHED_CASH
NETSUITE_SIM,NET-I001-10,NET-C001,INV-300110,2026-06-20,2026-07-20,USD,4151.61,4151.61,OPEN,OPEN_PAST_DUE
NETSUITE_SIM,NET-I001-11,NET-C001,INV-300111,2026-07-01,2026-07-31,USD,4299.77,4299.77,OPEN,BROKEN_PROMISE
NETSUITE_SIM,NET-I001-12,NET-C001,INV-300112,2026-07-04,2026-08-03,USD,4817.8,4817.8,OPEN,EXACT
NETSUITE_SIM,NET-I002-01,NET-C002,INV-300201,2026-03-29,2026-04-28,USD,2617.96,2617.96,OPEN,EXACT
NETSUITE_SIM,NET-I002-02,NET-C002,INV-300202,2026-04-10,2026-05-10,USD,2612.05,2612.05,OPEN,PARTIAL
NETSUITE_SIM,NET-I002-03,NET-C002,INV-300203,2026-04-17,2026-05-17,USD,2777.6,2777.6,OPEN,OVERPAYMENT
NETSUITE_SIM,NET-I002-04,NET-C002,INV-300204,2026-04-26,2026-05-26,USD,3141.99,3141.99,OPEN,ONE_PAYMENT_MULTI_INVOICE
NETSUITE_SIM,NET-I002-05,NET-C002,INV-300205,2026-05-05,2026-06-04,USD,3544.03,3544.03,OPEN,MULTI_PAYMENT_ONE_INVOICE
NETSUITE_SIM,NET-I002-06,NET-C002,INV-300206,2026-05-13,2026-06-12,USD,3976.78,3976.78,OPEN,MISSING_REMITTANCE
NETSUITE_SIM,NET-I002-07,NET-C002,INV-300207,2026-05-23,2026-06-22,EUR,3704.22,3704.22,OPEN,CURRENCY_TOLERANCE
NETSUITE_SIM,NET-I002-08,NET-C002,INV-300208,2026-06-04,2026-07-04,USD,4157.66,4157.66,OPEN,SHORT_PAY_DEDUCTION
NETSUITE_SIM,NET-I002-09,NET-C002,INV-300209,2026-06-09,2026-07-09,USD,4418.32,4418.32,OPEN,UNMATCHED_CASH
NETSUITE_SIM,NET-I002-10,NET-C002,INV-300210,2026-06-19,2026-07-19,USD,4780.76,4780.76,OPEN,OPEN_PAST_DUE
NETSUITE_SIM,NET-I002-11,NET-C002,INV-300211,2026-06-29,2026-07-29,USD,4804.22,4804.22,OPEN,BROKEN_PROMISE
NETSUITE_SIM,NET-I002-12,NET-C002,INV-300212,2026-07-04,2026-08-03,USD,4726.32,4726.32,OPEN,EXACT
NETSUITE_SIM,NET-I003-01,NET-C003,INV-300301,2026-04-02,2026-05-17,USD,2858.33,2858.33,OPEN,EXACT
NETSUITE_SIM,NET-I003-02,NET-C003,INV-300302,2026-04-09,2026-05-24,USD,3312.54,3312.54,OPEN,PARTIAL
NETSUITE_SIM,NET-I003-03,NET-C003,INV-300303,2026-04-16,2026-05-31,USD,3487.74,3487.74,OPEN,OVERPAYMENT
NETSUITE_SIM,NET-I003-04,NET-C003,INV-300304,2026-04-25,2026-06-09,USD,3683.13,3683.13,OPEN,ONE_PAYMENT_MULTI_INVOICE
NETSUITE_SIM,NET-I003-05,NET-C003,INV-300305,2026-05-02,2026-06-16,USD,3594.7,3594.7,OPEN,MULTI_PAYMENT_ONE_INVOICE
NETSUITE_SIM,NET-I003-06,NET-C003,INV-300306,2026-05-12,2026-06-26,USD,4087.96,4087.96,OPEN,MISSING_REMITTANCE
NETSUITE_SIM,NET-I003-07,NET-C003,INV-300307,2026-05-26,2026-07-10,EUR,3726.37,3726.37,OPEN,CURRENCY_TOLERANCE
NETSUITE_SIM,NET-I003-08,NET-C003,INV-300308,2026-05-30,2026-07-14,USD,4026.69,4026.69,OPEN,SHORT_PAY_DEDUCTION
NETSUITE_SIM,NET-I003-09,NET-C003,INV-300309,2026-06-07,2026-07-22,USD,4560.18,4560.18,OPEN,UNMATCHED_CASH
NETSUITE_SIM,NET-I003-10,NET-C003,INV-300310,2026-06-22,2026-08-06,USD,4920.72,4920.72,OPEN,OPEN_PAST_DUE
NETSUITE_SIM,NET-I003-11,NET-C003,INV-300311,2026-06-26,2026-08-10,USD,4954.23,4954.23,OPEN,BROKEN_PROMISE
NETSUITE_SIM,NET-I003-12,NET-C003,INV-300312,2026-07-09,2026-08-23,USD,5082.21,5082.21,OPEN,EXACT
NETSUITE_SIM,NET-I004-01,NET-C004,INV-300401,2026-03-27,2026-04-26,USD,2562.99,2562.99,OPEN,EXACT
NETSUITE_SIM,NET-I004-02,NET-C004,INV-300402,2026-04-11,2026-05-11,USD,3295.72,3295.72,OPEN,PARTIAL
NETSUITE_SIM,NET-I004-03,NET-C004,INV-300403,2026-04-18,2026-05-18,USD,3102.79,3102.79,OPEN,OVERPAYMENT
NETSUITE_SIM,NET-I004-04,NET-C004,INV-300404,2026-04-28,2026-05-28,USD,3280.68,3280.68,OPEN,ONE_PAYMENT_MULTI_INVOICE
NETSUITE_SIM,NET-I004-05,NET-C004,INV-300405,2026-05-08,2026-06-07,USD,3760.7,3760.7,OPEN,MULTI_PAYMENT_ONE_INVOICE
NETSUITE_SIM,NET-I004-06,NET-C004,INV-300406,2026-05-17,2026-06-16,USD,4153.15,4153.15,OPEN,MISSING_REMITTANCE
NETSUITE_SIM,NET-I004-07,NET-C004,INV-300407,2026-05-22,2026-06-21,EUR,3833.98,3833.98,OPEN,CURRENCY_TOLERANCE
NETSUITE_SIM,NET-I004-08,NET-C004,INV-300408,2026-05-30,2026-06-29,USD,4356.65,4356.65,OPEN,SHORT_PAY_DEDUCTION
NETSUITE_SIM,NET-I004-09,NET-C004,INV-300409,2026-06-09,2026-07-09,USD,4322.12,4322.12,OPEN,UNMATCHED_CASH
NETSUITE_SIM,NET-I004-10,NET-C004,INV-300410,2026-06-21,2026-07-21,USD,5027.17,5027.17,OPEN,OPEN_PAST_DUE
NETSUITE_SIM,NET-I004-11,NET-C004,INV-300411,2026-06-28,2026-07-28,USD,5086.0,5086.0,OPEN,BROKEN_PROMISE
NETSUITE_SIM,NET-I004-12,NET-C004,INV-300412,2026-07-10,2026-08-09,USD,5579.79,5579.79,OPEN,EXACT
NETSUITE_SIM,NET-I005-01,NET-C005,INV-300501,2026-03-29,2026-05-28,USD,2779.25,2779.25,OPEN,EXACT
NETSUITE_SIM,NET-I005-02,NET-C005,INV-300502,2026-04-09,2026-06-08,USD,3200.25,3200.25,OPEN,PARTIAL
NETSUITE_SIM,NET-I005-03,NET-C005,INV-300503,2026-04-16,2026-06-15,USD,3721.11,3721.11,OPEN,OVERPAYMENT
NETSUITE_SIM,NET-I005-04,NET-C005,INV-300504,2026-04-24,2026-06-23,USD,3772.71,3772.71,OPEN,ONE_PAYMENT_MULTI_INVOICE
NETSUITE_SIM,NET-I005-05,NET-C005,INV-300505,2026-05-05,2026-07-04,USD,3845.59,3845.59,OPEN,MULTI_PAYMENT_ONE_INVOICE
NETSUITE_SIM,NET-I005-06,NET-C005,INV-300506,2026-05-13,2026-07-12,USD,4032.33,4032.33,OPEN,MISSING_REMITTANCE
NETSUITE_SIM,NET-I005-07,NET-C005,INV-300507,2026-05-25,2026-07-24,EUR,3987.44,3987.44,OPEN,CURRENCY_TOLERANCE
NETSUITE_SIM,NET-I005-08,NET-C005,INV-300508,2026-06-01,2026-07-31,USD,4635.53,4635.53,OPEN,SHORT_PAY_DEDUCTION
NETSUITE_SIM,NET-I005-09,NET-C005,INV-300509,2026-06-12,2026-08-11,USD,4795.73,4795.73,OPEN,UNMATCHED_CASH
NETSUITE_SIM,NET-I005-10,NET-C005,INV-300510,2026-06-16,2026-08-15,USD,5129.56,5129.56,OPEN,OPEN_PAST_DUE
NETSUITE_SIM,NET-I005-11,NET-C005,INV-300511,2026-06-27,2026-08-26,USD,5447.81,5447.81,OPEN,BROKEN_PROMISE
NETSUITE_SIM,NET-I005-12,NET-C005,INV-300512,2026-07-10,2026-09-08,USD,5525.65,5525.65,OPEN,EXACT
NETSUITE_SIM,NET-I006-01,NET-C006,INV-300601,2026-04-01,2026-05-01,USD,3275.16,3275.16,OPEN,EXACT
NETSUITE_SIM,NET-I006-02,NET-C006,INV-300602,2026-04-10,2026-05-10,USD,3537.75,3537.75,OPEN,PARTIAL
NETSUITE_SIM,NET-I006-03,NET-C006,INV-300603,2026-04-19,2026-05-19,USD,3585.88,3585.88,OPEN,OVERPAYMENT
NETSUITE_SIM,NET-I006-04,NET-C006,INV-300604,2026-04-28,2026-05-28,USD,3954.68,3954.68,OPEN,ONE_PAYMENT_MULTI_INVOICE
NETSUITE_SIM,NET-I006-05,NET-C006,INV-300605,2026-05-06,2026-06-05,USD,3790.33,3790.33,OPEN,MULTI_PAYMENT_ONE_INVOICE
NETSUITE_SIM,NET-I006-06,NET-C006,INV-300606,2026-05-13,2026-06-12,USD,4464.34,4464.34,OPEN,MISSING_REMITTANCE
NETSUITE_SIM,NET-I006-07,NET-C006,INV-300607,2026-05-26,2026-06-25,EUR,4210.83,4210.83,OPEN,CURRENCY_TOLERANCE
NETSUITE_SIM,NET-I006-08,NET-C006,INV-300608,2026-06-02,2026-07-02,USD,4357.53,4357.53,OPEN,SHORT_PAY_DEDUCTION
NETSUITE_SIM,NET-I006-09,NET-C006,INV-300609,2026-06-12,2026-07-12,USD,4628.02,4628.02,OPEN,UNMATCHED_CASH
NETSUITE_SIM,NET-I006-10,NET-C006,INV-300610,2026-06-20,2026-07-20,USD,5351.53,5351.53,OPEN,OPEN_PAST_DUE
NETSUITE_SIM,NET-I006-11,NET-C006,INV-300611,2026-06-28,2026-07-28,USD,5388.93,5388.93,OPEN,BROKEN_PROMISE
NETSUITE_SIM,NET-I006-12,NET-C006,INV-300612,2026-07-08,2026-08-07,USD,5235.79,5235.79,OPEN,EXACT
NETSUITE_SIM,NET-I007-01,NET-C007,INV-300701,2026-04-01,2026-05-31,USD,3052.25,3052.25,OPEN,EXACT
NETSUITE_SIM,NET-I007-02,NET-C007,INV-300702,2026-04-10,2026-06-09,USD,3840.15,3840.15,OPEN,PARTIAL
NETSUITE_SIM,NET-I007-03,NET-C007,INV-300703,2026-04-18,2026-06-17,USD,3577.74,3577.74,OPEN,OVERPAYMENT
NETSUITE_SIM,NET-I007-04,NET-C007,INV-300704,2026-04-28,2026-06-27,USD,4016.05,4016.05,OPEN,ONE_PAYMENT_MULTI_INVOICE
NETSUITE_SIM,NET-I007-05,NET-C007,INV-300705,2026-05-06,2026-07-05,USD,4260.06,4260.06,OPEN,MULTI_PAYMENT_ONE_INVOICE
NETSUITE_SIM,NET-I007-06,NET-C007,INV-300706,2026-05-12,2026-07-11,USD,4199.75,4199.75,OPEN,MISSING_REMITTANCE
NETSUITE_SIM,NET-I007-07,NET-C007,INV-300707,2026-05-20,2026-07-19,EUR,4352.99,4352.99,OPEN,CURRENCY_TOLERANCE
NETSUITE_SIM,NET-I007-08,NET-C007,INV-300708,2026-06-02,2026-08-01,USD,4642.42,4642.42,OPEN,SHORT_PAY_DEDUCTION
NETSUITE_SIM,NET-I007-09,NET-C007,INV-300709,2026-06-12,2026-08-11,USD,5318.3,5318.3,OPEN,UNMATCHED_CASH
NETSUITE_SIM,NET-I007-10,NET-C007,INV-300710,2026-06-20,2026-08-19,USD,4888.06,4888.06,OPEN,OPEN_PAST_DUE
NETSUITE_SIM,NET-I007-11,NET-C007,INV-300711,2026-06-28,2026-08-27,USD,5639.7,5639.7,OPEN,BROKEN_PROMISE
NETSUITE_SIM,NET-I007-12,NET-C007,INV-300712,2026-07-07,2026-09-05,USD,5898.28,5898.28,OPEN,EXACT
NETSUITE_SIM,NET-I008-01,NET-C008,INV-300801,2026-03-31,2026-04-30,USD,3244.78,3244.78,OPEN,EXACT
NETSUITE_SIM,NET-I008-02,NET-C008,INV-300802,2026-04-11,2026-05-11,USD,3944.99,3944.99,OPEN,PARTIAL
NETSUITE_SIM,NET-I008-03,NET-C008,INV-300803,2026-04-17,2026-05-17,USD,3684.66,3684.66,OPEN,OVERPAYMENT
NETSUITE_SIM,NET-I008-04,NET-C008,INV-300804,2026-04-25,2026-05-25,USD,3873.95,3873.95,OPEN,ONE_PAYMENT_MULTI_INVOICE
NETSUITE_SIM,NET-I008-05,NET-C008,INV-300805,2026-05-02,2026-06-01,USD,4141.81,4141.81,OPEN,MULTI_PAYMENT_ONE_INVOICE
NETSUITE_SIM,NET-I008-06,NET-C008,INV-300806,2026-05-14,2026-06-13,USD,4826.27,4826.27,OPEN,MISSING_REMITTANCE
NETSUITE_SIM,NET-I008-07,NET-C008,INV-300807,2026-05-22,2026-06-21,EUR,4539.4,4539.4,OPEN,CURRENCY_TOLERANCE
NETSUITE_SIM,NET-I008-08,NET-C008,INV-300808,2026-05-31,2026-06-30,USD,4939.05,4939.05,OPEN,SHORT_PAY_DEDUCTION
NETSUITE_SIM,NET-I008-09,NET-C008,INV-300809,2026-06-08,2026-07-08,USD,5285.67,5285.67,OPEN,UNMATCHED_CASH
NETSUITE_SIM,NET-I008-10,NET-C008,INV-300810,2026-06-18,2026-07-18,USD,5275.51,5275.51,OPEN,OPEN_PAST_DUE
NETSUITE_SIM,NET-I008-11,NET-C008,INV-300811,2026-07-01,2026-07-31,USD,5525.95,5525.95,OPEN,BROKEN_PROMISE
NETSUITE_SIM,NET-I008-12,NET-C008,INV-300812,2026-07-09,2026-08-08,USD,6013.12,6013.12,OPEN,EXACT
NETSUITE_SIM,NET-I009-01,NET-C009,INV-300901,2026-03-27,2026-04-26,USD,3491.95,3491.95,OPEN,EXACT
NETSUITE_SIM,NET-I009-02,NET-C009,INV-300902,2026-04-05,2026-05-05,USD,3882.74,3882.74,OPEN,PARTIAL
NETSUITE_SIM,NET-I009-03,NET-C009,INV-300903,2026-04-18,2026-05-18,USD,3948.1,3948.1,OPEN,OVERPAYMENT
NETSUITE_SIM,NET-I009-04,NET-C009,INV-300904,2026-04-29,2026-05-29,USD,3956.67,3956.67,OPEN,ONE_PAYMENT_MULTI_INVOICE
NETSUITE_SIM,NET-I009-05,NET-C009,INV-300905,2026-05-03,2026-06-02,USD,4729.42,4729.42,OPEN,MULTI_PAYMENT_ONE_INVOICE
NETSUITE_SIM,NET-I009-06,NET-C009,INV-300906,2026-05-16,2026-06-15,USD,4975.85,4975.85,OPEN,MISSING_REMITTANCE
NETSUITE_SIM,NET-I009-07,NET-C009,INV-300907,2026-05-22,2026-06-21,EUR,4966.68,4966.68,OPEN,CURRENCY_TOLERANCE
NETSUITE_SIM,NET-I009-08,NET-C009,INV-300908,2026-06-01,2026-07-01,USD,5245.92,5245.92,OPEN,SHORT_PAY_DEDUCTION
NETSUITE_SIM,NET-I009-09,NET-C009,INV-300909,2026-06-13,2026-07-13,USD,5127.51,5127.51,OPEN,UNMATCHED_CASH
NETSUITE_SIM,NET-I009-10,NET-C009,INV-300910,2026-06-22,2026-07-22,USD,5541.89,5541.89,OPEN,OPEN_PAST_DUE
NETSUITE_SIM,NET-I009-11,NET-C009,INV-300911,2026-06-26,2026-07-26,USD,5392.44,5392.44,OPEN,BROKEN_PROMISE
NETSUITE_SIM,NET-I009-12,NET-C009,INV-300912,2026-07-05,2026-08-04,USD,5679.75,5679.75,OPEN,EXACT
NETSUITE_SIM,NET-I010-01,NET-C010,INV-301001,2026-03-27,2026-04-26,USD,3704.93,3704.93,OPEN,EXACT
NETSUITE_SIM,NET-I010-02,NET-C010,INV-301002,2026-04-07,2026-05-07,USD,3800.73,3800.73,OPEN,PARTIAL
NETSUITE_SIM,NET-I010-03,NET-C010,INV-301003,2026-04-19,2026-05-19,USD,4370.8,4370.8,OPEN,OVERPAYMENT
NETSUITE_SIM,NET-I010-04,NET-C010,INV-301004,2026-04-27,2026-05-27,USD,4695.13,4695.13,OPEN,ONE_PAYMENT_MULTI_INVOICE
NETSUITE_SIM,NET-I010-05,NET-C010,INV-301005,2026-05-06,2026-06-05,USD,4555.22,4555.22,OPEN,MULTI_PAYMENT_ONE_INVOICE
NETSUITE_SIM,NET-I010-06,NET-C010,INV-301006,2026-05-11,2026-06-10,USD,4993.33,4993.33,OPEN,MISSING_REMITTANCE
NETSUITE_SIM,NET-I010-07,NET-C010,INV-301007,2026-05-20,2026-06-19,EUR,5108.56,5108.56,OPEN,CURRENCY_TOLERANCE
NETSUITE_SIM,NET-I010-08,NET-C010,INV-301008,2026-06-02,2026-07-02,USD,5409.95,5409.95,OPEN,SHORT_PAY_DEDUCTION
NETSUITE_SIM,NET-I010-09,NET-C010,INV-301009,2026-06-08,2026-07-08,USD,5728.73,5728.73,OPEN,UNMATCHED_CASH
NETSUITE_SIM,NET-I010-10,NET-C010,INV-301010,2026-06-21,2026-07-21,USD,5856.8,5856.8,OPEN,OPEN_PAST_DUE
NETSUITE_SIM,NET-I010-11,NET-C010,INV-301011,2026-06-25,2026-07-25,USD,5888.48,5888.48,OPEN,BROKEN_PROMISE
NETSUITE_SIM,NET-I010-12,NET-C010,INV-301012,2026-07-06,2026-08-05,USD,5836.09,5836.09,OPEN,EXACT
NETSUITE_SIM,NET-I011-01,NET-C011,INV-301101,2026-04-02,2026-05-02,USD,3796.48,3796.48,OPEN,EXACT
NETSUITE_SIM,NET-I011-02,NET-C011,INV-301102,2026-04-06,2026-05-06,USD,4373.74,4373.74,OPEN,PARTIAL
NETSUITE_SIM,NET-I011-03,NET-C011,INV-301103,2026-04-20,2026-05-20,USD,4192.7,4192.7,OPEN,OVERPAYMENT
NETSUITE_SIM,NET-I011-04,NET-C011,INV-301104,2026-04-24,2026-05-24,USD,4216.7,4216.7,OPEN,ONE_PAYMENT_MULTI_INVOICE
NETSUITE_SIM,NET-I011-05,NET-C011,INV-301105,2026-05-05,2026-06-04,USD,4692.55,4692.55,OPEN,MULTI_PAYMENT_ONE_INVOICE
NETSUITE_SIM,NET-I011-06,NET-C011,INV-301106,2026-05-12,2026-06-11,USD,5145.34,5145.34,OPEN,MISSING_REMITTANCE
NETSUITE_SIM,NET-I011-07,NET-C011,INV-301107,2026-05-20,2026-06-19,EUR,4956.32,4956.32,OPEN,CURRENCY_TOLERANCE
NETSUITE_SIM,NET-I011-08,NET-C011,INV-301108,2026-06-02,2026-07-02,USD,5433.08,5433.08,OPEN,SHORT_PAY_DEDUCTION
NETSUITE_SIM,NET-I011-09,NET-C011,INV-301109,2026-06-08,2026-07-08,USD,5254.75,5254.75,OPEN,UNMATCHED_CASH
NETSUITE_SIM,NET-I011-10,NET-C011,INV-301110,2026-06-19,2026-07-19,USD,5783.64,5783.64,OPEN,OPEN_PAST_DUE
NETSUITE_SIM,NET-I011-11,NET-C011,INV-301111,2026-07-01,2026-07-31,USD,5913.26,5913.26,OPEN,BROKEN_PROMISE
NETSUITE_SIM,NET-I011-12,NET-C011,INV-301112,2026-07-09,2026-08-08,USD,5911.33,5911.33,OPEN,EXACT
NETSUITE_SIM,NET-I012-01,NET-C012,INV-301201,2026-04-01,2026-05-16,USD,4138.47,4138.47,OPEN,EXACT
NETSUITE_SIM,NET-I012-02,NET-C012,INV-301202,2026-04-05,2026-05-20,USD,4232.64,4232.64,OPEN,PARTIAL
NETSUITE_SIM,NET-I012-03,NET-C012,INV-301203,2026-04-18,2026-06-02,USD,4082.75,4082.75,OPEN,OVERPAYMENT
NETSUITE_SIM,NET-I012-04,NET-C012,INV-301204,2026-04-23,2026-06-07,USD,4354.6,4354.6,OPEN,ONE_PAYMENT_MULTI_INVOICE
NETSUITE_SIM,NET-I012-05,NET-C012,INV-301205,2026-05-05,2026-06-19,USD,5047.53,5047.53,OPEN,MULTI_PAYMENT_ONE_INVOICE
NETSUITE_SIM,NET-I012-06,NET-C012,INV-301206,2026-05-16,2026-06-30,USD,5323.17,5323.17,OPEN,MISSING_REMITTANCE
NETSUITE_SIM,NET-I012-07,NET-C012,INV-301207,2026-05-24,2026-07-08,EUR,5361.19,5361.19,OPEN,CURRENCY_TOLERANCE
NETSUITE_SIM,NET-I012-08,NET-C012,INV-301208,2026-06-02,2026-07-17,USD,5264.9,5264.9,OPEN,SHORT_PAY_DEDUCTION
NETSUITE_SIM,NET-I012-09,NET-C012,INV-301209,2026-06-09,2026-07-24,USD,5495.66,5495.66,OPEN,UNMATCHED_CASH
NETSUITE_SIM,NET-I012-10,NET-C012,INV-301210,2026-06-16,2026-07-31,USD,5557.55,5557.55,OPEN,OPEN_PAST_DUE
NETSUITE_SIM,NET-I012-11,NET-C012,INV-301211,2026-06-25,2026-08-09,USD,6389.78,6389.78,OPEN,BROKEN_PROMISE
NETSUITE_SIM,NET-I012-12,NET-C012,INV-301212,2026-07-09,2026-08-23,USD,6645.94,6645.94,OPEN,EXACT
NETSUITE_SIM,NET-I013-01,NET-C013,INV-301301,2026-03-30,2026-05-29,USD,4214.7,4214.7,OPEN,EXACT
NETSUITE_SIM,NET-I013-02,NET-C013,INV-301302,2026-04-05,2026-06-04,USD,4272.94,4272.94,OPEN,PARTIAL
NETSUITE_SIM,NET-I013-03,NET-C013,INV-301303,2026-04-16,2026-06-15,USD,4714.87,4714.87,OPEN,OVERPAYMENT
NETSUITE_SIM,NET-I013-04,NET-C013,INV-301304,2026-04-27,2026-06-26,USD,5063.77,5063.77,OPEN,ONE_PAYMENT_MULTI_INVOICE
NETSUITE_SIM,NET-I013-05,NET-C013,INV-301305,2026-05-05,2026-07-04,USD,5087.78,5087.78,OPEN,MULTI_PAYMENT_ONE_INVOICE
NETSUITE_SIM,NET-I013-06,NET-C013,INV-301306,2026-05-14,2026-07-13,USD,5232.65,5232.65,OPEN,MISSING_REMITTANCE
NETSUITE_SIM,NET-I013-07,NET-C013,INV-301307,2026-05-23,2026-07-22,EUR,5442.14,5442.14,OPEN,CURRENCY_TOLERANCE
NETSUITE_SIM,NET-I013-08,NET-C013,INV-301308,2026-06-04,2026-08-03,USD,5345.69,5345.69,OPEN,SHORT_PAY_DEDUCTION
NETSUITE_SIM,NET-I013-09,NET-C013,INV-301309,2026-06-07,2026-08-06,USD,6017.77,6017.77,OPEN,UNMATCHED_CASH
NETSUITE_SIM,NET-I013-10,NET-C013,INV-301310,2026-06-21,2026-08-20,USD,5802.76,5802.76,OPEN,OPEN_PAST_DUE
NETSUITE_SIM,NET-I013-11,NET-C013,INV-301311,2026-06-27,2026-08-26,USD,6171.91,6171.91,OPEN,BROKEN_PROMISE
NETSUITE_SIM,NET-I013-12,NET-C013,INV-301312,2026-07-04,2026-09-02,USD,6292.22,6292.22,OPEN,EXACT
NETSUITE_SIM,NET-I014-01,NET-C014,INV-301401,2026-03-29,2026-05-28,USD,4203.68,4203.68,OPEN,EXACT
NETSUITE_SIM,NET-I014-02,NET-C014,INV-301402,2026-04-10,2026-06-09,USD,4310.82,4310.82,OPEN,PARTIAL
NETSUITE_SIM,NET-I014-03,NET-C014,INV-301403,2026-04-15,2026-06-14,USD,4854.32,4854.32,OPEN,OVERPAYMENT
NETSUITE_SIM,NET-I014-04,NET-C014,INV-301404,2026-04-24,2026-06-23,USD,5169.23,5169.23,OPEN,ONE_PAYMENT_MULTI_INVOICE
NETSUITE_SIM,NET-I014-05,NET-C014,INV-301405,2026-05-08,2026-07-07,USD,4999.72,4999.72,OPEN,MULTI_PAYMENT_ONE_INVOICE
NETSUITE_SIM,NET-I014-06,NET-C014,INV-301406,2026-05-16,2026-07-15,USD,5527.2,5527.2,OPEN,MISSING_REMITTANCE
NETSUITE_SIM,NET-I014-07,NET-C014,INV-301407,2026-05-22,2026-07-21,EUR,5773.86,5773.86,OPEN,CURRENCY_TOLERANCE
NETSUITE_SIM,NET-I014-08,NET-C014,INV-301408,2026-06-01,2026-07-31,USD,6016.98,6016.98,OPEN,SHORT_PAY_DEDUCTION
NETSUITE_SIM,NET-I014-09,NET-C014,INV-301409,2026-06-07,2026-08-06,USD,5660.57,5660.57,OPEN,UNMATCHED_CASH
NETSUITE_SIM,NET-I014-10,NET-C014,INV-301410,2026-06-17,2026-08-16,USD,6425.08,6425.08,OPEN,OPEN_PAST_DUE
NETSUITE_SIM,NET-I014-11,NET-C014,INV-301411,2026-06-30,2026-08-29,USD,6334.35,6334.35,OPEN,BROKEN_PROMISE
NETSUITE_SIM,NET-I014-12,NET-C014,INV-301412,2026-07-10,2026-09-08,USD,6763.37,6763.37,OPEN,EXACT
NETSUITE_SIM,NET-I015-01,NET-C015,INV-301501,2026-03-27,2026-05-26,USD,4443.63,4443.63,OPEN,EXACT
NETSUITE_SIM,NET-I015-02,NET-C015,INV-301502,2026-04-11,2026-06-10,USD,4390.52,4390.52,OPEN,PARTIAL
NETSUITE_SIM,NET-I015-03,NET-C015,INV-301503,2026-04-19,2026-06-18,USD,5027.94,5027.94,OPEN,OVERPAYMENT
NETSUITE_SIM,NET-I015-04,NET-C015,INV-301504,2026-04-27,2026-06-26,USD,5112.8,5112.8,OPEN,ONE_PAYMENT_MULTI_INVOICE
NETSUITE_SIM,NET-I015-05,NET-C015,INV-301505,2026-05-05,2026-07-04,USD,5473.1,5473.1,OPEN,MULTI_PAYMENT_ONE_INVOICE
NETSUITE_SIM,NET-I015-06,NET-C015,INV-301506,2026-05-13,2026-07-12,USD,5452.6,5452.6,OPEN,MISSING_REMITTANCE
NETSUITE_SIM,NET-I015-07,NET-C015,INV-301507,2026-05-25,2026-07-24,EUR,5956.87,5956.87,OPEN,CURRENCY_TOLERANCE
NETSUITE_SIM,NET-I015-08,NET-C015,INV-301508,2026-06-04,2026-08-03,USD,5896.64,5896.64,OPEN,SHORT_PAY_DEDUCTION
NETSUITE_SIM,NET-I015-09,NET-C015,INV-301509,2026-06-11,2026-08-10,USD,6066.58,6066.58,OPEN,UNMATCHED_CASH
NETSUITE_SIM,NET-I015-10,NET-C015,INV-301510,2026-06-22,2026-08-21,USD,6513.24,6513.24,OPEN,OPEN_PAST_DUE
NETSUITE_SIM,NET-I015-11,NET-C015,INV-301511,2026-06-26,2026-08-25,USD,6866.37,6866.37,OPEN,BROKEN_PROMISE
NETSUITE_SIM,NET-I015-12,NET-C015,INV-301512,2026-07-07,2026-09-05,USD,6571.13,6571.13,OPEN,EXACT
NETSUITE_SIM,NET-I016-01,NET-C016,INV-301601,2026-03-27,2026-05-26,USD,4376.45,4376.45,OPEN,EXACT
NETSUITE_SIM,NET-I016-02,NET-C016,INV-301602,2026-04-07,2026-06-06,USD,4838.39,4838.39,OPEN,PARTIAL
NETSUITE_SIM,NET-I016-03,NET-C016,INV-301603,2026-04-16,2026-06-15,USD,4631.19,4631.19,OPEN,OVERPAYMENT
NETSUITE_SIM,NET-I016-04,NET-C016,INV-301604,2026-04-28,2026-06-27,USD,5335.06,5335.06,OPEN,ONE_PAYMENT_MULTI_INVOICE
NETSUITE_SIM,NET-I016-05,NET-C016,INV-301605,2026-05-08,2026-07-07,USD,5421.9,5421.9,OPEN,MULTI_PAYMENT_ONE_INVOICE
NETSUITE_SIM,NET-I016-06,NET-C016,INV-301606,2026-05-17,2026-07-16,USD,5892.9,5892.9,OPEN,MISSING_REMITTANCE
NETSUITE_SIM,NET-I016-07,NET-C016,INV-301607,2026-05-25,2026-07-24,EUR,5641.47,5641.47,OPEN,CURRENCY_TOLERANCE
NETSUITE_SIM,NET-I016-08,NET-C016,INV-301608,2026-06-01,2026-07-31,USD,6127.72,6127.72,OPEN,SHORT_PAY_DEDUCTION
NETSUITE_SIM,NET-I016-09,NET-C016,INV-301609,2026-06-08,2026-08-07,USD,6111.54,6111.54,OPEN,UNMATCHED_CASH
NETSUITE_SIM,NET-I016-10,NET-C016,INV-301610,2026-06-20,2026-08-19,USD,6641.71,6641.71,OPEN,OPEN_PAST_DUE
NETSUITE_SIM,NET-I016-11,NET-C016,INV-301611,2026-06-27,2026-08-26,USD,6629.47,6629.47,OPEN,BROKEN_PROMISE
NETSUITE_SIM,NET-I016-12,NET-C016,INV-301612,2026-07-07,2026-09-05,USD,6749.43,6749.43,OPEN,EXACT
NETSUITE_SIM,NET-I017-01,NET-C017,INV-301701,2026-03-29,2026-04-28,USD,4963.91,4963.91,OPEN,EXACT
NETSUITE_SIM,NET-I017-02,NET-C017,INV-301702,2026-04-06,2026-05-06,USD,4620.5,4620.5,OPEN,PARTIAL
NETSUITE_SIM,NET-I017-03,NET-C017,INV-301703,2026-04-18,2026-05-18,USD,5241.37,5241.37,OPEN,OVERPAYMENT
NETSUITE_SIM,NET-I017-04,NET-C017,INV-301704,2026-04-23,2026-05-23,USD,5038.51,5038.51,OPEN,ONE_PAYMENT_MULTI_INVOICE
NETSUITE_SIM,NET-I017-05,NET-C017,INV-301705,2026-05-07,2026-06-06,USD,5666.33,5666.33,OPEN,MULTI_PAYMENT_ONE_INVOICE
NETSUITE_SIM,NET-I017-06,NET-C017,INV-301706,2026-05-14,2026-06-13,USD,5875.77,5875.77,OPEN,MISSING_REMITTANCE
NETSUITE_SIM,NET-I017-07,NET-C017,INV-301707,2026-05-26,2026-06-25,EUR,6199.47,6199.47,OPEN,CURRENCY_TOLERANCE
NETSUITE_SIM,NET-I017-08,NET-C017,INV-301708,2026-06-01,2026-07-01,USD,6198.18,6198.18,OPEN,SHORT_PAY_DEDUCTION
NETSUITE_SIM,NET-I017-09,NET-C017,INV-301709,2026-06-12,2026-07-12,USD,6125.85,6125.85,OPEN,UNMATCHED_CASH
NETSUITE_SIM,NET-I017-10,NET-C017,INV-301710,2026-06-22,2026-07-22,USD,6492.29,6492.29,OPEN,OPEN_PAST_DUE
NETSUITE_SIM,NET-I017-11,NET-C017,INV-301711,2026-06-27,2026-07-27,USD,7088.37,7088.37,OPEN,BROKEN_PROMISE
NETSUITE_SIM,NET-I017-12,NET-C017,INV-301712,2026-07-04,2026-08-03,USD,6816.58,6816.58,OPEN,EXACT
NETSUITE_SIM,NET-I018-01,NET-C018,INV-301801,2026-04-01,2026-05-01,USD,5098.04,5098.04,OPEN,EXACT
NETSUITE_SIM,NET-I018-02,NET-C018,INV-301802,2026-04-08,2026-05-08,USD,5309.92,5309.92,OPEN,PARTIAL
NETSUITE_SIM,NET-I018-03,NET-C018,INV-301803,2026-04-18,2026-05-18,USD,4974.2,4974.2,OPEN,OVERPAYMENT
NETSUITE_SIM,NET-I018-04,NET-C018,INV-301804,2026-04-28,2026-05-28,USD,5725.23,5725.23,OPEN,ONE_PAYMENT_MULTI_INVOICE
NETSUITE_SIM,NET-I018-05,NET-C018,INV-301805,2026-05-02,2026-06-01,USD,5401.11,5401.11,OPEN,MULTI_PAYMENT_ONE_INVOICE
NETSUITE_SIM,NET-I018-06,NET-C018,INV-301806,2026-05-14,2026-06-13,USD,6193.38,6193.38,OPEN,MISSING_REMITTANCE
NETSUITE_SIM,NET-I018-07,NET-C018,INV-301807,2026-05-20,2026-06-19,EUR,6347.67,6347.67,OPEN,CURRENCY_TOLERANCE
NETSUITE_SIM,NET-I018-08,NET-C018,INV-301808,2026-06-03,2026-07-03,USD,6344.15,6344.15,OPEN,SHORT_PAY_DEDUCTION
NETSUITE_SIM,NET-I018-09,NET-C018,INV-301809,2026-06-12,2026-07-12,USD,6524.21,6524.21,OPEN,UNMATCHED_CASH
NETSUITE_SIM,NET-I018-10,NET-C018,INV-301810,2026-06-22,2026-07-22,USD,6809.86,6809.86,OPEN,OPEN_PAST_DUE
NETSUITE_SIM,NET-I018-11,NET-C018,INV-301811,2026-06-28,2026-07-28,USD,6900.66,6900.66,OPEN,BROKEN_PROMISE
NETSUITE_SIM,NET-I018-12,NET-C018,INV-301812,2026-07-10,2026-08-09,USD,7392.49,7392.49,OPEN,EXACT
