source_system,payment_id,customer_id,payment_date,currency,amount,reference,bank_txn_id,benchmark_case
SAP_S4HANA_SIM,SAP-P001-01,SAP-C001,2026-07-25,USD,2304.25,INV-100101,BANK-1-001-01,EXACT
SAP_S4HANA_SIM,SAP-P001-02,SAP-C001,2026-07-17,USD,1458.45,INV-100102,BANK-1-001-02,PARTIAL
SAP_S4HANA_SIM,SAP-P001-03,SAP-C001,2026-07-20,USD,3319.53,INV-100103,BANK-1-001-03,OVERPAYMENT
SAP_S4HANA_SIM,SAP-P001-04,SAP-C001,2026-07-22,USD,6207.2,BULK REMIT,BANK-1-001-04,ONE_PAYMENT_MULTI_INVOICE
SAP_S4HANA_SIM,SAP-P001-05A,SAP-C001,2026-07-26,USD,1514.64,INV-100106,BANK-1-001-05A,MULTI_PAYMENT_ONE_INVOICE
SAP_S4HANA_SIM,SAP-P001-05B,SAP-C001,2026-07-24,USD,1851.22,INV-100106,BANK-1-001-05B,MULTI_PAYMENT_ONE_INVOICE
SAP_S4HANA_SIM,SAP-P001-06,SAP-C001,2026-07-20,USD,3432.58,,BANK-1-001-06,MISSING_REMITTANCE
SAP_S4HANA_SIM,SAP-P001-07,SAP-C001,2026-07-18,USD,4537.84,INV-100108,BANK-1-001-07,CURRENCY_TOLERANCE
SAP_S4HANA_SIM,SAP-P001-08,SAP-C001,2026-07-27,USD,4117.46,INV-100109,BANK-1-001-08,SHORT_PAY_DEDUCTION
SAP_S4HANA_SIM,SAP-P001-09,SAP-C001,2026-07-19,USD,3620.0,UNKNOWN-REFERENCE,BANK-1-001-09,UNMATCHED_CASH
SAP_S4HANA_SIM,SAP-P002-01,SAP-C002,2026-07-19,USD,2606.6,INV-100201,BANK-1-002-01,EXACT
SAP_S4HANA_SIM,SAP-P002-02,SAP-C002,2026-07-25,USD,1906.31,INV-100202,BANK-1-002-02,PARTIAL
SAP_S4HANA_SIM,SAP-P002-03,SAP-C002,2026-07-19,USD,2887.16,INV-100203,BANK-1-002-03,OVERPAYMENT
SAP_S4HANA_SIM,SAP-P002-04,SAP-C002,2026-07-19,USD,7247.4,BULK REMIT,BANK-1-002-04,ONE_PAYMENT_MULTI_INVOICE
SAP_S4HANA_SIM,SAP-P002-05A,SAP-C002,2026-07-24,USD,1684.87,INV-100206,BANK-1-002-05A,MULTI_PAYMENT_ONE_INVOICE
SAP_S4HANA_SIM,SAP-P002-05B,SAP-C002,2026-07-22,USD,2059.28,INV-100206,BANK-1-002-05B,MULTI_PAYMENT_ONE_INVOICE
SAP_S4HANA_SIM,SAP-P002-06,SAP-C002,2026-07-28,USD,3599.69,,BANK-1-002-06,MISSING_REMITTANCE
SAP_S4HANA_SIM,SAP-P002-07,SAP-C002,2026-07-25,USD,4313.96,INV-100208,BANK-1-002-07,CURRENCY_TOLERANCE
SAP_S4HANA_SIM,SAP-P002-08,SAP-C002,2026-07-13,USD,4562.66,INV-100209,BANK-1-002-08,SHORT_PAY_DEDUCTION
SAP_S4HANA_SIM,SAP-P002-09,SAP-C002,2026-07-23,USD,3607.97,UNKNOWN-REFERENCE,BANK-1-002-09,UNMATCHED_CASH
SAP_S4HANA_SIM,SAP-P003-01,SAP-C003,2026-07-22,USD,3114.67,INV-100301,BANK-1-003-01,EXACT
SAP_S4HANA_SIM,SAP-P003-02,SAP-C003,2026-07-26,USD,1868.83,INV-100302,BANK-1-003-02,PARTIAL
SAP_S4HANA_SIM,SAP-P003-03,SAP-C003,2026-07-23,USD,3448.23,INV-100303,BANK-1-003-03,OVERPAYMENT
SAP_S4HANA_SIM,SAP-P003-04,SAP-C003,2026-07-13,USD,7019.15,BULK REMIT,BANK-1-003-04,ONE_PAYMENT_MULTI_INVOICE
SAP_S4HANA_SIM,SAP-P003-05A,SAP-C003,2026-07-13,USD,1818.24,INV-100306,BANK-1-003-05A,MULTI_PAYMENT_ONE_INVOICE
SAP_S4HANA_SIM,SAP-P003-05B,SAP-C003,2026-07-22,USD,2222.29,INV-100306,BANK-1-003-05B,MULTI_PAYMENT_ONE_INVOICE
SAP_S4HANA_SIM,SAP-P003-06,SAP-C003,2026-07-17,USD,3875.42,,BANK-1-003-06,MISSING_REMITTANCE
SAP_S4HANA_SIM,SAP-P003-07,SAP-C003,2026-07-18,USD,4993.01,INV-100308,BANK-1-003-07,CURRENCY_TOLERANCE
SAP_S4HANA_SIM,SAP-P003-08,SAP-C003,2026-07-19,USD,4623.46,INV-100309,BANK-1-003-08,SHORT_PAY_DEDUCTION
SAP_S4HANA_SIM,SAP-P003-09,SAP-C003,2026-07-23,USD,3709.97,UNKNOWN-REFERENCE,BANK-1-003-09,UNMATCHED_CASH
SAP_S4HANA_SIM,SAP-P003-01-DUP,SAP-C003,2026-07-22,USD,3114.67,INV-100301,BANK-1-003-01,DUPLICATE_PAYMENT
SAP_S4HANA_SIM,SAP-P004-01,SAP-C004,2026-07-25,USD,2591.98,INV-100401,BANK-1-004-01,EXACT
SAP_S4HANA_SIM,SAP-P004-02,SAP-C004,2026-07-16,USD,1726.19,INV-100402,BANK-1-004-02,PARTIAL
SAP_S4HANA_SIM,SAP-P004-03,SAP-C004,2026-07-30,USD,3660.46,INV-100403,BANK-1-004-03,OVERPAYMENT
SAP_S4HANA_SIM,SAP-P004-04,SAP-C004,2026-07-22,USD,7279.62,BULK REMIT,BANK-1-004-04,ONE_PAYMENT_MULTI_INVOICE
SAP_S4HANA_SIM,SAP-P004-05A,SAP-C004,2026-07-14,USD,1792.97,INV-100406,BANK-1-004-05A,MULTI_PAYMENT_ONE_INVOICE
SAP_S4HANA_SIM,SAP-P004-05B,SAP-C004,2026-07-25,USD,2191.41,INV-100406,BANK-1-004-05B,MULTI_PAYMENT_ONE_INVOICE
SAP_S4HANA_SIM,SAP-P004-06,SAP-C004,2026-07-14,USD,4427.55,,BANK-1-004-06,MISSING_REMITTANCE
SAP_S4HANA_SIM,SAP-P004-07,SAP-C004,2026-07-21,USD,4964.45,INV-100408,BANK-1-004-07,CURRENCY_TOLERANCE
SAP_S4HANA_SIM,SAP-P004-08,SAP-C004,2026-07-14,USD,4624.2,INV-100409,BANK-1-004-08,SHORT_PAY_DEDUCTION
SAP_S4HANA_SIM,SAP-P004-09,SAP-C004,2026-07-24,USD,4136.4,UNKNOWN-REFERENCE,BANK-1-004-09,UNMATCHED_CASH
SAP_S4HANA_SIM,SAP-P005-01,SAP-C005,2026-07-15,USD,3363.45,INV-100501,BANK-1-005-01,EXACT
SAP_S4HANA_SIM,SAP-P005-02,SAP-C005,2026-07-13,USD,2129.97,INV-100502,BANK-1-005-02,PARTIAL
SAP_S4HANA_SIM,SAP-P005-03,SAP-C005,2026-07-25,USD,3469.91,INV-100503,BANK-1-005-03,OVERPAYMENT
SAP_S4HANA_SIM,SAP-P005-04,SAP-C005,2026-07-22,USD,7562.42,BULK REMIT,BANK-1-005-04,ONE_PAYMENT_MULTI_INVOICE
SAP_S4HANA_SIM,SAP-P005-05A,SAP-C005,2026-07-14,USD,1942.08,INV-100506,BANK-1-005-05A,MULTI_PAYMENT_ONE_INVOICE
SAP_S4HANA_SIM,SAP-P005-05B,SAP-C005,2026-07-17,USD,2373.66,INV-100506,BANK-1-005-05B,MULTI_PAYMENT_ONE_INVOICE
SAP_S4HANA_SIM,SAP-P005-06,SAP-C005,2026-07-24,USD,4002.55,,BANK-1-005-06,MISSING_REMITTANCE
SAP_S4HANA_SIM,SAP-P005-07,SAP-C005,2026-07-24,USD,5320.52,INV-100508,BANK-1-005-07,CURRENCY_TOLERANCE
SAP_S4HANA_SIM,SAP-P005-08,SAP-C005,2026-07-21,USD,4796.34,INV-100509,BANK-1-005-08,SHORT_PAY_DEDUCTION
SAP_S4HANA_SIM,SAP-P005-09,SAP-C005,2026-07-18,USD,3854.06,UNKNOWN-REFERENCE,BANK-1-005-09,UNMATCHED_CASH
SAP_S4HANA_SIM,SAP-P006-01,SAP-C006,2026-07-23,USD,3006.53,INV-100601,BANK-1-006-01,EXACT
SAP_S4HANA_SIM,SAP-P006-02,SAP-C006,2026-07-15,USD,1968.4,INV-100602,BANK-1-006-02,PARTIAL
SAP_S4HANA_SIM,SAP-P006-03,SAP-C006,2026-07-17,USD,3767.75,INV-100603,BANK-1-006-03,OVERPAYMENT
SAP_S4HANA_SIM,SAP-P006-04,SAP-C006,2026-07-24,USD,7792.64,BULK REMIT,BANK-1-006-04,ONE_PAYMENT_MULTI_INVOICE
SAP_S4HANA_SIM,SAP-P006-05A,SAP-C006,2026-07-27,USD,1821.72,INV-100606,BANK-1-006-05A,MULTI_PAYMENT_ONE_INVOICE
SAP_S4HANA_SIM,SAP-P006-05B,SAP-C006,2026-07-27,USD,2226.54,INV-100606,BANK-1-006-05B,MULTI_PAYMENT_ONE_INVOICE
SAP_S4HANA_SIM,SAP-P006-06,SAP-C006,2026-07-17,USD,4700.74,,BANK-1-006-06,MISSING_REMITTANCE
SAP_S4HANA_SIM,SAP-P006-07,SAP-C006,2026-07-17,USD,5136.54,INV-100608,BANK-1-006-07,CURRENCY_TOLERANCE
SAP_S4HANA_SIM,SAP-P006-08,SAP-C006,2026-07-16,USD,4889.28,INV-100609,BANK-1-006-08,SHORT_PAY_DEDUCTION
SAP_S4HANA_SIM,SAP-P006-09,SAP-C006,2026-07-29,USD,4240.85,UNKNOWN-REFERENCE,BANK-1-006-09,UNMATCHED_CASH
SAP_S4HANA_SIM,SAP-P006-01-DUP,SAP-C006,2026-07-23,USD,3006.53,INV-100601,BANK-1-006-01,DUPLICATE_PAYMENT
SAP_S4HANA_SIM,SAP-P007-01,SAP-C007,2026-07-17,USD,3207.51,INV-100701,BANK-1-007-01,EXACT
SAP_S4HANA_SIM,SAP-P007-02,SAP-C007,2026-07-15,USD,1954.49,INV-100702,BANK-1-007-02,PARTIAL
SAP_S4HANA_SIM,SAP-P007-03,SAP-C007,2026-07-15,USD,3650.15,INV-100703,BANK-1-007-03,OVERPAYMENT
SAP_S4HANA_SIM,SAP-P007-04,SAP-C007,2026-07-24,USD,7710.11,BULK REMIT,BANK-1-007-04,ONE_PAYMENT_MULTI_INVOICE
SAP_S4HANA_SIM,SAP-P007-05A,SAP-C007,2026-07-18,USD,2086.71,INV-100706,BANK-1-007-05A,MULTI_PAYMENT_ONE_INVOICE
SAP_S4HANA_SIM,SAP-P007-05B,SAP-C007,2026-07-29,USD,2550.43,INV-100706,BANK-1-007-05B,MULTI_PAYMENT_ONE_INVOICE
SAP_S4HANA_SIM,SAP-P007-06,SAP-C007,2026-07-25,USD,4546.19,,BANK-1-007-06,MISSING_REMITTANCE
SAP_S4HANA_SIM,SAP-P007-07,SAP-C007,2026-07-18,USD,5550.5,INV-100708,BANK-1-007-07,CURRENCY_TOLERANCE
SAP_S4HANA_SIM,SAP-P007-08,SAP-C007,2026-07-22,USD,4593.41,INV-100709,BANK-1-007-08,SHORT_PAY_DEDUCTION
SAP_S4HANA_SIM,SAP-P007-09,SAP-C007,2026-07-16,USD,4527.0,UNKNOWN-REFERENCE,BANK-1-007-09,UNMATCHED_CASH
SAP_S4HANA_SIM,SAP-P008-01,SAP-C008,2026-07-23,USD,3239.93,INV-100801,BANK-1-008-01,EXACT
SAP_S4HANA_SIM,SAP-P008-02,SAP-C008,2026-07-29,USD,2397.66,INV-100802,BANK-1-008-02,PARTIAL
SAP_S4HANA_SIM,SAP-P008-03,SAP-C008,2026-07-28,USD,4169.02,INV-100803,BANK-1-008-03,OVERPAYMENT
SAP_S4HANA_SIM,SAP-P008-04,SAP-C008,2026-07-17,USD,8249.68,BULK REMIT,BANK-1-008-04,ONE_PAYMENT_MULTI_INVOICE
SAP_S4HANA_SIM,SAP-P008-05A,SAP-C008,2026-07-14,USD,2031.3,INV-100806,BANK-1-008-05A,MULTI_PAYMENT_ONE_INVOICE
SAP_S4HANA_SIM,SAP-P008-05B,SAP-C008,2026-07-20,USD,2482.7,INV-100806,BANK-1-008-05B,MULTI_PAYMENT_ONE_INVOICE
SAP_S4HANA_SIM,SAP-P008-06,SAP-C008,2026-07-22,USD,4744.79,,BANK-1-008-06,MISSING_REMITTANCE
SAP_S4HANA_SIM,SAP-P008-07,SAP-C008,2026-07-20,USD,5781.47,INV-100808,BANK-1-008-07,CURRENCY_TOLERANCE
SAP_S4HANA_SIM,SAP-P008-08,SAP-C008,2026-07-23,USD,5290.94,INV-100809,BANK-1-008-08,SHORT_PAY_DEDUCTION
SAP_S4HANA_SIM,SAP-P008-09,SAP-C008,2026-07-22,USD,4500.69,UNKNOWN-REFERENCE,BANK-1-008-09,UNMATCHED_CASH
SAP_S4HANA_SIM,SAP-P009-01,SAP-C009,2026-07-30,USD,3465.32,INV-100901,BANK-1-009-01,EXACT
SAP_S4HANA_SIM,SAP-P009-02,SAP-C009,2026-07-13,USD,2466.01,INV-100902,BANK-1-009-02,PARTIAL
SAP_S4HANA_SIM,SAP-P009-03,SAP-C009,2026-07-21,USD,4111.8,INV-100903,BANK-1-009-03,OVERPAYMENT
SAP_S4HANA_SIM,SAP-P009-04,SAP-C009,2026-07-27,USD,9038.61,BULK REMIT,BANK-1-009-04,ONE_PAYMENT_MULTI_INVOICE
SAP_S4HANA_SIM,SAP-P009-05A,SAP-C009,2026-07-26,USD,2018.09,INV-100906,BANK-1-009-05A,MULTI_PAYMENT_ONE_INVOICE
SAP_S4HANA_SIM,SAP-P009-05B,SAP-C009,2026-07-22,USD,2466.55,INV-100906,BANK-1-009-05B,MULTI_PAYMENT_ONE_INVOICE
SAP_S4HANA_SIM,SAP-P009-06,SAP-C009,2026-07-27,USD,5126.6,,BANK-1-009-06,MISSING_REMITTANCE
SAP_S4HANA_SIM,SAP-P009-07,SAP-C009,2026-07-13,USD,5478.61,INV-100908,BANK-1-009-07,CURRENCY_TOLERANCE
SAP_S4HANA_SIM,SAP-P009-08,SAP-C009,2026-07-26,USD,5138.73,INV-100909,BANK-1-009-08,SHORT_PAY_DEDUCTION
SAP_S4HANA_SIM,SAP-P009-09,SAP-C009,2026-07-22,USD,4677.45,UNKNOWN-REFERENCE,BANK-1-009-09,UNMATCHED_CASH
SAP_S4HANA_SIM,SAP-P009-01-DUP,SAP-C009,2026-07-30,USD,3465.32,INV-100901,BANK-1-009-01,DUPLICATE_PAYMENT
SAP_S4HANA_SIM,SAP-P010-01,SAP-C010,2026-07-26,USD,3862.25,INV-101001,BANK-1-010-01,EXACT
SAP_S4HANA_SIM,SAP-P010-02,SAP-C010,2026-07-13,USD,2266.07,INV-101002,BANK-1-010-02,PARTIAL
SAP_S4HANA_SIM,SAP-P010-03,SAP-C010,2026-07-29,USD,4103.78,INV-101003,BANK-1-010-03,OVERPAYMENT
SAP_S4HANA_SIM,SAP-P010-04,SAP-C010,2026-07-19,USD,8571.06,BULK REMIT,BANK-1-010-04,ONE_PAYMENT_MULTI_INVOICE
SAP_S4HANA_SIM,SAP-P010-05A,SAP-C010,2026-07-13,USD,2010.09,INV-101006,BANK-1-010-05A,MULTI_PAYMENT_ONE_INVOICE
SAP_S4HANA_SIM,SAP-P010-05B,SAP-C010,2026-07-26,USD,2456.77,INV-101006,BANK-1-010-05B,MULTI_PAYMENT_ONE_INVOICE
SAP_S4HANA_SIM,SAP-P010-06,SAP-C010,2026-07-17,USD,5186.78,,BANK-1-010-06,MISSING_REMITTANCE
SAP_S4HANA_SIM,SAP-P010-07,SAP-C010,2026-07-21,USD,6097.31,INV-101008,BANK-1-010-07,CURRENCY_TOLERANCE
SAP_S4HANA_SIM,SAP-P010-08,SAP-C010,2026-07-19,USD,5487.86,INV-101009,BANK-1-010-08,SHORT_PAY_DEDUCTION
SAP_S4HANA_SIM,SAP-P010-09,SAP-C010,2026-07-29,USD,4792.4,UNKNOWN-REFERENCE,BANK-1-010-09,UNMATCHED_CASH
SAP_S4HANA_SIM,SAP-P011-01,SAP-C011,2026-07-27,USD,3589.96,INV-101101,BANK-1-011-01,EXACT
SAP_S4HANA_SIM,SAP-P011-02,SAP-C011,2026-07-18,USD,2472.55,INV-101102,BANK-1-011-02,PARTIAL
SAP_S4HANA_SIM,SAP-P011-03,SAP-C011,2026-07-29,USD,4349.46,INV-101103,BANK-1-011-03,OVERPAYMENT
SAP_S4HANA_SIM,SAP-P011-04,SAP-C011,2026-07-15,USD,9642.85,BULK REMIT,BANK-1-011-04,ONE_PAYMENT_MULTI_INVOICE
SAP_S4HANA_SIM,SAP-P011-05A,SAP-C011,2026-07-23,USD,2313.24,INV-101106,BANK-1-011-05A,MULTI_PAYMENT_ONE_INVOICE
SAP_S4HANA_SIM,SAP-P011-05B,SAP-C011,2026-07-24,USD,2827.3,INV-101106,BANK-1-011-05B,MULTI_PAYMENT_ONE_INVOICE
SAP_S4HANA_SIM,SAP-P011-06,SAP-C011,2026-07-16,USD,4801.35,,BANK-1-011-06,MISSING_REMITTANCE
SAP_S4HANA_SIM,SAP-P011-07,SAP-C011,2026-07-23,USD,6205.98,INV-101108,BANK-1-011-07,CURRENCY_TOLERANCE
SAP_S4HANA_SIM,SAP-P011-08,SAP-C011,2026-07-23,USD,5757.57,INV-101109,BANK-1-011-08,SHORT_PAY_DEDUCTION
SAP_S4HANA_SIM,SAP-P011-09,SAP-C011,2026-07-30,USD,4885.32,UNKNOWN-REFERENCE,BANK-1-011-09,UNMATCHED_CASH
SAP_S4HANA_SIM,SAP-P012-01,SAP-C012,2026-07-24,USD,4260.05,INV-101201,BANK-1-012-01,EXACT
SAP_S4HANA_SIM,SAP-P012-02,SAP-C012,2026-07-22,USD,2436.83,INV-101202,BANK-1-012-02,PARTIAL
SAP_S4HANA_SIM,SAP-P012-03,SAP-C012,2026-07-29,USD,4558.58,INV-101203,BANK-1-012-03,OVERPAYMENT
SAP_S4HANA_SIM,SAP-P012-04,SAP-C012,2026-07-17,USD,9705.6,BULK REMIT,BANK-1-012-04,ONE_PAYMENT_MULTI_INVOICE
SAP_S4HANA_SIM,SAP-P012-05A,SAP-C012,2026-07-30,USD,2155.83,INV-101206,BANK-1-012-05A,MULTI_PAYMENT_ONE_INVOICE
SAP_S4HANA_SIM,SAP-P012-05B,SAP-C012,2026-07-14,USD,2634.91,INV-101206,BANK-1-012-05B,MULTI_PAYMENT_ONE_INVOICE
SAP_S4HANA_SIM,SAP-P012-06,SAP-C012,2026-07-13,USD,5046.0,,BANK-1-012-06,MISSING_REMITTANCE
SAP_S4HANA_SIM,SAP-P012-07,SAP-C012,2026-07-24,USD,5675.13,INV-101208,BANK-1-012-07,CURRENCY_TOLERANCE
SAP_S4HANA_SIM,SAP-P012-08,SAP-C012,2026-07-19,USD,5547.19,INV-101209,BANK-1-012-08,SHORT_PAY_DEDUCTION
SAP_S4HANA_SIM,SAP-P012-09,SAP-C012,2026-07-17,USD,5066.73,UNKNOWN-REFERENCE,BANK-1-012-09,UNMATCHED_CASH
SAP_S4HANA_SIM,SAP-P012-01-DUP,SAP-C012,2026-07-24,USD,4260.05,INV-101201,BANK-1-012-01,DUPLICATE_PAYMENT
SAP_S4HANA_SIM,SAP-P013-01,SAP-C013,2026-07-20,USD,4385.61,INV-101301,BANK-1-013-01,EXACT
SAP_S4HANA_SIM,SAP-P013-02,SAP-C013,2026-07-16,USD,2779.82,INV-101302,BANK-1-013-02,PARTIAL
SAP_S4HANA_SIM,SAP-P013-03,SAP-C013,2026-07-16,USD,4555.5,INV-101303,BANK-1-013-03,OVERPAYMENT
SAP_S4HANA_SIM,SAP-P013-04,SAP-C013,2026-07-16,USD,9496.29,BULK REMIT,BANK-1-013-04,ONE_PAYMENT_MULTI_INVOICE
SAP_S4HANA_SIM,SAP-P013-05A,SAP-C013,2026-07-24,USD,2241.58,INV-101306,BANK-1-013-05A,MULTI_PAYMENT_ONE_INVOICE
SAP_S4HANA_SIM,SAP-P013-05B,SAP-C013,2026-07-14,USD,2739.71,INV-101306,BANK-1-013-05B,MULTI_PAYMENT_ONE_INVOICE
SAP_S4HANA_SIM,SAP-P013-06,SAP-C013,2026-07-15,USD,5716.25,,BANK-1-013-06,MISSING_REMITTANCE
SAP_S4HANA_SIM,SAP-P013-07,SAP-C013,2026-07-25,USD,6372.69,INV-101308,BANK-1-013-07,CURRENCY_TOLERANCE
SAP_S4HANA_SIM,SAP-P013-08,SAP-C013,2026-07-28,USD,5810.86,INV-101309,BANK-1-013-08,SHORT_PAY_DEDUCTION
SAP_S4HANA_SIM,SAP-P013-09,SAP-C013,2026-07-21,USD,4959.46,UNKNOWN-REFERENCE,BANK-1-013-09,UNMATCHED_CASH
SAP_S4HANA_SIM,SAP-P014-01,SAP-C014,2026-07-27,USD,4595.4,INV-101401,BANK-1-014-01,EXACT
SAP_S4HANA_SIM,SAP-P014-02,SAP-C014,2026-07-17,USD,2766.58,INV-101402,BANK-1-014-02,PARTIAL
SAP_S4HANA_SIM,SAP-P014-03,SAP-C014,2026-07-23,USD,5040.59,INV-101403,BANK-1-014-03,OVERPAYMENT
SAP_S4HANA_SIM,SAP-P014-04,SAP-C014,2026-07-25,USD,10040.86,BULK REMIT,BANK-1-014-04,ONE_PAYMENT_MULTI_INVOICE
SAP_S4HANA_SIM,SAP-P014-05A,SAP-C014,2026-07-14,USD,2510.47,INV-101406,BANK-1-014-05A,MULTI_PAYMENT_ONE_INVOICE
SAP_S4HANA_SIM,SAP-P014-05B,SAP-C014,2026-07-16,USD,3068.35,INV-101406,BANK-1-014-05B,MULTI_PAYMENT_ONE_INVOICE
SAP_S4HANA_SIM,SAP-P014-06,SAP-C014,2026-07-29,USD,5513.79,,BANK-1-014-06,MISSING_REMITTANCE
SAP_S4HANA_SIM,SAP-P014-07,SAP-C014,2026-07-27,USD,6390.01,INV-101408,BANK-1-014-07,CURRENCY_TOLERANCE
SAP_S4HANA_SIM,SAP-P014-08,SAP-C014,2026-07-16,USD,6004.45,INV-101409,BANK-1-014-08,SHORT_PAY_DEDUCTION
SAP_S4HANA_SIM,SAP-P014-09,SAP-C014,2026-07-26,USD,5069.44,UNKNOWN-REFERENCE,BANK-1-014-09,UNMATCHED_CASH
SAP_S4HANA_SIM,SAP-P015-01,SAP-C015,2026-07-13,USD,4636.5,INV-101501,BANK-1-015-01,EXACT
SAP_S4HANA_SIM,SAP-P015-02,SAP-C015,2026-07-28,USD,2745.43,INV-101502,BANK-1-015-02,PARTIAL
SAP_S4HANA_SIM,SAP-P015-03,SAP-C015,2026-07-26,USD,4925.14,INV-101503,BANK-1-015-03,OVERPAYMENT
SAP_S4HANA_SIM,SAP-P015-04,SAP-C015,2026-07-26,USD,10444.61,BULK REMIT,BANK-1-015-04,ONE_PAYMENT_MULTI_INVOICE
SAP_S4HANA_SIM,SAP-P015-05A,SAP-C015,2026-07-23,USD,2382.33,INV-101506,BANK-1-015-05A,MULTI_PAYMENT_ONE_INVOICE
SAP_S4HANA_SIM,SAP-P015-05B,SAP-C015,2026-07-18,USD,2911.74,INV-101506,BANK-1-015-05B,MULTI_PAYMENT_ONE_INVOICE
SAP_S4HANA_SIM,SAP-P015-06,SAP-C015,2026-07-26,USD,5526.12,,BANK-1-015-06,MISSING_REMITTANCE
SAP_S4HANA_SIM,SAP-P015-07,SAP-C015,2026-07-28,USD,6499.22,INV-101508,BANK-1-015-07,CURRENCY_TOLERANCE
SAP_S4HANA_SIM,SAP-P015-08,SAP-C015,2026-07-17,USD,5821.47,INV-101509,BANK-1-015-08,SHORT_PAY_DEDUCTION
SAP_S4HANA_SIM,SAP-P015-09,SAP-C015,2026-07-17,USD,4995.97,UNKNOWN-REFERENCE,BANK-1-015-09,UNMATCHED_CASH
SAP_S4HANA_SIM,SAP-P015-01-DUP,SAP-C015,2026-07-13,USD,4636.5,INV-101501,BANK-1-015-01,DUPLICATE_PAYMENT
SAP_S4HANA_SIM,SAP-P016-01,SAP-C016,2026-07-22,USD,4347.78,INV-101601,BANK-1-016-01,EXACT
SAP_S4HANA_SIM,SAP-P016-02,SAP-C016,2026-07-17,USD,2811.98,INV-101602,BANK-1-016-02,PARTIAL
SAP_S4HANA_SIM,SAP-P016-03,SAP-C016,2026-07-15,USD,5158.86,INV-101603,BANK-1-016-03,OVERPAYMENT
SAP_S4HANA_SIM,SAP-P016-04,SAP-C016,2026-07-30,USD,10299.65,BULK REMIT,BANK-1-016-04,ONE_PAYMENT_MULTI_INVOICE
SAP_S4HANA_SIM,SAP-P016-05A,SAP-C016,2026-07-18,USD,2367.96,INV-101606,BANK-1-016-05A,MULTI_PAYMENT_ONE_INVOICE
SAP_S4HANA_SIM,SAP-P016-05B,SAP-C016,2026-07-20,USD,2894.17,INV-101606,BANK-1-016-05B,MULTI_PAYMENT_ONE_INVOICE
SAP_S4HANA_SIM,SAP-P016-06,SAP-C016,2026-07-18,USD,5678.03,,BANK-1-016-06,MISSING_REMITTANCE
SAP_S4HANA_SIM,SAP-P016-07,SAP-C016,2026-07-16,USD,6905.71,INV-101608,BANK-1-016-07,CURRENCY_TOLERANCE
SAP_S4HANA_SIM,SAP-P016-08,SAP-C016,2026-07-26,USD,6084.31,INV-101609,BANK-1-016-08,SHORT_PAY_DEDUCTION
SAP_S4HANA_SIM,SAP-P016-09,SAP-C016,2026-07-13,USD,5491.48,UNKNOWN-REFERENCE,BANK-1-016-09,UNMATCHED_CASH
SAP_S4HANA_SIM,SAP-P017-01,SAP-C017,2026-07-28,USD,4789.92,INV-101701,BANK-1-017-01,EXACT
SAP_S4HANA_SIM,SAP-P017-02,SAP-C017,2026-07-29,USD,3094.68,INV-101702,BANK-1-017-02,PARTIAL
SAP_S4HANA_SIM,SAP-P017-03,SAP-C017,2026-07-30,USD,4922.2,INV-101703,BANK-1-017-03,OVERPAYMENT
SAP_S4HANA_SIM,SAP-P017-04,SAP-C017,2026-07-23,USD,10614.94,BULK REMIT,BANK-1-017-04,ONE_PAYMENT_MULTI_INVOICE
SAP_S4HANA_SIM,SAP-P017-05A,SAP-C017,2026-07-24,USD,2704.84,INV-101706,BANK-1-017-05A,MULTI_PAYMENT_ONE_INVOICE
SAP_S4HANA_SIM,SAP-P017-05B,SAP-C017,2026-07-30,USD,3305.91,INV-101706,BANK-1-017-05B,MULTI_PAYMENT_ONE_INVOICE
SAP_S4HANA_SIM,SAP-P017-06,SAP-C017,2026-07-26,USD,6132.41,,BANK-1-017-06,MISSING_REMITTANCE
SAP_S4HANA_SIM,SAP-P017-07,SAP-C017,2026-07-15,USD,6722.66,INV-101708,BANK-1-017-07,CURRENCY_TOLERANCE
SAP_S4HANA_SIM,SAP-P017-08,SAP-C017,2026-07-27,USD,5985.33,INV-101709,BANK-1-017-08,SHORT_PAY_DEDUCTION
SAP_S4HANA_SIM,SAP-P017-09,SAP-C017,2026-07-24,USD,5613.56,UNKNOWN-REFERENCE,BANK-1-017-09,UNMATCHED_CASH
SAP_S4HANA_SIM,SAP-P018-01,SAP-C018,2026-07-27,USD,4901.12,INV-101801,BANK-1-018-01,EXACT
SAP_S4HANA_SIM,SAP-P018-02,SAP-C018,2026-07-29,USD,3114.51,INV-101802,BANK-1-018-02,PARTIAL
SAP_S4HANA_SIM,SAP-P018-03,SAP-C018,2026-07-19,USD,5597.51,INV-101803,BANK-1-018-03,OVERPAYMENT
SAP_S4HANA_SIM,SAP-P018-04,SAP-C018,2026-07-13,USD,11156.89,BULK REMIT,BANK-1-018-04,ONE_PAYMENT_MULTI_INVOICE
SAP_S4HANA_SIM,SAP-P018-05A,SAP-C018,2026-07-17,USD,2702.76,INV-101806,BANK-1-018-05A,MULTI_PAYMENT_ONE_INVOICE
SAP_S4HANA_SIM,SAP-P018-05B,SAP-C018,2026-07-19,USD,3303.38,INV-101806,BANK-1-018-05B,MULTI_PAYMENT_ONE_INVOICE
SAP_S4HANA_SIM,SAP-P018-06,SAP-C018,2026-07-28,USD,6020.66,,BANK-1-018-06,MISSING_REMITTANCE
SAP_S4HANA_SIM,SAP-P018-07,SAP-C018,2026-07-20,USD,6702.13,INV-101808,BANK-1-018-07,CURRENCY_TOLERANCE
SAP_S4HANA_SIM,SAP-P018-08,SAP-C018,2026-07-30,USD,6548.43,INV-101809,BANK-1-018-08,SHORT_PAY_DEDUCTION
SAP_S4HANA_SIM,SAP-P018-09,SAP-C018,2026-07-17,USD,5433.17,UNKNOWN-REFERENCE,BANK-1-018-09,UNMATCHED_CASH
SAP_S4HANA_SIM,SAP-P018-01-DUP,SAP-C018,2026-07-27,USD,4901.12,INV-101801,BANK-1-018-01,DUPLICATE_PAYMENT
ORACLE_FUSION_SIM,ORA-P001-01,ORA-C001,2026-07-24,USD,2802.58,INV-200101,BANK-2-001-01,EXACT
ORACLE_FUSION_SIM,ORA-P001-02,ORA-C001,2026-07-24,USD,1620.91,INV-200102,BANK-2-001-02,PARTIAL
ORACLE_FUSION_SIM,ORA-P001-03,ORA-C001,2026-07-16,USD,3226.53,INV-200103,BANK-2-001-03,OVERPAYMENT
ORACLE_FUSION_SIM,ORA-P001-04,ORA-C001,2026-07-27,USD,6542.73,BULK REMIT,BANK-2-001-04,ONE_PAYMENT_MULTI_INVOICE
ORACLE_FUSION_SIM,ORA-P001-05A,ORA-C001,2026-07-26,USD,1600.82,INV-200106,BANK-2-001-05A,MULTI_PAYMENT_ONE_INVOICE
ORACLE_FUSION_SIM,ORA-P001-05B,ORA-C001,2026-07-30,USD,1956.56,INV-200106,BANK-2-001-05B,MULTI_PAYMENT_ONE_INVOICE
ORACLE_FUSION_SIM,ORA-P001-06,ORA-C001,2026-07-20,USD,3610.45,,BANK-2-001-06,MISSING_REMITTANCE
ORACLE_FUSION_SIM,ORA-P001-07,ORA-C001,2026-07-13,USD,4038.78,INV-200108,BANK-2-001-07,CURRENCY_TOLERANCE
ORACLE_FUSION_SIM,ORA-P001-08,ORA-C001,2026-07-18,USD,4270.48,INV-200109,BANK-2-001-08,SHORT_PAY_DEDUCTION
ORACLE_FUSION_SIM,ORA-P001-09,ORA-C001,2026-07-13,USD,3926.99,UNKNOWN-REFERENCE,BANK-2-001-09,UNMATCHED_CASH
ORACLE_FUSION_SIM,ORA-P002-01,ORA-C002,2026-07-24,USD,2576.72,INV-200201,BANK-2-002-01,EXACT
ORACLE_FUSION_SIM,ORA-P002-02,ORA-C002,2026-07-16,USD,1814.75,INV-200202,BANK-2-002-02,PARTIAL
ORACLE_FUSION_SIM,ORA-P002-03,ORA-C002,2026-07-23,USD,3316.51,INV-200203,BANK-2-002-03,OVERPAYMENT
ORACLE_FUSION_SIM,ORA-P002-04,ORA-C002,2026-07-23,USD,6494.49,BULK REMIT,BANK-2-002-04,ONE_PAYMENT_MULTI_INVOICE
ORACLE_FUSION_SIM,ORA-P002-05A,ORA-C002,2026-07-25,USD,1568.12,INV-200206,BANK-2-002-05A,MULTI_PAYMENT_ONE_INVOICE
ORACLE_FUSION_SIM,ORA-P002-05B,ORA-C002,2026-07-29,USD,1916.6,INV-200206,BANK-2-002-05B,MULTI_PAYMENT_ONE_INVOICE
ORACLE_FUSION_SIM,ORA-P002-06,ORA-C002,2026-07-15,USD,4045.21,,BANK-2-002-06,MISSING_REMITTANCE
ORACLE_FUSION_SIM,ORA-P002-07,ORA-C002,2026-07-25,USD,4527.3,INV-200208,BANK-2-002-07,CURRENCY_TOLERANCE
ORACLE_FUSION_SIM,ORA-P002-08,ORA-C002,2026-07-23,USD,4017.9,INV-200209,BANK-2-002-08,SHORT_PAY_DEDUCTION
ORACLE_FUSION_SIM,ORA-P002-09,ORA-C002,2026-07-21,USD,3654.94,UNKNOWN-REFERENCE,BANK-2-002-09,UNMATCHED_CASH
ORACLE_FUSION_SIM,ORA-P003-01,ORA-C003,2026-07-23,USD,2624.26,INV-200301,BANK-2-003-01,EXACT
ORACLE_FUSION_SIM,ORA-P003-02,ORA-C003,2026-07-17,USD,1817.29,INV-200302,BANK-2-003-02,PARTIAL
ORACLE_FUSION_SIM,ORA-P003-03,ORA-C003,2026-07-19,USD,3243.33,INV-200303,BANK-2-003-03,OVERPAYMENT
ORACLE_FUSION_SIM,ORA-P003-04,ORA-C003,2026-07-15,USD,7239.62,BULK REMIT,BANK-2-003-04,ONE_PAYMENT_MULTI_INVOICE
ORACLE_FUSION_SIM,ORA-P003-05A,ORA-C003,2026-07-14,USD,1795.98,INV-200306,BANK-2-003-05A,MULTI_PAYMENT_ONE_INVOICE
ORACLE_FUSION_SIM,ORA-P003-05B,ORA-C003,2026-07-30,USD,2195.08,INV-200306,BANK-2-003-05B,MULTI_PAYMENT_ONE_INVOICE
ORACLE_FUSION_SIM,ORA-P003-06,ORA-C003,2026-07-25,USD,4348.92,,BANK-2-003-06,MISSING_REMITTANCE
ORACLE_FUSION_SIM,ORA-P003-07,ORA-C003,2026-07-14,USD,5022.67,INV-200308,BANK-2-003-07,CURRENCY_TOLERANCE
ORACLE_FUSION_SIM,ORA-P003-08,ORA-C003,2026-07-17,USD,4245.87,INV-200309,BANK-2-003-08,SHORT_PAY_DEDUCTION
ORACLE_FUSION_SIM,ORA-P003-09,ORA-C003,2026-07-29,USD,3875.96,UNKNOWN-REFERENCE,BANK-2-003-09,UNMATCHED_CASH
ORACLE_FUSION_SIM,ORA-P003-01-DUP,ORA-C003,2026-07-23,USD,2624.26,INV-200301,BANK-2-003-01,DUPLICATE_PAYMENT
ORACLE_FUSION_SIM,ORA-P004-01,ORA-C004,2026-07-21,USD,2913.71,INV-200401,BANK-2-004-01,EXACT
ORACLE_FUSION_SIM,ORA-P004-02,ORA-C004,2026-07-21,USD,1763.59,INV-200402,BANK-2-004-02,PARTIAL
ORACLE_FUSION_SIM,ORA-P004-03,ORA-C004,2026-07-20,USD,3414.08,INV-200403,BANK-2-004-03,OVERPAYMENT
ORACLE_FUSION_SIM,ORA-P004-04,ORA-C004,2026-07-23,USD,7076.86,BULK REMIT,BANK-2-004-04,ONE_PAYMENT_MULTI_INVOICE
ORACLE_FUSION_SIM,ORA-P004-05A,ORA-C004,2026-07-22,USD,1646.64,INV-200406,BANK-2-004-05A,MULTI_PAYMENT_ONE_INVOICE
ORACLE_FUSION_SIM,ORA-P004-05B,ORA-C004,2026-07-20,USD,2012.56,INV-200406,BANK-2-004-05B,MULTI_PAYMENT_ONE_INVOICE
ORACLE_FUSION_SIM,ORA-P004-06,ORA-C004,2026-07-15,USD,3934.71,,BANK-2-004-06,MISSING_REMITTANCE
ORACLE_FUSION_SIM,ORA-P004-07,ORA-C004,2026-07-21,USD,4466.99,INV-200408,BANK-2-004-07,CURRENCY_TOLERANCE
ORACLE_FUSION_SIM,ORA-P004-08,ORA-C004,2026-07-19,USD,4758.88,INV-200409,BANK-2-004-08,SHORT_PAY_DEDUCTION
ORACLE_FUSION_SIM,ORA-P004-09,ORA-C004,2026-07-23,USD,3802.06,UNKNOWN-REFERENCE,BANK-2-004-09,UNMATCHED_CASH
ORACLE_FUSION_SIM,ORA-P005-01,ORA-C005,2026-07-20,USD,2850.0,INV-200501,BANK-2-005-01,EXACT
ORACLE_FUSION_SIM,ORA-P005-02,ORA-C005,2026-07-17,USD,1880.68,INV-200502,BANK-2-005-02,PARTIAL
ORACLE_FUSION_SIM,ORA-P005-03,ORA-C005,2026-07-30,USD,3526.08,INV-200503,BANK-2-005-03,OVERPAYMENT
ORACLE_FUSION_SIM,ORA-P005-04,ORA-C005,2026-07-27,USD,7591.77,BULK REMIT,BANK-2-005-04,ONE_PAYMENT_MULTI_INVOICE
ORACLE_FUSION_SIM,ORA-P005-05A,ORA-C005,2026-07-19,USD,1940.15,INV-200506,BANK-2-005-05A,MULTI_PAYMENT_ONE_INVOICE
ORACLE_FUSION_SIM,ORA-P005-05B,ORA-C005,2026-07-25,USD,2371.29,INV-200506,BANK-2-005-05B,MULTI_PAYMENT_ONE_INVOICE
ORACLE_FUSION_SIM,ORA-P005-06,ORA-C005,2026-07-19,USD,4213.3,,BANK-2-005-06,MISSING_REMITTANCE
ORACLE_FUSION_SIM,ORA-P005-07,ORA-C005,2026-07-28,USD,4684.13,INV-200508,BANK-2-005-07,CURRENCY_TOLERANCE
ORACLE_FUSION_SIM,ORA-P005-08,ORA-C005,2026-07-15,USD,4575.96,INV-200509,BANK-2-005-08,SHORT_PAY_DEDUCTION
ORACLE_FUSION_SIM,ORA-P005-09,ORA-C005,2026-07-25,USD,4291.43,UNKNOWN-REFERENCE,BANK-2-005-09,UNMATCHED_CASH
ORACLE_FUSION_SIM,ORA-P006-01,ORA-C006,2026-07-23,USD,3399.23,INV-200601,BANK-2-006-01,EXACT
ORACLE_FUSION_SIM,ORA-P006-02,ORA-C006,2026-07-19,USD,1863.4,INV-200602,BANK-2-006-02,PARTIAL
ORACLE_FUSION_SIM,ORA-P006-03,ORA-C006,2026-07-24,USD,3394.76,INV-200603,BANK-2-006-03,OVERPAYMENT
ORACLE_FUSION_SIM,ORA-P006-04,ORA-C006,2026-07-29,USD,7267.1,BULK REMIT,BANK-2-006-04,ONE_PAYMENT_MULTI_INVOICE
ORACLE_FUSION_SIM,ORA-P006-05A,ORA-C006,2026-07-17,USD,1878.3,INV-200606,BANK-2-006-05A,MULTI_PAYMENT_ONE_INVOICE
ORACLE_FUSION_SIM,ORA-P006-05B,ORA-C006,2026-07-29,USD,2295.69,INV-200606,BANK-2-006-05B,MULTI_PAYMENT_ONE_INVOICE
ORACLE_FUSION_SIM,ORA-P006-06,ORA-C006,2026-07-13,USD,4655.77,,BANK-2-006-06,MISSING_REMITTANCE
ORACLE_FUSION_SIM,ORA-P006-07,ORA-C006,2026-07-15,USD,5419.98,INV-200608,BANK-2-006-07,CURRENCY_TOLERANCE
ORACLE_FUSION_SIM,ORA-P006-08,ORA-C006,2026-07-19,USD,4449.38,INV-200609,BANK-2-006-08,SHORT_PAY_DEDUCTION
ORACLE_FUSION_SIM,ORA-P006-09,ORA-C006,2026-07-17,USD,4049.88,UNKNOWN-REFERENCE,BANK-2-006-09,UNMATCHED_CASH
ORACLE_FUSION_SIM,ORA-P006-01-DUP,ORA-C006,2026-07-23,USD,3399.23,INV-200601,BANK-2-006-01,DUPLICATE_PAYMENT
ORACLE_FUSION_SIM,ORA-P007-01,ORA-C007,2026-07-15,USD,3434.25,INV-200701,BANK-2-007-01,EXACT
ORACLE_FUSION_SIM,ORA-P007-02,ORA-C007,2026-07-19,USD,2091.28,INV-200702,BANK-2-007-02,PARTIAL
ORACLE_FUSION_SIM,ORA-P007-03,ORA-C007,2026-07-26,USD,3536.63,INV-200703,BANK-2-007-03,OVERPAYMENT
ORACLE_FUSION_SIM,ORA-P007-04,ORA-C007,2026-07-30,USD,8082.62,BULK REMIT,BANK-2-007-04,ONE_PAYMENT_MULTI_INVOICE
ORACLE_FUSION_SIM,ORA-P007-05A,ORA-C007,2026-07-25,USD,2004.63,INV-200706,BANK-2-007-05A,MULTI_PAYMENT_ONE_INVOICE
ORACLE_FUSION_SIM,ORA-P007-05B,ORA-C007,2026-07-25,USD,2450.11,INV-200706,BANK-2-007-05B,MULTI_PAYMENT_ONE_INVOICE
ORACLE_FUSION_SIM,ORA-P007-06,ORA-C007,2026-07-19,USD,4289.57,,BANK-2-007-06,MISSING_REMITTANCE
ORACLE_FUSION_SIM,ORA-P007-07,ORA-C007,2026-07-21,USD,5505.47,INV-200708,BANK-2-007-07,CURRENCY_TOLERANCE
ORACLE_FUSION_SIM,ORA-P007-08,ORA-C007,2026-07-22,USD,4864.7,INV-200709,BANK-2-007-08,SHORT_PAY_DEDUCTION
ORACLE_FUSION_SIM,ORA-P007-09,ORA-C007,2026-07-19,USD,4327.64,UNKNOWN-REFERENCE,BANK-2-007-09,UNMATCHED_CASH
ORACLE_FUSION_SIM,ORA-P008-01,ORA-C008,2026-07-22,USD,3258.36,INV-200801,BANK-2-008-01,EXACT
ORACLE_FUSION_SIM,ORA-P008-02,ORA-C008,2026-07-21,USD,2263.79,INV-200802,BANK-2-008-02,PARTIAL
ORACLE_FUSION_SIM,ORA-P008-03,ORA-C008,2026-07-30,USD,4213.61,INV-200803,BANK-2-008-03,OVERPAYMENT
ORACLE_FUSION_SIM,ORA-P008-04,ORA-C008,2026-07-21,USD,8652.66,BULK REMIT,BANK-2-008-04,ONE_PAYMENT_MULTI_INVOICE
ORACLE_FUSION_SIM,ORA-P008-05A,ORA-C008,2026-07-27,USD,2068.51,INV-200806,BANK-2-008-05A,MULTI_PAYMENT_ONE_INVOICE
ORACLE_FUSION_SIM,ORA-P008-05B,ORA-C008,2026-07-28,USD,2528.17,INV-200806,BANK-2-008-05B,MULTI_PAYMENT_ONE_INVOICE
ORACLE_FUSION_SIM,ORA-P008-06,ORA-C008,2026-07-23,USD,4672.86,,BANK-2-008-06,MISSING_REMITTANCE
ORACLE_FUSION_SIM,ORA-P008-07,ORA-C008,2026-07-28,USD,5415.47,INV-200808,BANK-2-008-07,CURRENCY_TOLERANCE
ORACLE_FUSION_SIM,ORA-P008-08,ORA-C008,2026-07-16,USD,5142.82,INV-200809,BANK-2-008-08,SHORT_PAY_DEDUCTION
ORACLE_FUSION_SIM,ORA-P008-09,ORA-C008,2026-07-16,USD,4310.12,UNKNOWN-REFERENCE,BANK-2-008-09,UNMATCHED_CASH
ORACLE_FUSION_SIM,ORA-P009-01,ORA-C009,2026-07-22,USD,3458.43,INV-200901,BANK-2-009-01,EXACT
ORACLE_FUSION_SIM,ORA-P009-02,ORA-C009,2026-07-21,USD,2429.07,INV-200902,BANK-2-009-02,PARTIAL
ORACLE_FUSION_SIM,ORA-P009-03,ORA-C009,2026-07-26,USD,4130.29,INV-200903,BANK-2-009-03,OVERPAYMENT
ORACLE_FUSION_SIM,ORA-P009-04,ORA-C009,2026-07-28,USD,9275.81,BULK REMIT,BANK-2-009-04,ONE_PAYMENT_MULTI_INVOICE
ORACLE_FUSION_SIM,ORA-P009-05A,ORA-C009,2026-07-24,USD,2046.27,INV-200906,BANK-2-009-05A,MULTI_PAYMENT_ONE_INVOICE
ORACLE_FUSION_SIM,ORA-P009-05B,ORA-C009,2026-07-14,USD,2501.0,INV-200906,BANK-2-009-05B,MULTI_PAYMENT_ONE_INVOICE
ORACLE_FUSION_SIM,ORA-P009-06,ORA-C009,2026-07-18,USD,5205.46,,BANK-2-009-06,MISSING_REMITTANCE
ORACLE_FUSION_SIM,ORA-P009-07,ORA-C009,2026-07-20,USD,5855.4,INV-200908,BANK-2-009-07,CURRENCY_TOLERANCE
ORACLE_FUSION_SIM,ORA-P009-08,ORA-C009,2026-07-16,USD,5052.03,INV-200909,BANK-2-009-08,SHORT_PAY_DEDUCTION
ORACLE_FUSION_SIM,ORA-P009-09,ORA-C009,2026-07-17,USD,4659.33,UNKNOWN-REFERENCE,BANK-2-009-09,UNMATCHED_CASH
ORACLE_FUSION_SIM,ORA-P009-01-DUP,ORA-C009,2026-07-22,USD,3458.43,INV-200901,BANK-2-009-01,DUPLICATE_PAYMENT
ORACLE_FUSION_SIM,ORA-P010-01,ORA-C010,2026-07-21,USD,3564.93,INV-201001,BANK-2-010-01,EXACT
ORACLE_FUSION_SIM,ORA-P010-02,ORA-C010,2026-07-22,USD,2368.16,INV-201002,BANK-2-010-02,PARTIAL
ORACLE_FUSION_SIM,ORA-P010-03,ORA-C010,2026-07-25,USD,4423.61,INV-201003,BANK-2-010-03,OVERPAYMENT
ORACLE_FUSION_SIM,ORA-P010-04,ORA-C010,2026-07-30,USD,9227.96,BULK REMIT,BANK-2-010-04,ONE_PAYMENT_MULTI_INVOICE
ORACLE_FUSION_SIM,ORA-P010-05A,ORA-C010,2026-07-19,USD,2133.1,INV-201006,BANK-2-010-05A,MULTI_PAYMENT_ONE_INVOICE
ORACLE_FUSION_SIM,ORA-P010-05B,ORA-C010,2026-07-15,USD,2607.12,INV-201006,BANK-2-010-05B,MULTI_PAYMENT_ONE_INVOICE
ORACLE_FUSION_SIM,ORA-P010-06,ORA-C010,2026-07-16,USD,5134.84,,BANK-2-010-06,MISSING_REMITTANCE
ORACLE_FUSION_SIM,ORA-P010-07,ORA-C010,2026-07-29,USD,5546.03,INV-201008,BANK-2-010-07,CURRENCY_TOLERANCE
ORACLE_FUSION_SIM,ORA-P010-08,ORA-C010,2026-07-27,USD,5461.46,INV-201009,BANK-2-010-08,SHORT_PAY_DEDUCTION
ORACLE_FUSION_SIM,ORA-P010-09,ORA-C010,2026-07-26,USD,4734.78,UNKNOWN-REFERENCE,BANK-2-010-09,UNMATCHED_CASH
ORACLE_FUSION_SIM,ORA-P011-01,ORA-C011,2026-07-27,USD,3617.1,INV-201101,BANK-2-011-01,EXACT
ORACLE_FUSION_SIM,ORA-P011-02,ORA-C011,2026-07-20,USD,2358.68,INV-201102,BANK-2-011-02,PARTIAL
ORACLE_FUSION_SIM,ORA-P011-03,ORA-C011,2026-07-20,USD,4437.83,INV-201103,BANK-2-011-03,OVERPAYMENT
ORACLE_FUSION_SIM,ORA-P011-04,ORA-C011,2026-07-19,USD,9069.24,BULK REMIT,BANK-2-011-04,ONE_PAYMENT_MULTI_INVOICE
ORACLE_FUSION_SIM,ORA-P011-05A,ORA-C011,2026-07-25,USD,2208.41,INV-201106,BANK-2-011-05A,MULTI_PAYMENT_ONE_INVOICE
ORACLE_FUSION_SIM,ORA-P011-05B,ORA-C011,2026-07-17,USD,2699.16,INV-201106,BANK-2-011-05B,MULTI_PAYMENT_ONE_INVOICE
ORACLE_FUSION_SIM,ORA-P011-06,ORA-C011,2026-07-21,USD,4879.29,,BANK-2-011-06,MISSING_REMITTANCE
ORACLE_FUSION_SIM,ORA-P011-07,ORA-C011,2026-07-20,USD,5731.85,INV-201108,BANK-2-011-07,CURRENCY_TOLERANCE
ORACLE_FUSION_SIM,ORA-P011-08,ORA-C011,2026-07-20,USD,5742.17,INV-201109,BANK-2-011-08,SHORT_PAY_DEDUCTION
ORACLE_FUSION_SIM,ORA-P011-09,ORA-C011,2026-07-25,USD,4898.66,UNKNOWN-REFERENCE,BANK-2-011-09,UNMATCHED_CASH
ORACLE_FUSION_SIM,ORA-P012-01,ORA-C012,2026-07-27,USD,3796.74,INV-201201,BANK-2-012-01,EXACT
ORACLE_FUSION_SIM,ORA-P012-02,ORA-C012,2026-07-19,USD,2555.8,INV-201202,BANK-2-012-02,PARTIAL
ORACLE_FUSION_SIM,ORA-P012-03,ORA-C012,2026-07-15,USD,4743.7,INV-201203,BANK-2-012-03,OVERPAYMENT
ORACLE_FUSION_SIM,ORA-P012-04,ORA-C012,2026-07-30,USD,9363.34,BULK REMIT,BANK-2-012-04,ONE_PAYMENT_MULTI_INVOICE
ORACLE_FUSION_SIM,ORA-P012-05A,ORA-C012,2026-07-16,USD,2156.11,INV-201206,BANK-2-012-05A,MULTI_PAYMENT_ONE_INVOICE
ORACLE_FUSION_SIM,ORA-P012-05B,ORA-C012,2026-07-25,USD,2635.24,INV-201206,BANK-2-012-05B,MULTI_PAYMENT_ONE_INVOICE
ORACLE_FUSION_SIM,ORA-P012-06,ORA-C012,2026-07-29,USD,5230.75,,BANK-2-012-06,MISSING_REMITTANCE
ORACLE_FUSION_SIM,ORA-P012-07,ORA-C012,2026-07-14,USD,6344.91,INV-201208,BANK-2-012-07,CURRENCY_TOLERANCE
ORACLE_FUSION_SIM,ORA-P012-08,ORA-C012,2026-07-23,USD,5381.47,INV-201209,BANK-2-012-08,SHORT_PAY_DEDUCTION
ORACLE_FUSION_SIM,ORA-P012-09,ORA-C012,2026-07-23,USD,5093.57,UNKNOWN-REFERENCE,BANK-2-012-09,UNMATCHED_CASH
ORACLE_FUSION_SIM,ORA-P012-01-DUP,ORA-C012,2026-07-27,USD,3796.74,INV-201201,BANK-2-012-01,DUPLICATE_PAYMENT
ORACLE_FUSION_SIM,ORA-P013-01,ORA-C013,2026-07-28,USD,4153.99,INV-201301,BANK-2-013-01,EXACT
ORACLE_FUSION_SIM,ORA-P013-02,ORA-C013,2026-07-18,USD,2808.67,INV-201302,BANK-2-013-02,PARTIAL
ORACLE_FUSION_SIM,ORA-P013-03,ORA-C013,2026-07-16,USD,4604.95,INV-201303,BANK-2-013-03,OVERPAYMENT
ORACLE_FUSION_SIM,ORA-P013-04,ORA-C013,2026-07-13,USD,9274.79,BULK REMIT,BANK-2-013-04,ONE_PAYMENT_MULTI_INVOICE
ORACLE_FUSION_SIM,ORA-P013-05A,ORA-C013,2026-07-19,USD,2297.67,INV-201306,BANK-2-013-05A,MULTI_PAYMENT_ONE_INVOICE
ORACLE_FUSION_SIM,ORA-P013-05B,ORA-C013,2026-07-15,USD,2808.27,INV-201306,BANK-2-013-05B,MULTI_PAYMENT_ONE_INVOICE
ORACLE_FUSION_SIM,ORA-P013-06,ORA-C013,2026-07-23,USD,5540.72,,BANK-2-013-06,MISSING_REMITTANCE
ORACLE_FUSION_SIM,ORA-P013-07,ORA-C013,2026-07-27,USD,6530.05,INV-201308,BANK-2-013-07,CURRENCY_TOLERANCE
ORACLE_FUSION_SIM,ORA-P013-08,ORA-C013,2026-07-24,USD,5876.81,INV-201309,BANK-2-013-08,SHORT_PAY_DEDUCTION
ORACLE_FUSION_SIM,ORA-P013-09,ORA-C013,2026-07-30,USD,5128.78,UNKNOWN-REFERENCE,BANK-2-013-09,UNMATCHED_CASH
ORACLE_FUSION_SIM,ORA-P014-01,ORA-C014,2026-07-18,USD,4458.92,INV-201401,BANK-2-014-01,EXACT
ORACLE_FUSION_SIM,ORA-P014-02,ORA-C014,2026-07-28,USD,2827.17,INV-201402,BANK-2-014-02,PARTIAL
ORACLE_FUSION_SIM,ORA-P014-03,ORA-C014,2026-07-25,USD,4710.52,INV-201403,BANK-2-014-03,OVERPAYMENT
ORACLE_FUSION_SIM,ORA-P014-04,ORA-C014,2026-07-23,USD,9960.37,BULK REMIT,BANK-2-014-04,ONE_PAYMENT_MULTI_INVOICE
ORACLE_FUSION_SIM,ORA-P014-05A,ORA-C014,2026-07-17,USD,2439.34,INV-201406,BANK-2-014-05A,MULTI_PAYMENT_ONE_INVOICE
ORACLE_FUSION_SIM,ORA-P014-05B,ORA-C014,2026-07-28,USD,2981.41,INV-201406,BANK-2-014-05B,MULTI_PAYMENT_ONE_INVOICE
ORACLE_FUSION_SIM,ORA-P014-06,ORA-C014,2026-07-20,USD,5249.03,,BANK-2-014-06,MISSING_REMITTANCE
ORACLE_FUSION_SIM,ORA-P014-07,ORA-C014,2026-07-18,USD,6462.01,INV-201408,BANK-2-014-07,CURRENCY_TOLERANCE
ORACLE_FUSION_SIM,ORA-P014-08,ORA-C014,2026-07-27,USD,5742.99,INV-201409,BANK-2-014-08,SHORT_PAY_DEDUCTION
ORACLE_FUSION_SIM,ORA-P014-09,ORA-C014,2026-07-24,USD,5205.16,UNKNOWN-REFERENCE,BANK-2-014-09,UNMATCHED_CASH
ORACLE_FUSION_SIM,ORA-P015-01,ORA-C015,2026-07-24,USD,4410.0,INV-201501,BANK-2-015-01,EXACT
ORACLE_FUSION_SIM,ORA-P015-02,ORA-C015,2026-07-27,USD,2633.12,INV-201502,BANK-2-015-02,PARTIAL
ORACLE_FUSION_SIM,ORA-P015-03,ORA-C015,2026-07-17,USD,4699.76,INV-201503,BANK-2-015-03,OVERPAYMENT
ORACLE_FUSION_SIM,ORA-P015-04,ORA-C015,2026-07-16,USD,10331.16,BULK REMIT,BANK-2-015-04,ONE_PAYMENT_MULTI_INVOICE
ORACLE_FUSION_SIM,ORA-P015-05A,ORA-C015,2026-07-13,USD,2391.24,INV-201506,BANK-2-015-05A,MULTI_PAYMENT_ONE_INVOICE
ORACLE_FUSION_SIM,ORA-P015-05B,ORA-C015,2026-07-28,USD,2922.63,INV-201506,BANK-2-015-05B,MULTI_PAYMENT_ONE_INVOICE
ORACLE_FUSION_SIM,ORA-P015-06,ORA-C015,2026-07-29,USD,5484.66,,BANK-2-015-06,MISSING_REMITTANCE
ORACLE_FUSION_SIM,ORA-P015-07,ORA-C015,2026-07-25,USD,6529.41,INV-201508,BANK-2-015-07,CURRENCY_TOLERANCE
ORACLE_FUSION_SIM,ORA-P015-08,ORA-C015,2026-07-24,USD,5847.88,INV-201509,BANK-2-015-08,SHORT_PAY_DEDUCTION
ORACLE_FUSION_SIM,ORA-P015-09,ORA-C015,2026-07-22,USD,5441.98,UNKNOWN-REFERENCE,BANK-2-015-09,UNMATCHED_CASH
ORACLE_FUSION_SIM,ORA-P015-01-DUP,ORA-C015,2026-07-24,USD,4410.0,INV-201501,BANK-2-015-01,DUPLICATE_PAYMENT
ORACLE_FUSION_SIM,ORA-P016-01,ORA-C016,2026-07-25,USD,4360.93,INV-201601,BANK-2-016-01,EXACT
ORACLE_FUSION_SIM,ORA-P016-02,ORA-C016,2026-07-13,USD,2771.44,INV-201602,BANK-2-016-02,PARTIAL
ORACLE_FUSION_SIM,ORA-P016-03,ORA-C016,2026-07-22,USD,5306.12,INV-201603,BANK-2-016-03,OVERPAYMENT
ORACLE_FUSION_SIM,ORA-P016-04,ORA-C016,2026-07-21,USD,10146.41,BULK REMIT,BANK-2-016-04,ONE_PAYMENT_MULTI_INVOICE
ORACLE_FUSION_SIM,ORA-P016-05A,ORA-C016,2026-07-16,USD,2476.18,INV-201606,BANK-2-016-05A,MULTI_PAYMENT_ONE_INVOICE
ORACLE_FUSION_SIM,ORA-P016-05B,ORA-C016,2026-07-13,USD,3026.44,INV-201606,BANK-2-016-05B,MULTI_PAYMENT_ONE_INVOICE
ORACLE_FUSION_SIM,ORA-P016-06,ORA-C016,2026-07-23,USD,5706.17,,BANK-2-016-06,MISSING_REMITTANCE
ORACLE_FUSION_SIM,ORA-P016-07,ORA-C016,2026-07-26,USD,6529.87,INV-201608,BANK-2-016-07,CURRENCY_TOLERANCE
ORACLE_FUSION_SIM,ORA-P016-08,ORA-C016,2026-07-16,USD,6171.31,INV-201609,BANK-2-016-08,SHORT_PAY_DEDUCTION
ORACLE_FUSION_SIM,ORA-P016-09,ORA-C016,2026-07-13,USD,5218.95,UNKNOWN-REFERENCE,BANK-2-016-09,UNMATCHED_CASH
ORACLE_FUSION_SIM,ORA-P017-01,ORA-C017,2026-07-17,USD,4588.06,INV-201701,BANK-2-017-01,EXACT
ORACLE_FUSION_SIM,ORA-P017-02,ORA-C017,2026-07-28,USD,2980.21,INV-201702,BANK-2-017-02,PARTIAL
ORACLE_FUSION_SIM,ORA-P017-03,ORA-C017,2026-07-23,USD,5009.42,INV-201703,BANK-2-017-03,OVERPAYMENT
ORACLE_FUSION_SIM,ORA-P017-04,ORA-C017,2026-07-19,USD,10769.64,BULK REMIT,BANK-2-017-04,ONE_PAYMENT_MULTI_INVOICE
ORACLE_FUSION_SIM,ORA-P017-05A,ORA-C017,2026-07-25,USD,2620.39,INV-201706,BANK-2-017-05A,MULTI_PAYMENT_ONE_INVOICE
ORACLE_FUSION_SIM,ORA-P017-05B,ORA-C017,2026-07-13,USD,3202.7,INV-201706,BANK-2-017-05B,MULTI_PAYMENT_ONE_INVOICE
ORACLE_FUSION_SIM,ORA-P017-06,ORA-C017,2026-07-19,USD,6249.83,,BANK-2-017-06,MISSING_REMITTANCE
ORACLE_FUSION_SIM,ORA-P017-07,ORA-C017,2026-07-20,USD,7144.3,INV-201708,BANK-2-017-07,CURRENCY_TOLERANCE
ORACLE_FUSION_SIM,ORA-P017-08,ORA-C017,2026-07-25,USD,6213.69,INV-201709,BANK-2-017-08,SHORT_PAY_DEDUCTION
ORACLE_FUSION_SIM,ORA-P017-09,ORA-C017,2026-07-13,USD,5628.68,UNKNOWN-REFERENCE,BANK-2-017-09,UNMATCHED_CASH
ORACLE_FUSION_SIM,ORA-P018-01,ORA-C018,2026-07-13,USD,4723.2,INV-201801,BANK-2-018-01,EXACT
ORACLE_FUSION_SIM,ORA-P018-02,ORA-C018,2026-07-30,USD,3065.27,INV-201802,BANK-2-018-02,PARTIAL
ORACLE_FUSION_SIM,ORA-P018-03,ORA-C018,2026-07-18,USD,5565.31,INV-201803,BANK-2-018-03,OVERPAYMENT
ORACLE_FUSION_SIM,ORA-P018-04,ORA-C018,2026-07-22,USD,11146.89,BULK REMIT,BANK-2-018-04,ONE_PAYMENT_MULTI_INVOICE
ORACLE_FUSION_SIM,ORA-P018-05A,ORA-C018,2026-07-27,USD,2576.68,INV-201806,BANK-2-018-05A,MULTI_PAYMENT_ONE_INVOICE
ORACLE_FUSION_SIM,ORA-P018-05B,ORA-C018,2026-07-17,USD,3149.27,INV-201806,BANK-2-018-05B,MULTI_PAYMENT_ONE_INVOICE
ORACLE_FUSION_SIM,ORA-P018-06,ORA-C018,2026-07-27,USD,6311.0,,BANK-2-018-06,MISSING_REMITTANCE
ORACLE_FUSION_SIM,ORA-P018-07,ORA-C018,2026-07-24,USD,7222.82,INV-201808,BANK-2-018-07,CURRENCY_TOLERANCE
ORACLE_FUSION_SIM,ORA-P018-08,ORA-C018,2026-07-18,USD,6657.92,INV-201809,BANK-2-018-08,SHORT_PAY_DEDUCTION
ORACLE_FUSION_SIM,ORA-P018-09,ORA-C018,2026-07-16,USD,5579.33,UNKNOWN-REFERENCE,BANK-2-018-09,UNMATCHED_CASH
ORACLE_FUSION_SIM,ORA-P018-01-DUP,ORA-C018,2026-07-13,USD,4723.2,INV-201801,BANK-2-018-01,DUPLICATE_PAYMENT
NETSUITE_SIM,NET-P001-01,NET-C001,2026-07-21,USD,2218.93,INV-300101,BANK-3-001-01,EXACT
NETSUITE_SIM,NET-P001-02,NET-C001,2026-07-18,USD,1592.35,INV-300102,BANK-3-001-02,PARTIAL
NETSUITE_SIM,NET-P001-03,NET-C001,2026-07-14,USD,3178.5,INV-300103,BANK-3-001-03,OVERPAYMENT
NETSUITE_SIM,NET-P001-04,NET-C001,2026-07-27,USD,6699.84,BULK REMIT,BANK-3-001-04,ONE_PAYMENT_MULTI_INVOICE
NETSUITE_SIM,NET-P001-05A,NET-C001,2026-07-21,USD,1710.12,INV-300106,BANK-3-001-05A,MULTI_PAYMENT_ONE_INVOICE
NETSUITE_SIM,NET-P001-05B,NET-C001,2026-07-29,USD,2090.14,INV-300106,BANK-3-001-05B,MULTI_PAYMENT_ONE_INVOICE
NETSUITE_SIM,NET-P001-06,NET-C001,2026-07-13,USD,3656.69,,BANK-3-001-06,MISSING_REMITTANCE
NETSUITE_SIM,NET-P001-07,NET-C001,2026-07-16,USD,4724.49,INV-300108,BANK-3-001-07,CURRENCY_TOLERANCE
NETSUITE_SIM,NET-P001-08,NET-C001,2026-07-24,USD,4139.06,INV-300109,BANK-3-001-08,SHORT_PAY_DEDUCTION
NETSUITE_SIM,NET-P001-09,NET-C001,2026-07-14,USD,3445.84,UNKNOWN-REFERENCE,BANK-3-001-09,UNMATCHED_CASH
NETSUITE_SIM,NET-P002-01,NET-C002,2026-07-28,USD,2617.96,INV-300201,BANK-3-002-01,EXACT
NETSUITE_SIM,NET-P002-02,NET-C002,2026-07-15,USD,1567.23,INV-300202,BANK-3-002-02,PARTIAL
NETSUITE_SIM,NET-P002-03,NET-C002,2026-07-17,USD,2902.6,INV-300203,BANK-3-002-03,OVERPAYMENT
NETSUITE_SIM,NET-P002-04,NET-C002,2026-07-18,USD,6686.02,BULK REMIT,BANK-3-002-04,ONE_PAYMENT_MULTI_INVOICE
NETSUITE_SIM,NET-P002-05A,NET-C002,2026-07-26,USD,1789.55,INV-300206,BANK-3-002-05A,MULTI_PAYMENT_ONE_INVOICE
NETSUITE_SIM,NET-P002-05B,NET-C002,2026-07-16,USD,2187.23,INV-300206,BANK-3-002-05B,MULTI_PAYMENT_ONE_INVOICE
NETSUITE_SIM,NET-P002-06,NET-C002,2026-07-28,USD,3704.22,,BANK-3-002-06,MISSING_REMITTANCE
NETSUITE_SIM,NET-P002-07,NET-C002,2026-07-30,USD,4572.95,INV-300208,BANK-3-002-07,CURRENCY_TOLERANCE
NETSUITE_SIM,NET-P002-08,NET-C002,2026-07-14,USD,4318.32,INV-300209,BANK-3-002-08,SHORT_PAY_DEDUCTION
NETSUITE_SIM,NET-P002-09,NET-C002,2026-07-14,USD,3968.03,UNKNOWN-REFERENCE,BANK-3-002-09,UNMATCHED_CASH
NETSUITE_SIM,NET-P003-01,NET-C003,2026-07-20,USD,2858.33,INV-300301,BANK-3-003-01,EXACT
NETSUITE_SIM,NET-P003-02,NET-C003,2026-07-15,USD,1987.52,INV-300302,BANK-3-003-02,PARTIAL
NETSUITE_SIM,NET-P003-03,NET-C003,2026-07-21,USD,3612.74,INV-300303,BANK-3-003-03,OVERPAYMENT
NETSUITE_SIM,NET-P003-04,NET-C003,2026-07-15,USD,7277.83,BULK REMIT,BANK-3-003-04,ONE_PAYMENT_MULTI_INVOICE
NETSUITE_SIM,NET-P003-05A,NET-C003,2026-07-18,USD,1839.58,INV-300306,BANK-3-003-05A,MULTI_PAYMENT_ONE_INVOICE
NETSUITE_SIM,NET-P003-05B,NET-C003,2026-07-27,USD,2248.38,INV-300306,BANK-3-003-05B,MULTI_PAYMENT_ONE_INVOICE
NETSUITE_SIM,NET-P003-06,NET-C003,2026-07-14,USD,3726.37,,BANK-3-003-06,MISSING_REMITTANCE
NETSUITE_SIM,NET-P003-07,NET-C003,2026-07-19,USD,4428.75,INV-300308,BANK-3-003-07,CURRENCY_TOLERANCE
NETSUITE_SIM,NET-P003-08,NET-C003,2026-07-13,USD,4460.18,INV-300309,BANK-3-003-08,SHORT_PAY_DEDUCTION
NETSUITE_SIM,NET-P003-09,NET-C003,2026-07-29,USD,4084.2,UNKNOWN-REFERENCE,BANK-3-003-09,UNMATCHED_CASH
NETSUITE_SIM,NET-P003-01-DUP,NET-C003,2026-07-20,USD,2858.33,INV-300301,BANK-3-003-01,DUPLICATE_PAYMENT
NETSUITE_SIM,NET-P004-01,NET-C004,2026-07-25,USD,2562.99,INV-300401,BANK-3-004-01,EXACT
NETSUITE_SIM,NET-P004-02,NET-C004,2026-07-15,USD,1977.43,INV-300402,BANK-3-004-02,PARTIAL
NETSUITE_SIM,NET-P004-03,NET-C004,2026-07-14,USD,3227.79,INV-300403,BANK-3-004-03,OVERPAYMENT
NETSUITE_SIM,NET-P004-04,NET-C004,2026-07-18,USD,7041.38,BULK REMIT,BANK-3-004-04,ONE_PAYMENT_MULTI_INVOICE
NETSUITE_SIM,NET-P004-05A,NET-C004,2026-07-29,USD,1868.92,INV-300406,BANK-3-004-05A,MULTI_PAYMENT_ONE_INVOICE
NETSUITE_SIM,NET-P004-05B,NET-C004,2026-07-14,USD,2284.23,INV-300406,BANK-3-004-05B,MULTI_PAYMENT_ONE_INVOICE
NETSUITE_SIM,NET-P004-06,NET-C004,2026-07-23,USD,3833.98,,BANK-3-004-06,MISSING_REMITTANCE
NETSUITE_SIM,NET-P004-07,NET-C004,2026-07-19,USD,4793.37,INV-300408,BANK-3-004-07,CURRENCY_TOLERANCE
NETSUITE_SIM,NET-P004-08,NET-C004,2026-07-14,USD,4222.12,INV-300409,BANK-3-004-08,SHORT_PAY_DEDUCTION
NETSUITE_SIM,NET-P004-09,NET-C004,2026-07-24,USD,4172.55,UNKNOWN-REFERENCE,BANK-3-004-09,UNMATCHED_CASH
NETSUITE_SIM,NET-P005-01,NET-C005,2026-07-21,USD,2779.25,INV-300501,BANK-3-005-01,EXACT
NETSUITE_SIM,NET-P005-02,NET-C005,2026-07-13,USD,1920.15,INV-300502,BANK-3-005-02,PARTIAL
NETSUITE_SIM,NET-P005-03,NET-C005,2026-07-23,USD,3846.11,INV-300503,BANK-3-005-03,OVERPAYMENT
NETSUITE_SIM,NET-P005-04,NET-C005,2026-07-13,USD,7618.3,BULK REMIT,BANK-3-005-04,ONE_PAYMENT_MULTI_INVOICE
NETSUITE_SIM,NET-P005-05A,NET-C005,2026-07-16,USD,1814.55,INV-300506,BANK-3-005-05A,MULTI_PAYMENT_ONE_INVOICE
NETSUITE_SIM,NET-P005-05B,NET-C005,2026-07-29,USD,2217.78,INV-300506,BANK-3-005-05B,MULTI_PAYMENT_ONE_INVOICE
NETSUITE_SIM,NET-P005-06,NET-C005,2026-07-18,USD,3987.44,,BANK-3-005-06,MISSING_REMITTANCE
NETSUITE_SIM,NET-P005-07,NET-C005,2026-07-15,USD,5098.21,INV-300508,BANK-3-005-07,CURRENCY_TOLERANCE
NETSUITE_SIM,NET-P005-08,NET-C005,2026-07-21,USD,4695.73,INV-300509,BANK-3-005-08,SHORT_PAY_DEDUCTION
NETSUITE_SIM,NET-P005-09,NET-C005,2026-07-19,USD,4257.53,UNKNOWN-REFERENCE,BANK-3-005-09,UNMATCHED_CASH
NETSUITE_SIM,NET-P006-01,NET-C006,2026-07-26,USD,3275.16,INV-300601,BANK-3-006-01,EXACT
NETSUITE_SIM,NET-P006-02,NET-C006,2026-07-29,USD,2122.65,INV-300602,BANK-3-006-02,PARTIAL
NETSUITE_SIM,NET-P006-03,NET-C006,2026-07-21,USD,3710.88,INV-300603,BANK-3-006-03,OVERPAYMENT
NETSUITE_SIM,NET-P006-04,NET-C006,2026-07-25,USD,7745.01,BULK REMIT,BANK-3-006-04,ONE_PAYMENT_MULTI_INVOICE
NETSUITE_SIM,NET-P006-05A,NET-C006,2026-07-14,USD,2008.95,INV-300606,BANK-3-006-05A,MULTI_PAYMENT_ONE_INVOICE
NETSUITE_SIM,NET-P006-05B,NET-C006,2026-07-15,USD,2455.39,INV-300606,BANK-3-006-05B,MULTI_PAYMENT_ONE_INVOICE
NETSUITE_SIM,NET-P006-06,NET-C006,2026-07-28,USD,4210.83,,BANK-3-006-06,MISSING_REMITTANCE
NETSUITE_SIM,NET-P006-07,NET-C006,2026-07-28,USD,4792.99,INV-300608,BANK-3-006-07,CURRENCY_TOLERANCE
NETSUITE_SIM,NET-P006-08,NET-C006,2026-07-27,USD,4528.02,INV-300609,BANK-3-006-08,SHORT_PAY_DEDUCTION
NETSUITE_SIM,NET-P006-09,NET-C006,2026-07-20,USD,4441.77,UNKNOWN-REFERENCE,BANK-3-006-09,UNMATCHED_CASH
NETSUITE_SIM,NET-P006-01-DUP,NET-C006,2026-07-26,USD,3275.16,INV-300601,BANK-3-006-01,DUPLICATE_PAYMENT
NETSUITE_SIM,NET-P007-01,NET-C007,2026-07-21,USD,3052.25,INV-300701,BANK-3-007-01,EXACT
NETSUITE_SIM,NET-P007-02,NET-C007,2026-07-27,USD,2304.09,INV-300702,BANK-3-007-02,PARTIAL
NETSUITE_SIM,NET-P007-03,NET-C007,2026-07-13,USD,3702.74,INV-300703,BANK-3-007-03,OVERPAYMENT
NETSUITE_SIM,NET-P007-04,NET-C007,2026-07-23,USD,8276.11,BULK REMIT,BANK-3-007-04,ONE_PAYMENT_MULTI_INVOICE
NETSUITE_SIM,NET-P007-05A,NET-C007,2026-07-28,USD,1889.89,INV-300706,BANK-3-007-05A,MULTI_PAYMENT_ONE_INVOICE
NETSUITE_SIM,NET-P007-05B,NET-C007,2026-07-30,USD,2309.86,INV-300706,BANK-3-007-05B,MULTI_PAYMENT_ONE_INVOICE
NETSUITE_SIM,NET-P007-06,NET-C007,2026-07-17,USD,4352.99,,BANK-3-007-06,MISSING_REMITTANCE
NETSUITE_SIM,NET-P007-07,NET-C007,2026-07-23,USD,5106.22,INV-300708,BANK-3-007-07,CURRENCY_TOLERANCE
NETSUITE_SIM,NET-P007-08,NET-C007,2026-07-23,USD,5218.3,INV-300709,BANK-3-007-08,SHORT_PAY_DEDUCTION
NETSUITE_SIM,NET-P007-09,NET-C007,2026-07-27,USD,4057.09,UNKNOWN-REFERENCE,BANK-3-007-09,UNMATCHED_CASH
NETSUITE_SIM,NET-P008-01,NET-C008,2026-07-28,USD,3244.78,INV-300801,BANK-3-008-01,EXACT
NETSUITE_SIM,NET-P008-02,NET-C008,2026-07-19,USD,2366.99,INV-300802,BANK-3-008-02,PARTIAL
NETSUITE_SIM,NET-P008-03,NET-C008,2026-07-16,USD,3809.66,INV-300803,BANK-3-008-03,OVERPAYMENT
NETSUITE_SIM,NET-P008-04,NET-C008,2026-07-28,USD,8015.76,BULK REMIT,BANK-3-008-04,ONE_PAYMENT_MULTI_INVOICE
NETSUITE_SIM,NET-P008-05A,NET-C008,2026-07-30,USD,2171.82,INV-300806,BANK-3-008-05A,MULTI_PAYMENT_ONE_INVOICE
NETSUITE_SIM,NET-P008-05B,NET-C008,2026-07-23,USD,2654.45,INV-300806,BANK-3-008-05B,MULTI_PAYMENT_ONE_INVOICE
NETSUITE_SIM,NET-P008-06,NET-C008,2026-07-23,USD,4539.4,,BANK-3-008-06,MISSING_REMITTANCE
NETSUITE_SIM,NET-P008-07,NET-C008,2026-07-26,USD,5433.52,INV-300808,BANK-3-008-07,CURRENCY_TOLERANCE
NETSUITE_SIM,NET-P008-08,NET-C008,2026-07-15,USD,5185.67,INV-300809,BANK-3-008-08,SHORT_PAY_DEDUCTION
NETSUITE_SIM,NET-P008-09,NET-C008,2026-07-26,USD,4378.67,UNKNOWN-REFERENCE,BANK-3-008-09,UNMATCHED_CASH
NETSUITE_SIM,NET-P009-01,NET-C009,2026-07-30,USD,3491.95,INV-300901,BANK-3-009-01,EXACT
NETSUITE_SIM,NET-P009-02,NET-C009,2026-07-18,USD,2329.64,INV-300902,BANK-3-009-02,PARTIAL
NETSUITE_SIM,NET-P009-03,NET-C009,2026-07-19,USD,4073.1,INV-300903,BANK-3-009-03,OVERPAYMENT
NETSUITE_SIM,NET-P009-04,NET-C009,2026-07-18,USD,8686.09,BULK REMIT,BANK-3-009-04,ONE_PAYMENT_MULTI_INVOICE
NETSUITE_SIM,NET-P009-05A,NET-C009,2026-07-26,USD,2239.13,INV-300906,BANK-3-009-05A,MULTI_PAYMENT_ONE_INVOICE
NETSUITE_SIM,NET-P009-05B,NET-C009,2026-07-23,USD,2736.72,INV-300906,BANK-3-009-05B,MULTI_PAYMENT_ONE_INVOICE
NETSUITE_SIM,NET-P009-06,NET-C009,2026-07-22,USD,4966.68,,BANK-3-009-06,MISSING_REMITTANCE
NETSUITE_SIM,NET-P009-07,NET-C009,2026-07-28,USD,5771.16,INV-300908,BANK-3-009-07,CURRENCY_TOLERANCE
NETSUITE_SIM,NET-P009-08,NET-C009,2026-07-26,USD,5027.51,INV-300909,BANK-3-009-08,SHORT_PAY_DEDUCTION
NETSUITE_SIM,NET-P009-09,NET-C009,2026-07-25,USD,4599.77,UNKNOWN-REFERENCE,BANK-3-009-09,UNMATCHED_CASH
NETSUITE_SIM,NET-P009-01-DUP,NET-C009,2026-07-30,USD,3491.95,INV-300901,BANK-3-009-01,DUPLICATE_PAYMENT
NETSUITE_SIM,NET-P010-01,NET-C010,2026-07-24,USD,3704.93,INV-301001,BANK-3-010-01,EXACT
NETSUITE_SIM,NET-P010-02,NET-C010,2026-07-16,USD,2280.44,INV-301002,BANK-3-010-02,PARTIAL
NETSUITE_SIM,NET-P010-03,NET-C010,2026-07-28,USD,4495.8,INV-301003,BANK-3-010-03,OVERPAYMENT
NETSUITE_SIM,NET-P010-04,NET-C010,2026-07-20,USD,9250.35,BULK REMIT,BANK-3-010-04,ONE_PAYMENT_MULTI_INVOICE
NETSUITE_SIM,NET-P010-05A,NET-C010,2026-07-27,USD,2247.0,INV-301006,BANK-3-010-05A,MULTI_PAYMENT_ONE_INVOICE
NETSUITE_SIM,NET-P010-05B,NET-C010,2026-07-14,USD,2746.33,INV-301006,BANK-3-010-05B,MULTI_PAYMENT_ONE_INVOICE
NETSUITE_SIM,NET-P010-06,NET-C010,2026-07-16,USD,5108.56,,BANK-3-010-06,MISSING_REMITTANCE
NETSUITE_SIM,NET-P010-07,NET-C010,2026-07-15,USD,5950.48,INV-301008,BANK-3-010-07,CURRENCY_TOLERANCE
NETSUITE_SIM,NET-P010-08,NET-C010,2026-07-14,USD,5628.73,INV-301009,BANK-3-010-08,SHORT_PAY_DEDUCTION
NETSUITE_SIM,NET-P010-09,NET-C010,2026-07-17,USD,4861.14,UNKNOWN-REFERENCE,BANK-3-010-09,UNMATCHED_CASH
NETSUITE_SIM,NET-P011-01,NET-C011,2026-07-28,USD,3796.48,INV-301101,BANK-3-011-01,EXACT
NETSUITE_SIM,NET-P011-02,NET-C011,2026-07-16,USD,2624.24,INV-301102,BANK-3-011-02,PARTIAL
NETSUITE_SIM,NET-P011-03,NET-C011,2026-07-30,USD,4317.7,INV-301103,BANK-3-011-03,OVERPAYMENT
NETSUITE_SIM,NET-P011-04,NET-C011,2026-07-24,USD,8909.25,BULK REMIT,BANK-3-011-04,ONE_PAYMENT_MULTI_INVOICE
NETSUITE_SIM,NET-P011-05A,NET-C011,2026-07-15,USD,2315.4,INV-301106,BANK-3-011-05A,MULTI_PAYMENT_ONE_INVOICE
NETSUITE_SIM,NET-P011-05B,NET-C011,2026-07-25,USD,2829.94,INV-301106,BANK-3-011-05B,MULTI_PAYMENT_ONE_INVOICE
NETSUITE_SIM,NET-P011-06,NET-C011,2026-07-15,USD,4956.32,,BANK-3-011-06,MISSING_REMITTANCE
NETSUITE_SIM,NET-P011-07,NET-C011,2026-07-21,USD,5976.46,INV-301108,BANK-3-011-07,CURRENCY_TOLERANCE
NETSUITE_SIM,NET-P011-08,NET-C011,2026-07-27,USD,5154.75,INV-301109,BANK-3-011-08,SHORT_PAY_DEDUCTION
NETSUITE_SIM,NET-P011-09,NET-C011,2026-07-30,USD,4800.42,UNKNOWN-REFERENCE,BANK-3-011-09,UNMATCHED_CASH
NETSUITE_SIM,NET-P012-01,NET-C012,2026-07-14,USD,4138.47,INV-301201,BANK-3-012-01,EXACT
NETSUITE_SIM,NET-P012-02,NET-C012,2026-07-23,USD,2539.58,INV-301202,BANK-3-012-02,PARTIAL
NETSUITE_SIM,NET-P012-03,NET-C012,2026-07-27,USD,4207.75,INV-301203,BANK-3-012-03,OVERPAYMENT
NETSUITE_SIM,NET-P012-04,NET-C012,2026-07-13,USD,9402.13,BULK REMIT,BANK-3-012-04,ONE_PAYMENT_MULTI_INVOICE
NETSUITE_SIM,NET-P012-05A,NET-C012,2026-07-13,USD,2395.43,INV-301206,BANK-3-012-05A,MULTI_PAYMENT_ONE_INVOICE
NETSUITE_SIM,NET-P012-05B,NET-C012,2026-07-20,USD,2927.74,INV-301206,BANK-3-012-05B,MULTI_PAYMENT_ONE_INVOICE
NETSUITE_SIM,NET-P012-06,NET-C012,2026-07-29,USD,5361.19,,BANK-3-012-06,MISSING_REMITTANCE
NETSUITE_SIM,NET-P012-07,NET-C012,2026-07-19,USD,5791.94,INV-301208,BANK-3-012-07,CURRENCY_TOLERANCE
NETSUITE_SIM,NET-P012-08,NET-C012,2026-07-24,USD,5395.66,INV-301209,BANK-3-012-08,SHORT_PAY_DEDUCTION
NETSUITE_SIM,NET-P012-09,NET-C012,2026-07-26,USD,4612.77,UNKNOWN-REFERENCE,BANK-3-012-09,UNMATCHED_CASH
NETSUITE_SIM,NET-P012-01-DUP,NET-C012,2026-07-14,USD,4138.47,INV-301201,BANK-3-012-01,DUPLICATE_PAYMENT
NETSUITE_SIM,NET-P013-01,NET-C013,2026-07-15,USD,4214.7,INV-301301,BANK-3-013-01,EXACT
NETSUITE_SIM,NET-P013-02,NET-C013,2026-07-13,USD,2563.76,INV-301302,BANK-3-013-02,PARTIAL
NETSUITE_SIM,NET-P013-03,NET-C013,2026-07-22,USD,4839.87,INV-301303,BANK-3-013-03,OVERPAYMENT
NETSUITE_SIM,NET-P013-04,NET-C013,2026-07-25,USD,10151.55,BULK REMIT,BANK-3-013-04,ONE_PAYMENT_MULTI_INVOICE
NETSUITE_SIM,NET-P013-05A,NET-C013,2026-07-29,USD,2354.69,INV-301306,BANK-3-013-05A,MULTI_PAYMENT_ONE_INVOICE
NETSUITE_SIM,NET-P013-05B,NET-C013,2026-07-26,USD,2877.96,INV-301306,BANK-3-013-05B,MULTI_PAYMENT_ONE_INVOICE
NETSUITE_SIM,NET-P013-06,NET-C013,2026-07-14,USD,5442.14,,BANK-3-013-06,MISSING_REMITTANCE
NETSUITE_SIM,NET-P013-07,NET-C013,2026-07-21,USD,5879.3,INV-301308,BANK-3-013-07,CURRENCY_TOLERANCE
NETSUITE_SIM,NET-P013-08,NET-C013,2026-07-28,USD,5917.77,INV-301309,BANK-3-013-08,SHORT_PAY_DEDUCTION
NETSUITE_SIM,NET-P013-09,NET-C013,2026-07-24,USD,4816.29,UNKNOWN-REFERENCE,BANK-3-013-09,UNMATCHED_CASH
NETSUITE_SIM,NET-P014-01,NET-C014,2026-07-16,USD,4203.68,INV-301401,BANK-3-014-01,EXACT
NETSUITE_SIM,NET-P014-02,NET-C014,2026-07-15,USD,2586.49,INV-301402,BANK-3-014-02,PARTIAL
NETSUITE_SIM,NET-P014-03,NET-C014,2026-07-23,USD,4979.32,INV-301403,BANK-3-014-03,OVERPAYMENT
NETSUITE_SIM,NET-P014-04,NET-C014,2026-07-21,USD,10168.95,BULK REMIT,BANK-3-014-04,ONE_PAYMENT_MULTI_INVOICE
NETSUITE_SIM,NET-P014-05A,NET-C014,2026-07-16,USD,2487.24,INV-301406,BANK-3-014-05A,MULTI_PAYMENT_ONE_INVOICE
NETSUITE_SIM,NET-P014-05B,NET-C014,2026-07-15,USD,3039.96,INV-301406,BANK-3-014-05B,MULTI_PAYMENT_ONE_INVOICE
NETSUITE_SIM,NET-P014-06,NET-C014,2026-07-25,USD,5773.86,,BANK-3-014-06,MISSING_REMITTANCE
NETSUITE_SIM,NET-P014-07,NET-C014,2026-07-24,USD,6619.15,INV-301408,BANK-3-014-07,CURRENCY_TOLERANCE
NETSUITE_SIM,NET-P014-08,NET-C014,2026-07-20,USD,5560.57,INV-301409,BANK-3-014-08,SHORT_PAY_DEDUCTION
NETSUITE_SIM,NET-P014-09,NET-C014,2026-07-25,USD,5332.82,UNKNOWN-REFERENCE,BANK-3-014-09,UNMATCHED_CASH
NETSUITE_SIM,NET-P015-01,NET-C015,2026-07-23,USD,4443.63,INV-301501,BANK-3-015-01,EXACT
NETSUITE_SIM,NET-P015-02,NET-C015,2026-07-19,USD,2634.31,INV-301502,BANK-3-015-02,PARTIAL
NETSUITE_SIM,NET-P015-03,NET-C015,2026-07-29,USD,5152.94,INV-301503,BANK-3-015-03,OVERPAYMENT
NETSUITE_SIM,NET-P015-04,NET-C015,2026-07-14,USD,10585.9,BULK REMIT,BANK-3-015-04,ONE_PAYMENT_MULTI_INVOICE
NETSUITE_SIM,NET-P015-05A,NET-C015,2026-07-27,USD,2453.67,INV-301506,BANK-3-015-05A,MULTI_PAYMENT_ONE_INVOICE
NETSUITE_SIM,NET-P015-05B,NET-C015,2026-07-21,USD,2998.93,INV-301506,BANK-3-015-05B,MULTI_PAYMENT_ONE_INVOICE
NETSUITE_SIM,NET-P015-06,NET-C015,2026-07-13,USD,5956.87,,BANK-3-015-06,MISSING_REMITTANCE
NETSUITE_SIM,NET-P015-07,NET-C015,2026-07-18,USD,6485.86,INV-301508,BANK-3-015-07,CURRENCY_TOLERANCE
NETSUITE_SIM,NET-P015-08,NET-C015,2026-07-25,USD,5966.58,INV-301509,BANK-3-015-08,SHORT_PAY_DEDUCTION
NETSUITE_SIM,NET-P015-09,NET-C015,2026-07-17,USD,5405.99,UNKNOWN-REFERENCE,BANK-3-015-09,UNMATCHED_CASH
NETSUITE_SIM,NET-P015-01-DUP,NET-C015,2026-07-23,USD,4443.63,INV-301501,BANK-3-015-01,DUPLICATE_PAYMENT
NETSUITE_SIM,NET-P016-01,NET-C016,2026-07-13,USD,4376.45,INV-301601,BANK-3-016-01,EXACT
NETSUITE_SIM,NET-P016-02,NET-C016,2026-07-26,USD,2903.03,INV-301602,BANK-3-016-02,PARTIAL
NETSUITE_SIM,NET-P016-03,NET-C016,2026-07-25,USD,4756.19,INV-301603,BANK-3-016-03,OVERPAYMENT
NETSUITE_SIM,NET-P016-04,NET-C016,2026-07-27,USD,10756.96,BULK REMIT,BANK-3-016-04,ONE_PAYMENT_MULTI_INVOICE
NETSUITE_SIM,NET-P016-05A,NET-C016,2026-07-30,USD,2651.8,INV-301606,BANK-3-016-05A,MULTI_PAYMENT_ONE_INVOICE
NETSUITE_SIM,NET-P016-05B,NET-C016,2026-07-30,USD,3241.1,INV-301606,BANK-3-016-05B,MULTI_PAYMENT_ONE_INVOICE
NETSUITE_SIM,NET-P016-06,NET-C016,2026-07-13,USD,5641.47,,BANK-3-016-06,MISSING_REMITTANCE
NETSUITE_SIM,NET-P016-07,NET-C016,2026-07-29,USD,6741.0,INV-301608,BANK-3-016-07,CURRENCY_TOLERANCE
NETSUITE_SIM,NET-P016-08,NET-C016,2026-07-16,USD,6011.54,INV-301609,BANK-3-016-08,SHORT_PAY_DEDUCTION
NETSUITE_SIM,NET-P016-09,NET-C016,2026-07-15,USD,5512.62,UNKNOWN-REFERENCE,BANK-3-016-09,UNMATCHED_CASH
NETSUITE_SIM,NET-P017-01,NET-C017,2026-07-14,USD,4963.91,INV-301701,BANK-3-017-01,EXACT
NETSUITE_SIM,NET-P017-02,NET-C017,2026-07-23,USD,2772.3,INV-301702,BANK-3-017-02,PARTIAL
NETSUITE_SIM,NET-P017-03,NET-C017,2026-07-22,USD,5366.37,INV-301703,BANK-3-017-03,OVERPAYMENT
NETSUITE_SIM,NET-P017-04,NET-C017,2026-07-24,USD,10704.84,BULK REMIT,BANK-3-017-04,ONE_PAYMENT_MULTI_INVOICE
NETSUITE_SIM,NET-P017-05A,NET-C017,2026-07-19,USD,2644.1,INV-301706,BANK-3-017-05A,MULTI_PAYMENT_ONE_INVOICE
NETSUITE_SIM,NET-P017-05B,NET-C017,2026-07-19,USD,3231.67,INV-301706,BANK-3-017-05B,MULTI_PAYMENT_ONE_INVOICE
NETSUITE_SIM,NET-P017-06,NET-C017,2026-07-15,USD,6199.47,,BANK-3-017-06,MISSING_REMITTANCE
NETSUITE_SIM,NET-P017-07,NET-C017,2026-07-21,USD,6817.65,INV-301708,BANK-3-017-07,CURRENCY_TOLERANCE
NETSUITE_SIM,NET-P017-08,NET-C017,2026-07-20,USD,6025.85,INV-301709,BANK-3-017-08,SHORT_PAY_DEDUCTION
NETSUITE_SIM,NET-P017-09,NET-C017,2026-07-20,USD,5388.6,UNKNOWN-REFERENCE,BANK-3-017-09,UNMATCHED_CASH
NETSUITE_SIM,NET-P018-01,NET-C018,2026-07-29,USD,5098.04,INV-301801,BANK-3-018-01,EXACT
NETSUITE_SIM,NET-P018-02,NET-C018,2026-07-13,USD,3185.95,INV-301802,BANK-3-018-02,PARTIAL
NETSUITE_SIM,NET-P018-03,NET-C018,2026-07-17,USD,5099.2,INV-301803,BANK-3-018-03,OVERPAYMENT
NETSUITE_SIM,NET-P018-04,NET-C018,2026-07-21,USD,11126.34,BULK REMIT,BANK-3-018-04,ONE_PAYMENT_MULTI_INVOICE
NETSUITE_SIM,NET-P018-05A,NET-C018,2026-07-22,USD,2787.02,INV-301806,BANK-3-018-05A,MULTI_PAYMENT_ONE_INVOICE
NETSUITE_SIM,NET-P018-05B,NET-C018,2026-07-24,USD,3406.36,INV-301806,BANK-3-018-05B,MULTI_PAYMENT_ONE_INVOICE
NETSUITE_SIM,NET-P018-06,NET-C018,2026-07-25,USD,6347.67,,BANK-3-018-06,MISSING_REMITTANCE
NETSUITE_SIM,NET-P018-07,NET-C018,2026-07-17,USD,6979.08,INV-301808,BANK-3-018-07,CURRENCY_TOLERANCE
NETSUITE_SIM,NET-P018-08,NET-C018,2026-07-19,USD,6424.21,INV-301809,BANK-3-018-08,SHORT_PAY_DEDUCTION
NETSUITE_SIM,NET-P018-09,NET-C018,2026-07-29,USD,5652.18,UNKNOWN-REFERENCE,BANK-3-018-09,UNMATCHED_CASH
NETSUITE_SIM,NET-P018-01-DUP,NET-C018,2026-07-29,USD,5098.04,INV-301801,BANK-3-018-01,DUPLICATE_PAYMENT
